store_id,uptime_last_hour,downtime_last_hour,uptime_last_day,downtime_last_day,uptime_last_week,downtime_last_week
f6e4d870-a273-49cf-be4d-1bf529e26ff3,24.285481516666668,35.71451848333333,15.920294990833334,0.0,441.9525268425001,0.0
7fa112c6-fd3a-4ff6-aadb-4b55f2e74048,36.40506593333334,23.594934066666664,16.321467223611112,0.0,443.61748922249996,0.0
273c2570-da54-4526-ab33-175e4d7a1609,23.80619396666667,36.19380603333333,15.904737218055555,0.0,441.88962143333333,0.0
bad3c0e6-ad67-40b4-aca8-ce1046b25d68,5.072111433333333,54.92788856666667,12.155510378055554,1.8278229552777783,369.4824946569445,0.0
0df89218-fde7-4fc6-83da-1c2fc7b480a0,34.685170283333335,25.31482971666667,16.26474485027778,0.0,421.53528633555555,0.0
1e9bbb65-4c00-4f13-80d4-4f93b7ade7fd,41.07044501666667,18.929554983333333,10.472232033055556,0.027767966944443792,339.2098435836111,0.0
835d6a6d-5de1-4cd2-945f-4a5d62c7bb20,18.11842385,41.88157615,15.716499994166668,0.0,441.1064953075001,0.0
652917e6-645f-4af4-b52e-13ce1bccdbc9,0.0,0.0,0.0,0.0,0.0,0.0
19d54cc6-cad3-4afe-8078-99bbdef99d26,0.0,0.0,0.0,0.0,0.0,0.0
d426c21e-2b3c-4523-9bea-c47dceb93932,27.411369383333334,32.58863061666667,10.022556513333333,0.4774434866666666,339.3428042447222,0.0
92bf8627-199f-4a22-8f9a-88d64fb9be4b,0.0,0.0,0.0,0.0,0.0,0.0
53c97a31-dd61-4db3-a847-006e66da7881,0.0,0.0,0.0,0.0,0.0,0.0
434429c4-97e6-43a5-804f-c7821beb6e83,33.25470913333333,26.745290866666668,16.233999672499998,0.0,434.1750661644444,0.0
442ec7cc-3be2-40d7-b29e-80ce804771f4,35.440131566666665,24.559868433333335,16.289083077222223,0.0,443.48800611999997,0.0
07398401-da5a-4a44-bf09-16d0d43b3883,0.0,0.0,0.0,0.0,0.0,0.0
cbd51f2a-e843-4aad-81e1-3f6480c701f1,33.69482435,26.305175650000002,16.231406077222225,0.0,443.24568770055566,0.0
5092a34d-282c-48e6-9391-9ec0a13fd4c4,6.121340399999999,53.8786596,6.0890701613888885,4.4109298386111115,266.3115816080555,0.0
6b4f656b-3c1d-43d5-a3da-dd6e80eb6733,0.0,0.0,0.0,0.0,0.0,0.0
a869381b-f99f-4134-a95d-aeb252a707a9,21.727331333333332,38.27266866666667,15.85231120027778,0.0,441.631600501389,0.0
9543c361-0f93-4913-b20e-dce69937b475,0.0,0.0,0.0,0.0,0.0,0.0
867fd2b2-ea99-4978-875b-8e47439981fc,32.14149018333333,27.858509816666665,10.526501330555556,0.0,272.5706183125,0.0
f4e032e1-f494-4ebd-ba69-3c118a587efe,0.0,0.0,0.0,0.0,0.0,0.0
dba248bf-5da2-4a15-b210-68dd0fea085e,0.0,0.0,0.0,0.0,0.0,0.0
9bdcceec-9de9-4885-a407-3d4a3ac76a9d,0.0,0.0,0.0,0.0,0.0,0.0
a9fd3d14-49f9-4829-aa35-f43058273e2a,0.0,0.0,0.0,0.0,0.0,0.0
01dd1a67-9582-4c07-9c47-22990be20152,22.394258516666664,37.60574148333333,9.856920526944444,0.6430794730555559,338.5658293227777,0.0
f91272e9-f302-484e-a347-01726fe8ed98,0.0,0.0,0.0,0.0,0.0,0.0
54a4d6db-6e8c-4f8b-b37d-bcdc7cfbf850,22.322747333333332,37.67725266666666,11.855127815555557,1.144872184444444,367.5424974711111,0.0
a94e93ac-a4eb-4efb-a79e-0176af88cc1a,28.42191048333333,31.57808951666667,16.07360665611111,0.0,442.5239060011111,0.0
0546fd35-fb37-4527-97da-072a5c414bfa,25.11966258333333,34.88033741666666,11.945967180277778,1.0540328197222213,367.9284156205556,0.0
d25ebc4b-8024-4292-bd18-ed05d66cbfb9,33.11780233333334,26.882197666666666,16.229482443333335,0.0,443.1535816994445,0.0
6f450746-b8e9-4771-8687-e38333990030,0.0,0.0,0.0,0.0,0.0,0.0
b0638033-12bd-4a5d-9d2c-fa1fa78b6490,28.8634466,31.1365534,16.088200628055557,0.0,442.5694211336112,0.0
5b80881a-d126-4923-976e-a1ba64ac99ae,21.80151725,38.198482750000004,15.855009595555556,0.0,450.617908606389,0.0
601e5f42-f913-4a97-a561-c6ea8437c903,0.0,0.0,0.0,0.0,0.0,0.0
805418a4-3f52-4cbc-89be-571708e06a03,5.5775639,54.4224361,6.08001221,4.41998779,248.8408150102778,0.0
3a02139a-8a00-4aba-9320-bea6ca5b9f86,0.0,0.0,0.0,0.0,0.0,0.0
c3a922ce-4d09-4504-a427-13c721a64e17,42.59377345,17.406226549999996,11.400045813611113,0.0,301.2995611375,0.0
834a2b88-eea2-460d-9cd0-5e177c967f2e,33.2891456,26.710854400000002,16.23505496888889,0.0,443.1862333122222,0.0
c9e98ad7-0d7c-411f-ab47-a7198c06566c,0.0,0.0,0.0,0.0,0.0,0.0
61e0646a-3c5a-4724-b223-b0ab7ff6fba1,0.0,0.0,0.0,0.0,0.0,0.0
79eb22f0-cad2-4f5a-905d-6343d6ff430f,29.127432483333333,30.872567516666667,16.096914817777776,0.0,430.6261464061112,0.0
6b557106-3542-422f-b175-4134b532d83c,0.0,0.0,0.0,0.0,0.0,0.0
a7acb6ac-60e9-400b-8223-c8f9d5fe34c5,0.0,0.0,0.0,0.0,0.0,0.0
e4387415-9b0c-4cee-8a6a-0ce1a18c905d,0.0,0.0,0.0,0.0,0.0,0.0
0fa45136-e56d-4896-94ef-fc09a7060d0b,0.0,0.0,0.0,0.0,0.0,0.0
a4db7589-6b17-4c9b-80c5-fa27de6e37a1,7.442761733333333,52.557238266666666,12.194887591944445,1.7884457413888877,369.60484523861106,0.0
3ec674db-53b8-4eb0-92e8-6298000ad36f,0.0,0.0,0.0,0.0,0.0,0.0
9e0dac02-e2cf-48bd-9b4e-3b0ed1901b54,28.097192399999997,31.902807600000003,16.062379223055558,0.0,442.4820575602778,0.0
ca539367-e7e0-4eb3-a265-6d4f1df4540b,0.0,0.0,0.0,0.0,0.0,0.0
8516cfd9-ee30-472c-9781-abde423f82cc,0.0,0.0,0.0,0.0,0.0,0.0
0e37292a-b330-471c-b767-23a797910113,0.0,0.0,0.0,0.0,0.0,0.0
1ab13657-6cce-475f-be32-0b358db955c1,25.624165249999997,34.375834749999996,9.96264259,0.5373574100000001,337.0943277852778,0.0
258f7955-cab5-4a3b-9a9a-2b8c31e930e6,28.16724586666667,31.83275413333333,16.064545599166667,0.0,442.4646910558334,0.0
de867d2f-2e16-46fd-a669-c21d23b34304,15.94864065,44.05135935,15.645204081666666,0.0,440.8129168961111,0.0
6a7a87aa-ddb0-4b23-ad99-d07cb7009b30,0.0,0.0,0.0,0.0,0.0,0.0
3f86b349-0f61-4939-9abc-a3eddefd5ba9,29.674850833333334,30.325149166666666,16.098304177499998,0.0,442.68985897194455,0.0
e9d22f1f-8e63-4a1e-89c3-b3fa750d0db4,20.555549499999998,39.4444505,9.797852170277777,0.7021478297222227,336.33048013222225,0.0
e99b0f6a-5786-46d6-8f27-d74238f55f1a,0.0,0.0,0.0,0.0,0.0,0.0
6668486d-dae3-4fa1-91ab-4cebab5cd3d9,8.522419016666667,51.47758098333334,12.213259751944442,1.2864624702777796,354.19568348055566,0.0
ed498869-f310-4ee0-841b-2f686f9e3cc2,0.0,0.0,0.0,0.0,0.0,0.0
37dda59b-798d-438d-ad4d-8c342b768b55,0.0,0.0,0.0,0.0,0.0,0.0
fdbe1c88-86bd-4b91-b3d2-7b2d61cb4aa4,0.0,0.0,0.0,0.0,0.0,0.0
0cb45c6f-6516-4e1a-8e28-9a3afef3f7c5,6.15588025,53.84411975,6.089624877777777,4.410375122222223,248.8503058258333,0.0
362d488c-3b75-40f5-8c19-1d155e645867,36.67566421666667,23.32433578333333,16.330036254444448,0.0,443.6612928494445,0.0
28558ff2-8599-41f9-a622-0b86487fceef,5.3041341,54.695865899999994,12.159333270277779,1.824000063055555,369.48953790944444,0.0
d7597b54-4eae-4ffb-9e96-c41d18089a9a,21.5818397,38.4181603,15.846858403055556,0.0,441.60392978861114,0.0
ac08d911-6f3f-4e7b-8fbc-0be3e931f4df,0.0,0.0,0.0,0.0,0.0,0.0
3f2376e6-5111-4d12-9865-54af77e19d26,10.352922766666667,49.647077233333334,9.460466400833333,1.0395335991666677,334.9886767052778,0.0
bfd250f9-670b-44f1-a835-9f83235b4e9e,0.0,0.0,0.0,0.0,0.0,0.0
f9014e07-d4c9-4ae5-b4e8-39a62c7a7798,0.0,0.0,0.0,0.0,0.0,0.0
04158b11-91a0-4c55-b647-aab2c199706e,0.0,0.0,0.0,0.0,0.0,0.0
04dc9f06-c976-4658-8a60-8e3a3fdd2b6e,0.0,0.0,0.0,0.0,0.0,0.0
980516d0-4831-4017-8e64-954da65af488,0.0,0.0,0.0,0.0,0.0,0.0
85169f00-f6f3-4a39-b7b6-0de7ca5bab19,40.74985225,19.250147749999996,12.46179430111111,0.5382056988888891,370.1209597761111,0.0
76e53656-dbbd-4a86-942d-c936dc4a787f,0.0,0.0,0.0,0.0,0.0,0.0
b9423ee8-2b3a-4425-9f7a-21632c89f1fa,25.694753166666665,34.30524683333333,9.963975060277777,0.5360249397222226,339.0990508177777,0.0
0f8e5020-8a7d-49dc-9819-69042c7e2639,20.71548935,39.28451065,15.819469777777778,0.0,441.4863504977779,0.0
b553f261-9d5b-4053-8c04-86c1aa0c4749,0.0,0.0,0.0,0.0,0.0,0.0
d1ad94d4-c1c4-48f1-8d9c-5574f5b19d7d,0.0,0.0,0.0,0.0,0.0,0.0
a301c867-9cfe-41d5-81f5-a3fab06d71ef,0.0,0.0,0.0,0.0,0.0,0.0
f1e6663c-87cc-4d81-8092-360f93b45b91,21.177260349999997,38.82273965,15.833944639722223,0.0,441.5470939444444,0.0
f68cac2a-530d-4c27-a294-d2e7161cc471,22.358431,37.641569,9.855860670833334,0.6441393291666666,338.5677895180555,0.0
0bc0fc3c-1973-4456-bf54-e14e4ae12170,36.201807450000004,23.79819255,12.313091654166666,0.6869083458333343,369.5069237505556,0.0
f3cfc707-4408-49cc-b52f-87dec2eb3178,10.618961233333332,49.38103876666666,12.250054514722223,1.7332788186111105,436.8598680300001,0.0
7ab09e07-efd0-4271-9847-48304acb292b,0.0,0.0,0.0,0.0,0.0,0.0
0059ffee-d90a-4355-afd3-b14e7030d2a5,41.816961066666664,18.183038933333332,16.49793300388889,0.0,444.32880863388897,0.0
11a4d94e-87d9-45fa-9752-fd6ca4b458c9,29.1665977,30.8334023,10.079220776111113,0.4207792238888881,318.5111467063889,0.0
852f90e8-5ca1-4c56-985e-f589405b071b,0.0,0.0,0.0,0.0,0.0,0.0
810faffb-414d-42e8-bd44-f3555925170e,0.0,0.0,0.0,0.0,0.0,0.0
c6e2fed8-d277-45a8-b954-6a8b453c99a9,0.0,0.0,0.0,0.0,0.0,0.0
7197a4c2-1928-4f52-ae85-9a3396aea104,0.0,60.0,0.0,11.166666666666666,0.0,78.16666666666667
b194c9a4-6b94-41bc-96b4-41a12c78ca2d,0.0,0.0,0.0,0.0,0.0,0.0
dad75496-6825-4185-89cc-454c70dbafee,0.0,0.0,0.0,0.0,0.0,0.0
cd948be1-ce0b-4473-bcdc-f5354ca02e1a,18.89729863333333,41.102701366666665,9.74303571972222,0.7569642802777788,338.15244005861115,0.0
94de1229-249b-4e7b-9d50-ccaed3fa0505,0.0,0.0,0.0,0.0,0.0,0.0
63f63775-416c-4286-838f-de443da60e6b,5.899866866666667,54.10013313333333,12.169790734166666,1.8135425991666672,369.51688491305555,0.0
42918db1-ae8c-487a-99fd-bf722fff0b81,20.588058049999997,39.41194195,15.815345762222224,0.0,441.47283492222215,0.0
6f908bd4-52bb-4b05-af67-204ff8ed3779,19.06630308333333,40.93369691666667,9.744614487222222,0.7553855127777772,338.17358728777776,0.0
7fce1b39-f97f-4c70-b7d9-298da5768273,0.0,0.0,0.0,0.0,0.0,0.0
0c898f3b-8275-417b-8a30-e128ec257093,0.0,0.0,0.0,0.0,0.0,0.0
ea6ff992-4058-49e5-8260-394644ccf1a6,0.0,0.0,0.0,0.0,0.0,0.0
dbc2eca2-453e-4c93-9784-e40c3bfd32a2,0.0,0.0,0.0,0.0,0.0,0.0
ee5a7cd0-fde9-488a-9bf1-b0ef00f044f1,5.54623195,54.45376805,9.300184426111112,1.1998155738888878,336.27107364138885,0.0
67b49b6e-85f4-4cbb-8494-394a23a5d0ae,0.0,0.0,0.0,0.0,0.0,0.0
976e28ea-d24a-4027-a3d5-3234f2a4919f,0.0,0.0,0.0,0.0,0.0,0.0
fa47810d-b772-4496-ab36-e9c6719822c5,0.0,0.0,0.0,0.0,0.0,0.0
0ce82081-3638-4a9c-b568-5c59687a4f51,0.0,0.0,0.0,0.0,0.0,0.0
86505fa3-c798-48b6-ac22-e7b2c4a4080c,0.0,0.0,0.0,0.0,0.0,0.0
a9ab292b-2a3b-4ff1-84c2-f7de5a5fae2e,0.0,0.0,0.0,0.0,0.0,0.0
631f7af7-cb50-4201-ba69-bdca2dd346a7,0.0,0.0,0.0,0.0,0.0,0.0
89009ac1-ad8f-4d67-b0e6-535829f5372e,20.65928825,39.34071175,15.817400084444445,0.0,441.47005129361105,0.0
0f2778f5-9b40-4c19-bd93-4dba7761386c,6.086703099999999,53.9132969,6.088797741944444,4.411202258055556,248.84781210666665,0.0
1f7138f3-da2e-4935-9762-f3e063f793f8,28.874690666666666,31.125309333333334,16.089454390833332,0.0,433.5774569083334,0.0
a2e71b56-7126-4aa6-a97b-666390a1f464,28.32078025,31.67921975,16.06992025972222,0.0,442.5003635527778,0.0
21a6a46d-887e-4376-b39b-ca2e57fc0d4a,31.934478883333334,28.065521116666666,16.189796925833335,0.0,443.0022734236112,0.0
50c4de08-33c4-4a73-92d1-c8f31c1bd0e8,40.37599323333333,19.62400676666667,12.190178578333333,0.0,304.20495059472216,0.0
32f1daa8-675f-4730-a0d3-a70923d800ea,0.0,0.0,0.0,0.0,0.0,0.0
5ba0d219-0fa9-4ab4-b724-a2fdc9d8b5cf,33.423562366666665,26.576437633333335,10.219791018055556,0.2802089819444437,340.1667810277778,0.0
02e00fcb-db53-4633-aed6-5e964085d9e3,32.696498016666666,27.303501983333334,16.198190454444443,0.0,443.1016268,0.0
47d552c6-7d55-4c56-9929-06b6311cfade,11.5312974,48.4687026,9.4994340075,1.0005659925000003,335.14757027194446,0.0
ce9fdac5-0559-429b-aedc-6164e68ca6e3,0.0,0.0,0.0,0.0,0.0,0.0
923e818a-0961-4476-a563-247cdf293f2c,9.52211405,50.47788595,6.146221983888888,4.353778016111112,261.4704915272222,0.0
133ac8d8-8516-4407-9fe3-1385959c0d0b,17.8476678,42.152332200000004,6.284679948611111,4.715320051388889,248.37494692055554,0.0
2271d2b0-c008-43cc-8afe-16890092ee30,0.0,0.0,0.0,0.0,0.0,0.0
cfdbbc0e-8500-4f87-82e0-45b86ade3b69,31.151221133333333,28.848778866666667,12.128469772777777,1.8548635605555561,366.75717480944445,0.0
d8735d67-a656-4c12-86bc-760ab9a17bdf,19.523726,40.476274,11.746372523611111,2.2369608097222224,365.1454296324999,0.0
dd4ac022-ce65-4542-a927-d109403b39d0,23.611545433333333,36.38845456666666,16.91339617138889,0.0,679.6990795019445,0.0
7125def2-bb00-4892-bf74-69b476a9e101,7.9817525,52.0182475,6.120038364722222,4.879961635277778,247.211577765,0.0
36a3602e-77ac-4036-988e-5bb3b919ebbe,0.0,0.0,0.0,0.0,0.0,0.0
21db19ac-8cdc-4504-845c-65e4e0a23615,17.991619116666666,42.00838088333333,6.287345048611112,4.712654951388888,248.38514015111107,0.0
9616b8b4-d95c-4bdd-b4f8-89c291c07eb7,0.0,0.0,0.0,0.0,0.0,0.0
d488779c-a0a9-4bc3-8155-00024c3e5035,30.945235316666665,29.054764683333335,12.13947022361111,1.860251998611113,366.7306611861111,0.0
90c7e5ca-6a89-402a-8964-3f4bc36b7a71,0.0,0.0,0.0,0.0,0.0,0.0
2d246d81-e6fe-4072-8a11-9a0652d70ef2,31.351188933333333,28.648811066666667,12.154368654166667,1.8453535680555555,354.79522950527775,0.0
21d3d33c-0e73-44aa-9ffe-575dfc3ee15e,0.0,0.0,0.0,0.0,0.0,0.0
4bf8de12-1ea4-4a03-b2f6-20a38424fee0,10.080329416666666,49.91967058333333,6.1551111530555564,4.8448888469444436,244.45679781527775,0.0
73640a76-1119-4fb1-bff9-aa46b7d68789,24.386487183333333,35.61351281666666,6.394058593333334,4.605941406666666,249.1623086902778,0.0
faab0eb8-287a-4fb1-abe6-9e6527bc646e,30.83932456666667,29.16067543333333,11.135151569722222,1.8648484302777777,346.71558024972217,0.0
49608766-74ef-4b6b-971f-4ac233ed5f1c,8.42412945,51.57587055,11.401042213055556,2.0986800091666655,348.6878067266667,0.0
22530307-f8ae-485e-ba4f-cd2db0267cc1,0.0,0.0,0.0,0.0,0.0,0.0
ea190b07-1172-45ac-a84e-620221859bbc,0.0,0.0,0.0,0.0,0.0,0.0
be9493ba-0406-4779-a056-b4c43e736069,0.0,0.0,0.0,0.0,0.0,0.0
f380b090-0724-43e4-ac52-58abd6bee401,37.64105396666666,22.358946033333336,6.61502315138889,3.8849768486111103,264.8134672322222,0.0
752ffc37-d925-4b2a-ab40-1685ed330d99,34.52378938333333,25.47621061666667,9.756944546388887,1.743055453611113,334.81895778805557,0.0
65b0e5ca-9c10-4237-8e56-84fd0f2c8e3f,7.200337366666667,52.799662633333334,13.356468980000002,0.0,425.15478874583323,0.0
216eabc8-9c35-400e-9ab4-522bf1533041,0.0,0.0,0.0,0.0,0.0,0.0
37faa08e-5901-45fe-bbf5-6c2f8a54c505,0.0,0.0,0.0,0.0,0.0,0.0
221b0203-d331-409b-9e1b-93f14885ded0,32.699881766666664,27.300118233333333,11.030163562777778,1.8031697705555558,343.8285306052778,0.0
79004d94-95e1-4575-8b73-092a364ecf21,0.0,0.0,0.0,0.0,0.0,0.0
e4f519af-1905-4961-a910-caa28145dd60,0.0,0.0,0.0,0.0,0.0,0.0
81fe8f25-2e90-4a1c-9c14-bb40328a7b39,7.5435899,52.4564101,6.1127220675,4.3872779325,244.1570990827778,0.0
3d783c8c-831e-4118-84f3-f7900a637ddb,7.104174016666667,52.89582598333333,11.33571815861111,2.147615174722224,348.4283520472223,0.0
b3f28fa0-3015-402b-8b5e-5259a8413ea3,0.0,0.0,0.0,0.0,0.0,0.0
c2f235ac-f465-44f5-8f55-6dc3ffe2a4dc,36.505914366666666,23.49408563333333,12.321379594444442,1.1783426277777795,352.4716570116667,0.0
163431ef-05e2-490f-b32c-fab9f9b9bcf9,25.26532345,34.734676549999996,11.950663897777776,2.0490583244444456,365.9521125349999,0.0
3840f375-13bf-4a31-b9fe-da7d5476d2fb,30.481110049999998,29.518889950000002,12.123275399722223,1.8764468225,366.6660993733333,0.0
322bcf19-c2c0-4767-ac26-cafda92957e0,4.274286316666666,55.72571368333333,16.775188020555554,0.7248119794444453,512.3151119758332,0.0
1e2c206b-a10a-43c2-a14b-9057a937cad6,0.0,60.0,0.0,9.75,0.0,74.74944444444445
562ebfee-135d-495d-b630-957c97bae730,37.53607591666666,22.463924083333335,12.341095908611113,1.6422374247222211,367.6351570497222,0.0
02dcc084-0b71-4a95-8781-f2e195aeace6,27.606176316666666,32.39382368333334,14.52895598,2.4710440200000003,430.4755469422222,0.0
d7300d49-d0bb-46d3-8ca7-86f4f90bd6da,19.520483683333335,40.47951631666667,17.28117822861111,0.0,508.40605259777783,0.0
012c2916-6822-4202-9cc0-a9a20abe3ec4,0.0,0.0,0.0,0.0,0.0,0.0
51ef1145-c4b2-4175-a0c6-ef3619072d86,0.0,0.0,0.0,0.0,0.0,0.0
7041b005-08cc-4aa1-b668-e7023db27c0d,15.037008633333333,44.962991366666664,10.61651581472222,2.3834841852777795,344.59392992777776,0.0
db452f62-d903-4542-a163-4d8ee7eaef08,29.031605083333332,30.968394916666668,6.471314013611111,4.195352653055556,247.71246265916665,0.0
d7773731-54d9-434a-a187-fd06d62ef270,12.141290083333333,47.85870991666666,6.189495931111111,4.810504068888889,261.7828604038889,0.0
53ba8fc3-8910-402e-aec8-13f3e8f2fb63,26.427397133333333,33.572602866666664,11.988597831388889,2.0111243908333343,366.1068807702777,0.0
cd57be93-08e2-499d-9234-af680801b4e7,0.0,0.0,0.0,0.0,0.0,0.0
022ba325-8587-4897-98ff-7ec3ab2882c1,11.432294083333334,48.56770591666667,6.178142530000001,5.6551908033333325,248.9552280852778,0.0
3e2c5d5f-9529-4252-866d-f0fd81e5ffc5,15.337627366666668,44.662372633333334,6.242879205833333,6.257120794166667,298.51008093222225,0.0
9abe1dd7-a0b5-43e8-a469-012d3fcf14b4,0.0,0.0,0.0,0.0,0.0,0.0
85e63132-bbfe-4090-9a5c-4e6d920517cc,26.270692966666665,33.729307033333335,11.983446106944445,2.0162761152777766,366.0854474733333,0.0
f4d41b91-c1f0-4a4e-b8aa-b92f0a51e7f0,0.0,0.0,0.0,0.0,0.0,0.0
932721bd-7c93-4b83-a9ce-022d2bdecafb,0.0,0.0,0.0,0.0,0.0,0.0
fe7eebc7-4b4d-4a0f-8dbd-633c8f87d703,11.717711666666666,22.970170750000005,6.1830137616666665,1.3169862383333333,236.25139215527776,0.0
afa83e71-2abb-4249-97a3-db0eeb4c6938,10.388424466666667,49.61157553333333,6.160257424166666,4.5064092425,245.49666504444448,0.0
01c792cd-2acb-4dd2-89b3-9f58ee057494,9.571064666666667,50.428935333333335,10.934593178611111,2.5654068213888888,345.38131486416665,0.0
ab39cf54-be48-4f2b-8446-c3d9dcee7927,5.96729125,54.03270875,6.086530288055555,4.413469711944445,236.57504785583333,0.0
e69c44fb-54f0-4813-aed2-db564dff42ed,11.150180666666667,48.849819333333336,10.3206647375,2.512668595833333,340.87951633500006,0.0
4be78071-a877-4933-a748-580eb29a11bc,10.074280616666666,49.92571938333334,6.1551015213888896,4.8448984786111104,247.44541798027777,0.0
74bec779-d2a8-49d2-bac3-15c16d619ad6,0.0,0.0,0.0,0.0,0.0,0.0
91a7d88b-b206-4556-b01e-5abbdff4c68b,29.690790316666668,30.309209683333332,12.09598432666667,1.9037378955555526,366.5459031041667,0.0
506ecefa-d562-4ca3-9038-95363443ce7f,19.775007366666667,40.224992633333336,17.28927991861111,0.0,514.4439331363889,0.0
031901e1-53bc-4bf0-a3b3-527b2f192f9f,0.0,0.0,0.0,0.0,0.0,0.0
b594e97d-4fab-4202-94f8-cb54dcd6b5e3,0.0,0.0,0.0,0.0,0.0,0.0
a5b29f8b-1f73-444e-9be6-7896111081e2,0.0,0.0,0.0,0.0,0.0,0.0
e93f9c64-556e-41a1-a062-9702689c16e6,14.138987616666666,45.86101238333333,10.086087465555556,2.4139125344444436,339.0050730377777,0.0
f3eab10f-d668-4d91-949f-940bb6be4bb7,28.766275083333333,31.233724916666667,10.566027507500001,1.9339724924999993,343.0257673055556,0.0
be5fdf3f-d3fa-4c0b-af4c-b2951a91fb45,0.0,60.0,0.0,24.0,0.0,168.0
291cc3dc-6949-4b37-8b7c-06163fad8917,5.3978676,54.602132399999995,6.077162686944444,4.422837313055556,260.9725928072222,0.0
9b299aaa-13d1-4be3-8454-6d49301460cf,0.0,60.0,0.0,12.833333333333334,0.0,89.83333333333333
d7e333bd-a69a-4ae1-82a0-6c92570ef6e9,12.034799999999999,47.9652,11.516052891111112,1.9836693311111109,349.15433176666664,0.0
ea5abb28-d211-4388-b120-9dc7a977b240,0.0,0.0,0.0,0.0,0.0,0.0
5dc35819-148f-403d-b856-f753dd38ea80,9.911387583333333,50.08861241666667,6.1523975294444435,3.8476024705555565,250.9231234611111,0.0
54f92288-a3a6-488a-9a07-b4f30fa85c8a,11.903484216666667,48.09651578333333,6.185546644722222,4.481120021944444,245.67685058694448,0.0
b1cecc14-19ed-4b1f-bbab-5a863443bf6e,34.1008987,25.899101299999998,6.555721009166666,4.444278990833334,247.3179219741667,0.0
cf2ee804-8151-4a1a-966f-642890fb5b7a,32.73141198333333,27.26858801666667,12.933235491666668,0.0,331.24905477694455,0.0
cdc83b31-a7b9-410b-8bca-5272806a85ac,15.134461983333333,44.86553801666666,6.239420017222222,4.427246649444444,246.05988720027779,0.0
1646a446-bddb-4539-83cf-2dbb2e3bdee4,0.0,0.0,0.0,0.0,0.0,0.0
d74868cf-0694-4ce4-9dde-c06d1b802594,32.185733066666664,27.814266933333332,12.179524567222224,1.8201976549999987,357.8905699594445,0.0
34bcaaab-8bf2-4a14-9838-6d788ca02f92,0.0,0.0,0.0,0.0,0.0,0.0
86c2f442-c401-44a9-917f-445396421211,29.5898718,30.4101282,12.093072546111111,1.9066496761111114,354.55324156666666,0.0
e34133e5-ac4f-4a3c-9a88-7bf8aeb41fc4,0.0,0.0,0.0,0.0,0.0,0.0
0b86a98a-48b1-4253-aba3-59ee8231a22e,5.511978816666667,54.48802118333333,6.078895719444445,4.421104280555555,243.9063397363889,0.0
4c464ee7-b44f-4296-8398-795ccbd0dd80,26.72643495,33.273565049999995,10.497533457500003,2.0024665424999974,340.7413913877778,0.0
9cbc2d93-ae5a-473e-b529-2d27e73d7e24,29.234870316666665,30.765129683333335,10.581789706666667,1.9182102933333327,343.00105968583335,0.0
e39f1a35-5282-4765-a879-9fe89a0e0404,36.946649683333334,23.05335031666667,10.838781350277776,1.6612186497222239,327.88319584138884,0.0
3a180cde-b4e8-4025-b235-5e5803f529d3,37.21400706666667,22.785992933333333,10.847432305277776,1.652567694722224,342.0770238947223,0.0
c59bc57f-8558-488e-a4db-8bcbe2bad315,0.0,0.0,0.0,0.0,0.0,0.0
44f2ee7c-de36-48aa-88fd-32112e0c5aa7,0.0,60.0,9.894779687777778,2.6052203122222233,339.0298549927778,0.0
16ebc2c6-c798-427a-8a25-73446c9efffe,4.563458566666667,55.43654143333333,6.063340911111112,4.603325755555555,244.7941242547222,0.0
3666af11-a993-4637-bc9f-60305190eb2e,0.0,0.0,0.0,0.0,0.0,0.0
5613e853-a606-4838-a919-4a8879a1759e,30.839210016666666,29.160789983333334,18.134840964166663,0.34849236916667,579.3500951636108,0.0
5c0e57b0-034b-4c74-a8ad-f0d736278be1,0.0,0.0,0.0,0.0,0.0,0.0
1a31b915-8512-4550-8e82-a95565523de4,29.4700849,30.5299151,12.072479768611112,1.9108535647222218,366.50534681249997,0.0
e43f2dd9-9457-4b1f-8e39-80307e5c8b6b,30.74091875,29.25908125,9.631549160833332,1.8684508391666672,334.30421796666667,0.0
994f282b-c47d-4c20-b4d4-a57814f70877,0.0,0.0,0.0,0.0,0.0,0.0
979cc8a7-537b-4fc0-ba2f-ec41864f2b53,8.165223450000001,51.83477655,11.387803909722223,1.8619183124999998,348.63981925166667,0.0
3730b844-cfe3-464d-89c7-715fe058d1ae,16.544406066666667,43.45559393333333,10.165812646666666,2.3341873533333333,339.27108465944445,0.0
327c216c-ec27-4ab3-a285-488c05a46faa,0.0,0.0,0.0,0.0,0.0,0.0
82bfbe71-32ad-49f0-8102-e55eb4dd90f8,15.409566516666667,44.59043348333333,10.128818930277777,2.3711810697222226,341.10598409416673,0.0
710aaa0d-7afd-4fde-b529-3a7b875b5759,0.0,0.0,0.0,0.0,0.0,0.0
56a8e369-2ec5-4fff-8351-cd083f3926aa,0.0,0.0,0.0,0.0,0.0,0.0
ce965ce4-4bab-4eb5-97cc-a265d8add032,0.0,0.0,0.0,0.0,0.0,0.0
b9d0fa30-17d7-4427-83c5-95165d3c853f,0.0,0.0,0.0,0.0,0.0,0.0
453ebf84-d452-4829-a2d6-f8da58b8338a,39.0979592,20.9020408,6.6438386125,4.3561613875,267.73989726222226,0.0
0dba82e6-dbab-494f-900f-2bae5c19cbc0,0.0,0.0,0.0,0.0,0.0,0.0
ae5a97a6-969d-4fa6-9ebb-0b4f82ff078a,0.0,0.0,0.0,0.0,0.0,0.0
a89ec26a-e8f4-4ecf-90d2-7a809c166e74,0.0,0.0,0.0,0.0,0.0,0.0
b0aba79a-8970-4b0d-8986-4981ba6fbaf8,17.422173333333333,42.57782666666667,6.277642584166666,4.222357415833334,262.41528678888886,0.0
1a5b2d84-c55f-4ece-aa92-f727dce4a03b,13.272534016666667,46.72746598333333,10.057461391666667,2.4425386083333334,338.88884609861105,0.0
9d801fab-0729-4dde-9dc1-4c6ea48acee1,0.0,0.0,0.0,0.0,0.0,0.0
69af28a9-60b5-494c-8507-e3b936133435,39.130525766666665,20.869474233333335,6.644406949166668,4.355593050833332,237.71966380694448,0.0
6a682e6e-c581-44ab-b297-7a0e1f1ca8e2,0.0,0.0,0.0,0.0,0.0,0.0
05665526-6965-4fec-828d-00237d79ff2d,0.0,0.0,0.0,0.0,0.0,0.0
4b2c6266-cf90-4e8b-8e2b-27b9a3d24bd7,0.0,0.0,0.0,0.0,0.0,0.0
c0a4e372-6b2e-46c3-a119-fff6052d38ee,0.0,60.0,0.0,12.999722222222223,0.0,90.99805555555555
a175f12f-7a45-4172-8811-6e247431f8ad,19.689317516666666,40.31068248333334,10.268780143055556,2.2312198569444446,339.764949335,0.0
532f7bfd-90c2-40db-b67d-4b952ee0d097,32.442625400000004,27.5573746,12.188374813333333,1.811347408888889,366.9288095436111,0.0
94c430bd-cffd-4e3e-863c-99e13dfffb78,31.0155882,28.9844118,12.140675962499998,1.8590462597222237,345.74705534305554,0.0
cdd819ee-875a-48da-b61e-9d32f202ae6e,5.766719266666667,54.23328073333334,6.083122781666667,2.9168772183333336,242.93639491083334,0.0
216f8a7d-7e90-4632-8c4f-c12cdaabe022,0.0,0.0,0.0,0.0,0.0,0.0
cf6c5bf2-1bac-4757-ad45-28e47edfefff,0.0,0.0,0.0,0.0,0.0,0.0
2d9569dc-4ea1-46a4-b8d6-df4ccecdbdd8,13.919798233333333,46.08020176666666,17.096281595277777,0.0,538.6177793830554,0.0
232db7d8-d837-432b-9825-23cacd93c830,0.0,0.0,0.0,0.0,0.0,0.0
de9bbfed-89a7-4e29-9e9f-49a10e374bb9,0.0,0.0,0.0,0.0,0.0,0.0
145f9648-2249-4c03-94fc-dfdc9baff8e7,27.099808283333335,32.90019171666667,10.510468298333334,1.989531701666666,340.7931977672222,0.0
69cc2791-9e45-407b-bb53-9901d4364a8b,8.420407883333333,51.57959211666666,6.129593583611111,4.370406416388889,244.2776846019444,0.0
46ac480c-3dea-4616-aceb-336ee1c3de55,13.935795933333333,46.06420406666667,11.562936625555555,2.4203967077777797,364.3822223588889,0.0
31316151-3821-4ce9-9784-b90001a9437a,7.883077916666666,52.11692208333333,6.1184367505555555,4.3815632494444445,245.76088256888886,0.0
a3a98934-9b16-4b30-aeae-00a29f1ac1df,26.8962506,33.1037494,11.987231220555556,1.9961021127777774,366.1688828744445,0.0
a0c7cfec-e816-460c-9a94-e1477e93e636,17.898289483333333,42.101710516666664,6.285695195,4.714304805,248.39027268361113,0.0
6343585d-a628-41f8-a76a-e32aff8a1da0,0.0,0.0,0.0,0.0,0.0,0.0
8023614d-8f75-4df1-833c-25da04677713,14.9862047,45.0137953,17.13248669388889,0.0,513.7796194208333,0.0
28c400c7-d36b-4960-bccf-6f750a23f8db,17.4237683,42.5762317,10.19475713611111,2.305242863888891,323.3995149216667,0.0
6d8d53ad-5685-4c09-b43a-c55d8562633e,0.0,0.0,0.0,0.0,0.0,0.0
83205a90-51bd-4019-aace-6b61a63142a2,0.0,0.0,0.0,0.0,0.0,0.0
07c9442d-c907-4e2f-abff-acc8cec5d222,0.0,0.0,0.0,0.0,0.0,0.0
b86c20f2-56b1-4f37-a3ee-827449d71650,15.64293805,44.35706195,6.248008501944445,4.418658164722222,246.1267555769444,0.0
f6b268f4-6b76-4bad-9640-044057c8fe51,19.11659471666667,40.88340528333333,17.266222827222222,0.0,380.72263021944445,0.0
5e93e976-0623-4a3d-9cce-72f48cc9c928,34.93071535,25.06928465,12.253935816666667,1.7293975166666657,367.2788780230555,0.0
1632d677-3c7b-4808-93bc-fbdd76ed0eb7,25.081705033333332,34.918294966666664,10.444639166111111,2.055360833888889,340.51328818222225,0.0
e12303fe-4405-4f2c-aefc-97b63b18c848,31.043680516666665,28.956319483333335,12.14513167888889,1.8545905433333327,366.7467021555555,0.0
c9d97090-d7ec-4dd4-a43b-14b569c7f71c,17.45830285,42.54169715,10.195671707777779,2.304328292222221,326.48993490972225,0.0
608bba4e-a0c8-47c3-bb89-0f96e49b73a0,31.489412483333336,28.510587516666664,12.156765349999999,1.8429568722222232,366.7960203133333,0.0
5e6e2242-68c5-473b-9a5e-d6103f772c6f,0.0,0.0,0.0,0.0,0.0,0.0
65c5b29f-d778-4061-8d1d-cad07a7fec28,9.721335966666667,50.278664033333335,6.149328384444444,4.517338282222222,245.4109160875,0.0
6134633d-f736-4301-850f-e381d5217db8,0.0,0.0,0.0,0.0,0.0,0.0
a1ded404-2604-494a-a230-5d26db60b0f7,0.0,0.0,0.0,0.0,0.0,0.0
62335af3-c7cc-4836-b12b-047b624c2a4d,31.242087166666668,28.757912833333332,11.148379388055556,1.851620611944444,361.8213525177778,0.0
85cfb691-0049-4a9c-80bb-012666687120,25.524596416666668,34.47540358333333,6.412587134722221,4.087412865277779,263.3689655211111,0.0
99d45a84-b184-4cde-856a-489abe0b5695,38.25950521666667,21.74049478333333,12.3697268725,1.6136064608333336,367.76220116277784,0.0
ae20e0f7-cd89-4698-af9b-e1727f78353f,40.948533483333335,19.051466516666665,6.668580425555556,3.998086241111111,249.12659563444439,0.0
fab8bdd8-96ff-40a4-85ad-460b91ee9d37,29.738572716666667,30.261427283333333,6.483169747222223,4.016830252777777,246.81605862944443,0.0
2fc20ef5-6582-4d6a-b8fc-f91f188b967b,12.971489583333332,47.02851041666667,6.203374594444445,4.796625405555555,247.80558526944446,0.0
1097ef5c-079f-4ebc-a60e-fb55fbb0f928,0.0,60.0,0.0,23.99972222222222,0.0,167.99805555555557
fe21583b-cdb9-49c6-938e-5b52cb086880,19.87269885,40.12730115,16.292114349444443,0.20788565055555713,507.45708570305555,0.0
9858cbdb-5401-4bf3-99b7-de2431ed2d2d,0.0,0.0,0.0,0.0,0.0,0.0
d7fac1f1-516d-43bd-8b40-901e48f56aee,36.40550823333333,23.59449176666667,6.594288935833334,4.072377730833333,248.5969572463889,0.0
e3e4fd8f-f436-4d64-b2a9-c7aa195b4dad,0.0,0.0,0.0,0.0,0.0,0.0
56fd31d0-8ac9-4f2c-be03-239a24e057ef,0.0,0.0,0.0,0.0,0.0,0.0
d8bd83f0-858a-4732-98b1-e73af7087a51,0.0,0.0,0.0,0.0,0.0,0.0
084c379d-a9a1-47f4-9c44-7783a3d8422c,0.0,0.0,0.0,0.0,0.0,0.0
970fedb0-be4c-412e-aa34-42441bc74ac2,0.0,60.0,0.0,24.0,0.0,168.0
17157999-a535-46b5-86eb-9e2d639736dc,14.696055616666666,45.30394438333334,6.232049243055556,4.767950756944444,74.668132565,2.3318674350000057
68d8cb3a-8cde-4045-b9fd-f5aa81480624,40.7030381,19.296961899999996,11.4324155625,0.0,250.46923698555554,0.0
000bba84-20af-4a8b-b68a-368922cc6ad1,0.0,0.0,0.0,0.0,0.0,0.0
87ac09f9-27fc-4ba5-ba60-c75b94353b4f,36.69324263333333,23.30675736666667,10.163505846666665,1.6698274866666685,337.3597247538889,0.0
55c47108-5ec0-43c1-bda8-892b76d27cbc,20.794300183333334,39.205699816666666,11.804007389166667,2.195714833055556,365.34198435777773,0.0
86849cb0-e483-47db-8730-82395e5d56bf,35.4573634,24.542636599999998,6.578762685555556,3.921237314444445,235.49059604694446,0.0
03a8d396-bb73-431e-b05d-d30f31af22ea,28.70917465,31.29082535,12.06323975611111,1.9364824661111117,366.41459348194445,0.0
f25e766e-8bcf-4890-97f1-17623d815aff,0.0,0.0,0.0,0.0,0.0,0.0
037ece62-20c9-4af6-9c98-5b1f65224237,39.76774155,20.232258450000003,10.932167148888887,1.5678328511111128,342.5473048855556,0.0
456ae975-ed69-4a78-9ec1-52fb15ac5092,34.99674193333333,25.003258066666664,12.255733195555555,1.727600137777778,367.28870373861105,0.0
e49ce4a1-5f5e-4638-9bc6-794d0f1af44c,23.1010152,36.8989848,6.372361799722223,4.627638200277777,248.99889374138886,0.0
c4305e9c-6d75-4eec-8ed3-7832c2fc634f,0.0,0.0,0.0,0.0,0.0,0.0
2bf9713b-7446-4cbb-bd70-70fa377afc5b,36.59113313333333,23.408866866666667,6.5976903049999995,3.9023096950000005,247.6142796863889,0.0
6e58226f-6cf1-4fcf-8c38-e01fce6621a7,42.31861165,17.68138835,11.48731205111111,0.0,295.3625453902778,0.0
2ee399a4-df54-4833-bd59-5e145131b022,0.0,0.0,0.0,0.0,0.0,0.0
6e0a9305-b9b5-4d68-951d-f5d35f6fa96e,0.0,0.0,0.0,0.0,0.0,0.0
fc1b9111-6288-4448-8c56-e475a2eb172a,0.0,0.0,0.0,0.0,0.0,0.0
63fb368b-47e0-4836-adce-355da2b9ff74,20.5912988,39.408701199999996,6.330572373333333,4.169427626666667,262.78686378611116,0.0
af0ebfc2-fbb0-4551-ae6e-e5091f54f94a,4.66461685,55.33538315,6.06475754638889,4.601909120277777,244.79223084749998,0.0
499cdab5-5cbc-4299-8ef6-a1eef2d7caef,31.303996433333335,28.696003566666665,11.150487954166666,1.8495120458333338,349.7777725686111,0.0
d6531357-7042-4b58-b6cf-83c8e5f1ead7,18.62409543333333,41.37590456666667,10.233859123888887,2.2661408761111126,339.5532928577777,0.0
238f2a51-4236-4784-83c5-81075433005a,0.0,0.0,0.0,0.0,0.0,0.0
daa3a275-4a5c-44ad-9494-6b4488a35926,0.0,0.0,0.0,0.0,0.0,0.0
69186013-12f1-4d8e-83d7-ed45c59f30bd,0.0,0.0,0.0,0.0,0.0,0.0
f08435c5-f888-4ac4-b989-d9648d479bc7,0.0,0.0,0.0,0.0,0.0,0.0
4c221b72-6e88-4a82-b6cb-43635119f49e,4.7000270833333335,55.29997291666667,6.065363573333334,4.934636426666666,220.15369446777777,0.0
ca145653-989a-49bc-a571-c950ccad12bd,26.55631311666667,33.443686883333335,6.4310878322222225,4.5689121677777775,246.4349419497222,0.0
d84202cb-ac8e-470b-b17f-ffdfd9979d01,12.8359764,47.1640236,11.526117689444444,2.457215643888889,364.20934431583333,0.0
690daee7-3183-4751-a522-49321a7f980a,5.339936266666667,54.66006373333333,11.276469527222222,2.706863806111111,348.2164870425,0.0
a48af4b9-dab0-4f0e-b12a-734e4f116025,32.49165708333333,27.508342916666667,12.172457197500002,1.8108761358333323,366.9420049930556,0.0
dc413311-1ace-470e-ae13-607316267290,13.883341949999998,46.11665805,17.095077155833334,0.0,513.638959463611,0.0
f5a47d98-3ff7-4729-9f8d-1972c08878bb,32.99747283333333,27.002527166666667,11.039918095,1.7934152383333317,331.8725354625,0.0
5f5d81ef-51d9-429b-8dee-8ce5881b1a5f,0.0,0.0,0.0,0.0,0.0,0.0
b91908ee-4776-4b4e-97f6-a367be458a2b,25.695124883333335,34.30487511666667,10.464396554444443,2.035603445555557,342.52083671722227,0.0
a6524c99-f92b-410c-a23e-8d3097c189c4,0.0,0.0,0.0,0.0,0.0,0.0
0ca52b72-9ac2-45da-8824-78a44e96e3d0,35.96433428333333,24.035665716666667,10.805187197499999,1.6948128025000004,342.01608612361116,0.0
2d4ab455-88eb-45e2-9501-fcc7369c48c7,11.010640433333332,48.989359566666664,6.17079124638889,4.82920875361111,247.57018244555556,0.0
db8f1271-94e4-4661-b1ca-712e51b40458,0.0,60.0,0.0,13.166666666666666,0.0,92.16666666666667
35c36b98-f59a-4ce4-b694-a6a3679bfaad,33.7795498,26.220450200000002,6.550379762222222,1.8714888641666665,222.8214534519445,0.0
71a6dec1-e151-4f1a-9a4a-1b12a6f2aa1a,16.645286483333333,43.35471351666667,10.168964608333333,2.3310353916666666,341.2802345419444,0.0
cefceb19-62c6-48d5-8dee-87017a4edcbe,0.0,0.0,0.0,0.0,0.0,0.0
93e338e7-20df-4f2b-bb67-5a26dc537aca,0.0,0.0,0.0,0.0,0.0,0.0
b6370770-9c60-4059-b70a-d3aa5a2563aa,0.0,0.0,0.0,0.0,0.0,0.0
3ba4c1d4-86c1-4ea6-8a74-395f546bcc6d,0.0,0.0,0.0,0.0,0.0,0.0
f668e619-1951-4619-94e2-422ce9d54c2d,0.0,0.0,0.0,0.0,0.0,0.0
3757be17-5d4d-4dd4-8bdc-a6ddd6ae6fe3,22.34323188333333,37.65676811666667,6.359651639166667,4.3070150275,246.91125421666663,0.0
65a5c465-b371-4893-8a9d-efecf36e24e6,24.971127616666667,35.02887238333333,10.441135715555555,2.058864284444444,340.5009552702777,0.0
154fbc8b-b499-4693-8088-83d7ae3327dc,36.23644388333333,23.76355611666667,10.81454202,1.68545798,321.80005507611105,0.0
e98f7356-f377-4cdd-8e14-38ae5bfdfd9f,36.03250731666667,23.96749268333333,9.807042053333335,1.6929579466666655,335.0311254191667,0.0
007a6957-bf78-4062-9a01-b39641f0c126,4.767484133333334,55.23251586666667,9.77330841888889,2.7266915811111097,337.7200360366667,0.0
0a1d42a2-f6ad-4c6b-9617-375126714502,12.426697483333333,47.573302516666665,3.0947760272222227,9.405223972777778,176.53698788944445,0.0
e19692f1-6e67-4ae6-9663-7fc13478a9cf,27.3522289,32.6477711,6.443373497222222,4.223293169444444,247.5147515975,0.0
09c76f4c-bf56-4af6-b37c-7c4b62d372ac,0.0,0.0,0.0,0.0,0.0,0.0
01b0e90e-4bbb-4bad-a0d0-fa9f4eae8c82,0.0,0.0,0.0,0.0,0.0,0.0
fddb1888-d460-42f4-ba68-2d8c03b2528a,11.6835447,48.3164553,10.337886130555553,2.4954472027777794,340.93787118222224,0.0
ef0f0211-07ff-44f7-9261-0ff1acc6e5db,0.0,0.0,0.0,0.0,0.0,0.0
b4020edf-f4a0-4e45-9259-e440f71c123f,19.624845966666665,40.37515403333334,17.284431379444445,0.0,514.4189254533334,0.0
ce0f24a5-20b5-487d-a103-9f1cede32e0b,28.250834966666666,31.749165033333334,12.049077044444445,1.9506451777777774,366.3568762933333,0.0
525314c1-5383-4d93-aa12-7dbe50448a34,15.765215116666667,44.23478488333333,14.655404491111112,0.0,433.806124036111,0.0
db1817f9-79ed-4c47-b7e6-ca3f0dd80153,0.0,0.0,0.0,0.0,0.0,0.0
49d998cd-3060-47dd-9d2d-5c0714a768ea,0.0,0.0,0.0,0.0,0.0,0.0
31768f67-76c2-4f32-8c87-4f3f4db6d5a0,41.54200178333333,18.45799821666667,10.987748169444446,1.5122518305555543,344.75625827138896,0.0
4ae89bd9-12b7-4bcf-97c7-1d73837140a9,24.216909283333333,35.78309071666667,10.415604753333335,2.0843952466666655,342.39922447722233,0.0
88657d7a-0c3d-435d-bfd5-3a62c2fc8f2e,8.638084283333335,51.361915716666665,9.903659933055557,2.596340066944443,338.25053648138896,0.0
6731792b-e30a-49be-9c18-b87f24088414,16.932289683333334,43.06771031666667,6.269392889444444,4.730607110555556,248.26836275555556,0.0
00e70d3c-7c2a-4633-b779-797f36f77dda,24.01601606666667,35.983983933333334,6.388054344722223,4.611945655277777,249.11383413916667,0.0
50c33321-0e53-4b99-a5ed-8570e9abddb3,0.0,0.0,0.0,0.0,0.0,0.0
28a89212-ddbb-49e0-9e34-0ac94cc4c457,0.0,0.0,0.0,0.0,0.0,0.0
e9e3e068-2bbc-48e2-8ce2-1cd831abbbaa,0.0,60.0,0.0,10.5,0.0,73.5
2a19843b-8c25-4dbc-9ea7-e7796bd939cf,39.00954973333333,20.990450266666667,6.642142651944444,4.357857348055556,249.43432440944443,0.0
5d883bb9-d9ee-4411-9d41-6eecf82d0331,0.0,0.0,0.0,0.0,0.0,0.0
8d301121-ebb3-436f-8f86-f3b6e5022edf,33.119683200000004,26.8803168,10.710476700555557,1.789523299444443,343.6315006413888,0.0
5faf9371-a7ae-417f-8af0-a69568f5e452,9.773465366666667,50.22653463333334,16.951858721388888,0.0,513.1157911941666,0.0
ab340e75-bf5c-438c-858f-7d3739d63a0b,0.0,0.0,0.0,0.0,0.0,0.0
a6917f89-3912-4e92-ad55-cc0769bf421f,0.0,0.0,0.0,0.0,0.0,0.0
ce6a9096-9d57-42ef-9d5d-9791bdf22582,43.08650456666667,16.91349543333333,11.511503532777777,0.0,299.2844511308333,0.0
8fec9030-22f3-45e5-87d8-9004a3a768ac,35.47472916666666,24.525270833333334,6.578774740555556,3.9212252594444443,264.5575564441666,0.0
80328c8d-119b-485c-9de2-2964a40e60c0,0.0,60.0,0.0,11.0,146.3652480297222,0.0
cd02ffc4-aa18-4eba-85d8-bcce3e19ed12,28.9137323,31.0862677,12.071165658333333,1.9285565638888895,366.4391642511111,0.0
294090fb-fad5-45f8-837e-03077e4023e0,0.0,0.0,0.0,0.0,0.0,0.0
09479b10-1fc7-4918-8a4e-6685bbc6eb51,0.0,60.0,0.0,11.5,0.0,80.5
50f680bd-2577-410e-b71d-da0950fe3bd9,7.1653145333333335,52.83468546666666,6.106567074722221,4.893432925277779,247.1009481527778,0.0
b413cef4-0fcb-42ac-adc3-4762a3e574c1,0.0,0.0,0.0,0.0,0.0,0.0
8cbe472f-4744-4cd6-94d7-d311942a38a9,0.0,0.0,0.0,0.0,0.0,0.0
2df9854f-d0b2-4b25-ac6b-b2ff38091744,0.0,0.0,0.0,0.0,0.0,0.0
a920a0e7-c321-4733-9917-50aa8e0de1e8,15.915680233333335,44.08431976666667,3.2274451930555554,7.272554806944445,221.04291839972223,0.0
2f18bc82-a1ec-4a34-a480-5f7747659b0c,20.40035775,39.59964225,17.308880451388887,0.0,514.6047516463889,0.0
e6812f40-c99e-4080-98ff-4eca19427347,20.554497466666664,39.44550253333333,17.313809965833332,0.0,498.6470695941666,0.0
9c9393b7-568e-462a-8c0d-fb32da0009ab,0.0,60.0,0.0,17.983333333333334,0.0,125.88333333333334
c9964902-9f21-4540-b14f-f49dbd03355d,21.301971016666666,38.69802898333333,11.8038843525,2.179448980833333,365.4046230811111,0.0
d162ee2e-a7f0-4cb9-8662-55c8cf2a7ebb,29.382907166666666,30.617092833333334,12.086626459166666,1.9130957630555552,366.5248428394445,0.0
14819fb5-12e8-45f2-b0b1-2f4312fd7a07,14.528689533333333,45.471310466666665,17.1171593975,0.0,513.7155140130556,0.0
8d896ba3-d646-4bb0-b6d3-c8eb677c897e,0.0,0.0,0.0,0.0,0.0,0.0
031543eb-84ff-4d73-a811-b3bb44ac0c79,18.456368716666667,41.543631283333326,6.294969495277778,4.705030504722222,248.44555679027778,0.0
f61a6624-f15e-49aa-85e4-6a5f8c4f0368,0.0,0.0,0.0,0.0,0.0,0.0
6a5c0796-21ec-48b9-885b-a2d081f3aa5c,0.0,0.0,0.0,0.0,0.0,0.0
76cc824d-d863-4e56-b1a7-787afee9ae95,0.0,0.0,0.0,0.0,0.0,0.0
fdfb1960-bb0a-410d-a8f2-a5c8adc0159c,41.27578701666666,18.724212983333338,12.462130814166667,1.5212025191666665,368.1344207697223,0.0
43b6ed87-9b16-46d2-a1e2-756064a012a4,26.287361233333336,33.712638766666664,7.521345010277779,4.978654989722221,339.7191207358333,0.0
b51b7dd7-69bf-4650-8d03-6d6209f47128,0.0,0.0,0.0,0.0,0.0,0.0
3445480d-8907-4abc-ba36-48cf40d0492f,3.9472256833333335,56.052774316666664,10.08049176138889,2.7528415719444435,339.9009459058334,0.0
6af17011-e213-4c50-881f-836f0f0636bc,0.0,0.0,0.0,0.0,0.0,0.0
bb907cc0-85df-473d-96e7-96739d3ee75b,29.771294683333334,30.228705316666666,12.099618689722222,1.9001035324999995,348.57339524527777,0.0
7b5109f2-d697-420b-8e9d-749197bfe660,0.0,0.0,0.0,0.0,0.0,0.0
d4f6acc1-6580-4708-922e-7e5e2e69778b,20.433476516666666,39.566523483333334,6.328053902500001,4.171946097499999,245.67774786194448,0.0
76be18c2-0ced-4c9c-a92b-41b1fada85cc,0.0,0.0,0.0,0.0,0.0,0.0
8f1c018d-1f15-4d11-8937-5a52ad34f541,18.810066749999997,41.189933249999996,23.721746625833333,0.0,686.0267309797223,0.0
1d47bb18-7da5-4d68-a1f0-7cff55bfcc99,7.508718200000001,52.4912818,9.113140816944446,1.8868591830555548,327.7429795247223,0.0
1a49639a-80e1-41aa-849e-a71664488f9f,8.33809865,51.66190135,6.126168698888889,4.873831301111111,247.25202492027776,0.0
ac9d3cf9-553c-4a47-b428-6cd548031965,31.291303550000002,28.708696449999998,9.649420980277776,1.3505790197222227,334.37687483,0.0
363ee67a-a708-4f54-aaf0-8fc3e3b20cd7,11.312652516666667,48.68734748333333,9.99234390638889,2.5076560936111107,383.16775929416673,0.0
b03b700b-df85-429f-908a-14bef3fe0c4c,19.216579133333333,40.78342086666667,6.3077303547222225,4.6922696452777775,248.54822028055554,0.0
dbfd4198-d72b-4840-a8b9-947fdcc2d25a,10.035768916666665,49.96423108333333,9.948526546111111,2.5514734538888884,340.4406814111112,0.0
603bbf6d-15d5-4cdf-8e3f-b770aef6da2b,27.76767365,32.23232635,14.534177471666666,2.4658225283333337,430.49977627472214,0.0
052cf0ff-4f2a-4dff-855a-660c777d2b69,0.0,0.0,0.0,0.0,0.0,0.0
64d8ac85-d7aa-4701-8576-cd84760ed802,0.0,0.0,0.0,0.0,0.0,0.0
eab06b42-cb30-4b0a-90b8-adf59339acb6,17.187253899999998,42.812746100000005,6.27368724111111,3.726312758888889,245.3079975925,0.0
9a04e06f-3e94-4c65-99d1-ba5ed05dd33e,25.045521583333333,34.95447841666667,10.443700748611112,2.056299251388888,340.5062192580555,0.0
0383e8f9-4fe2-4cfa-a4ca-879d6bf62839,18.587108033333333,41.41289196666666,11.716359069166668,2.266974264166666,365.01690014166667,0.0
3715e391-8778-4453-b687-2893894e29d8,13.41096975,46.58903024999999,6.2106783411111115,5.2893216588888885,247.8566009758333,0.0
866b5527-d978-4de2-982a-811e25295836,21.818791283333333,38.18120871666667,6.350909372500001,4.649090627499999,248.85611139805556,0.0
26a0dce4-0264-4a5f-b6e5-6a5697f9110f,0.0,60.0,0.0,23.99972222222222,0.0,167.99805555555557
d5a4e4e8-acab-4829-8b02-59b89703ee52,0.0,0.0,0.0,0.0,0.0,0.0
5f7f2a81-e30a-43b8-b01b-3c875a6b7553,36.302221716666665,23.69777828333333,6.592896185277778,4.073770481388889,239.58828983416663,0.0
8ffbcb90-9963-49f5-bc5c-ee03b1429871,0.0,0.0,0.0,0.0,0.0,0.0
91b6852a-6fab-4b64-a37a-5c57f57dc9a3,0.0,0.0,0.0,0.0,0.0,0.0
0d126a39-f3d5-4066-9fe5-9ba30f666f7f,0.0,0.0,0.0,0.0,0.0,0.0
babb7986-2c15-4859-994e-336440cfc146,0.0,0.0,0.0,0.0,0.0,0.0
22012df2-2a60-41de-94c4-7a6637325360,33.59346155,26.406538450000003,6.547292923333332,3.952707076666668,247.26172596444442,0.0
e496f3e3-9cb1-42c2-a175-a52ddda39e02,3.8336023833333335,56.16639761666667,11.226392391666666,2.756940941666667,362.99398825722216,0.0
6e02c724-f241-4b46-97c6-e3f63ab1fd9c,14.986330616666667,45.01366938333333,6.236886849166666,5.263113150833334,265.12455863722226,0.0
4e34b02b-57f3-4491-91f0-ad41f646aa65,0.0,0.0,0.0,0.0,0.0,0.0
8a659e9a-a6c1-4291-927b-4524aa1a0dab,11.76103095,48.23896905,11.490969906111111,2.492363427222222,364.0854339619444,0.0
9bec06df-8aa0-45c7-92b4-b4f72cdadb46,39.12898823333333,20.871011766666665,13.406423637222224,0.0,330.7898724852778,0.0
da7f3cd9-437e-42ba-969b-4b724eca5c29,32.256075216666666,27.743924783333334,11.181590098888888,1.8184099011111114,334.92350202750004,0.0
fdc0fcf2-b733-404d-9743-6c98b326f44e,35.75888921666667,24.241110783333337,10.131799753333334,1.7015335799999998,337.220771155,0.0
327b317c-95e6-41d4-aed4-8aab4b365ef2,23.604106416666664,36.39589358333333,6.3810825975,4.6189174025,249.06097108027774,0.0
3107eb43-86c2-4c6c-8567-b5f6d0cf275f,32.01921046666667,27.980789533333333,12.157008752777777,1.8263245805555561,366.8723978211111,0.0
8495b9a9-6cf2-44f9-a4fd-cb6235c023a9,39.6024356,20.397564400000004,9.928524274444444,1.571475725555556,338.52599336555556,0.0
59c93b25-59c9-44cd-a72b-79b5d20632a5,0.0,60.0,0.0,24.0,0.0,168.0
5dcee5c6-898c-429b-9fcf-c7b55a1fd5ee,37.08192291666667,22.918077083333333,10.843217062499999,1.656782937500001,342.07583450361113,0.0
9262cd88-3925-435d-8c08-be3eaaba2e5e,14.275669183333333,45.724330816666665,12.242244698333334,4.757755301666667,513.6874184452777,0.0
715df42a-7d41-405e-8f57-842c2ccbae4e,0.0,60.0,0.0,11.0,0.0,77.0
d73af6b1-52bb-402e-813d-c7232ebc3253,0.0,0.0,0.0,0.0,0.0,0.0
8d830f10-8709-4140-8fd7-a95dd513c63c,0.0,0.0,0.0,0.0,0.0,0.0
f31b405c-70a2-4ae4-80f5-19e81af6219a,0.0,0.0,0.0,0.0,0.0,0.0
1a461a89-ef0f-44bd-8f6d-2004df9ca2c8,0.0,0.0,0.0,0.0,0.0,0.0
6a4bd60c-0c83-4c9d-b66e-9dbffabe564a,23.240242716666668,36.75975728333333,11.867415272777778,2.1159180605555554,365.6641164691667,0.0
9b7f2e9f-e037-4c25-a6ee-05ea866dcc54,35.372450449999995,24.627549550000005,15.303695732499998,0.0,436.5559202794445,0.0
45e2e0ab-26f8-4622-a02f-0b71c87a319c,33.22343263333333,26.776567366666665,11.180108178333333,0.0,297.9585471372222,0.0
d94b1bf1-1a4b-4929-bde9-9f5805aa832f,8.881289650000001,51.11871035,11.39471421611111,2.5886191172222244,348.70165780111114,0.0
5772e2bd-71ea-42df-ab58-9c7697069c73,11.082731783333333,48.91726821666667,9.9837858375,2.5162141625000003,338.5893670083333,0.0
d9e50697-f282-4b8a-832c-7f991918967e,31.8452598,28.1547402,12.151650047222223,1.3316832861111108,351.83796387583334,0.0
984cdab9-8098-4517-b97c-317849725b72,24.6683888,35.3316112,10.431297895555554,2.0687021044444456,308.4699143166667,0.0
58636388-caa0-4990-8e83-b5b98e627154,0.0,0.0,0.0,0.0,0.0,0.0
e1bbf7c1-9472-4f8f-9b1c-28702a3ba9fd,31.898305116666666,28.101694883333334,11.169434613611111,1.8305653863888882,334.8839842969445,0.0
80d81c52-1fd2-4254-8419-d5a42457998e,10.659528683333333,49.340471316666665,15.027076524444446,0.0,433.6581031400001,0.0
c1c855ef-86d6-4032-a2e5-7f191786352b,0.0,0.0,0.0,0.0,0.0,0.0
c6d9d69f-d45a-48e9-982a-87d04e073cc9,0.0,0.0,0.0,0.0,0.0,0.0
78e287c6-e5c9-4d7f-9887-a17f0437d6e7,0.0,0.0,0.0,0.0,0.0,0.0
8bcc4d8d-e046-4b24-bca5-de1f0cfeb4d5,0.0,0.0,0.0,0.0,0.0,0.0
958d853b-cbd9-44e0-85a5-542dc501ce92,0.0,0.0,0.0,0.0,0.0,0.0
7784800e-d62a-4138-a918-e540abbeecfd,0.0,60.0,0.0,24.0,0.0,1.0
0c992e40-98b2-4081-a47f-74bcd5b4008c,37.234314133333335,22.765685866666665,12.331030946944443,1.65230238638889,367.5979116686112,0.0
1a16feb0-abcb-4c45-a57a-246c7efab9e2,17.0084672,42.9915328,17.198528736388887,0.0,514.1307997144445,0.0
1ba18cd5-a2c3-43e1-b4fb-99ba3ed5c162,0.0,0.0,0.0,0.0,0.0,0.0
dd97795b-c070-4af6-ad21-c665a5231e6a,18.318245049999998,41.681754950000006,10.224781576111113,2.2752184238888873,341.5096140833333,0.0
24e6efac-0adc-4afa-8a55-817d76398f02,17.356507266666664,42.64349273333334,10.19231265638889,2.3076873436111116,341.38684999000003,0.0
642b895c-5828-4a42-8e22-47709f3c9a2d,0.0,0.0,0.0,0.0,0.0,0.0
6b6d9bbf-f235-4334-8710-619a744d0243,16.9813449,43.018655100000004,11.663905273333334,2.319428059999999,364.7983398830555,0.0
25290595-d78a-41f6-821f-5362637d2542,7.373651016666667,52.62634898333333,11.34435753888889,2.638975794444444,348.4976773605556,0.0
bb43202a-d38d-4128-b8ea-dc125050894b,33.627515933333335,26.37248406666667,12.21048481111111,1.7728485222222237,367.09508047722227,0.0
a75bd378-8899-45a6-be47-dcd22d847965,4.6998254500000005,55.300174549999994,6.0653663775,4.601300289166667,244.80543602611107,0.0
25d67545-7a1c-4a32-9bc2-0f6bec0551de,17.962769083333335,42.037230916666665,6.287092456666667,4.712907543333333,248.3847398516667,0.0
1a84588e-45dd-4597-99da-fb0cc691858e,0.0,0.0,0.0,0.0,0.0,0.0
66dda565-5c0a-4fcd-be29-584764c87520,0.0,0.0,0.0,0.0,0.0,0.0
1e7f06c1-3d49-4e21-aa9c-655e2f29cdcb,0.0,0.0,0.0,0.0,0.0,0.0
0d079ac7-db47-499f-83b8-6a7550d0f173,0.0,0.0,0.0,0.0,0.0,0.0
ec6d9a3e-1572-4738-9845-1b06abc2b290,0.0,0.0,0.0,0.0,0.0,0.0
661af897-db5f-4a72-89ee-9063214a5713,0.0,0.0,0.0,0.0,0.0,0.0
f3c9f8f0-ae09-40c5-9020-17a4137c0001,37.90990313333334,22.090096866666666,14.870985779722222,0.0,460.5908430847222,0.0
0ecb240a-05f3-416e-b2aa-8cd4478fcdbd,13.173304933333332,46.826695066666666,10.054216594444444,2.445783405555556,338.8767265197223,0.0
92c3bdf6-a428-453f-91cb-1671daebc1a6,4.7675984,55.2324016,6.066496581944444,4.600170084722222,244.8182568016667,0.0
4241cfbe-076d-4911-b4e7-912799bf20d9,14.660878916666666,45.33912108333333,6.231605338055555,4.768394661944445,248.00340718833334,0.0
db1d24fa-44eb-4966-af04-57a44a19a5bf,0.0,0.0,0.0,0.0,0.0,0.0
608f1c66-3c84-42ef-9aef-327ae8b16795,5.156271033333334,54.84372896666667,6.072954134444445,4.427045865555555,208.71978286888893,0.0
502238a8-b31b-4d1b-be2d-1800f2214d92,18.997914816666665,41.002085183333335,10.74643360722222,1.7535663927777791,343.1706720238889,0.0
1c6e115d-9b03-40e2-bf5c-5ab451e1ba9a,6.613349033333334,53.38665096666667,16.85382366888889,0.0,512.6811843311111,0.0
7e2c25cf-0b1d-49de-8d09-93d1c39ffd04,15.798432066666667,44.20156793333333,11.641394431666667,1.8583277905555546,349.6508713777778,0.0
639e9467-6ec4-4e58-b58c-caaeb5abcc36,31.6611467,28.3388533,12.16190382472222,1.8378183975000018,366.81870500833327,0.0
c0dc42f4-eb7f-4a96-8792-b15df445f082,0.0,0.0,0.0,0.0,0.0,0.0
2dfb64c4-32cd-485c-a656-464f9971a388,9.169417650000002,50.83058235,9.921496382777777,2.5785036172222235,338.28719637722224,0.0
2556ed43-46bd-4082-93a9-3c220828362a,31.5964025,28.4035975,12.160069660833333,1.8396525613888883,366.81328278888884,0.0
421d886e-b212-42b0-9f52-dee7d42e619c,0.0,60.0,0.0,11.0,0.0,77.0
90bf6777-9200-48c1-b43f-19fbf09e86b3,0.0,0.0,0.0,0.0,0.0,0.0
c34366a1-bd16-424f-9d60-7ebe5d6db747,0.0,0.0,0.0,0.0,0.0,0.0
b52c1f5c-a6f4-43a5-ba89-7ea50825b601,0.0,0.0,0.0,0.0,0.0,0.0
b7942aac-4cf8-4c2f-8a85-dba062c4c67e,18.135526183333333,41.86447381666667,6.289642276111111,4.710357723888889,248.40862778388887,0.0
867a2af1-4619-4faa-b8a2-6d3bbd50688e,9.048068766666667,50.95193123333333,9.91678513972222,2.583214860277779,340.25985784138896,0.0
3955a32a-c01f-4fb0-9dce-df6672341079,0.0,0.0,0.0,0.0,0.0,0.0
f3b26d90-e36c-4236-8c03-11ad57a96822,0.0,0.0,0.0,0.0,0.0,0.0
ed934535-5d26-4343-b963-0d6a0e4a5655,0.0,60.0,0.0,23.99972222222222,0.0,167.99805555555557
dae72918-9382-4f95-9ebd-1310e1ce8ee8,0.0,0.0,0.0,0.0,0.0,0.0
de898270-6875-4e86-8820-ff2423007c8b,0.0,0.0,0.0,0.0,0.0,0.0
c8ca91d4-6ae8-432f-a906-676499ee2731,0.0,0.0,0.0,0.0,0.0,0.0
8f25db43-14a6-48b9-a7e7-7ea16867ebab,32.616398466666666,27.383601533333334,9.544499737499999,0.20550026250000075,265.4511136174999,0.0
ccb5fcaa-f7c0-4f2d-ac91-82b6466d0a3e,37.97616111666667,22.02383888333333,12.35592421888889,1.6274091144444436,367.69971277916676,0.0
92d68cc3-4668-4803-9054-5ec15ed53131,0.0,60.0,5.987415833888889,5.012584166111111,248.22367520861116,0.0
d3577750-00de-4055-8c38-2252a07c1fdc,0.0,0.0,0.0,0.0,0.0,0.0
8988b440-ffa8-48c8-8fe4-4cfba5576ede,21.67771206666667,38.322287933333335,11.816651778055556,1.6666815552777774,350.436905725,0.0
b792359e-2919-4240-8c9c-8d44f89c87db,29.878156583333336,30.121843416666664,10.603042435833334,1.8969575641666658,289.1383115213889,0.0
8371a40f-5091-4f60-a572-49dda9f7de0f,27.62405043333333,32.37594956666667,9.528601525555555,1.9713984744444457,333.8643271558334,0.0
f87d0d47-fb70-493a-ad23-944cd479be88,0.0,0.0,0.0,0.0,0.0,0.0
73b9417e-f935-4f40-ac24-2dcd4922b313,0.0,0.0,0.0,0.0,0.0,0.0
b011058e-216f-42f1-974d-2591511d63d0,14.05036635,45.94963365,17.100685703333333,0.0,513.6363440416667,0.0
9cfa089e-f364-4ab7-aa19-37f997189dad,0.0,0.0,0.0,0.0,0.0,0.0
4a34382b-1165-40f8-9508-84e8c8991465,0.0,0.0,0.0,0.0,0.0,0.0
ef894290-b42d-4221-bdae-7c0bb3ea9577,0.0,0.0,0.0,0.0,0.0,0.0
a4e500f1-8497-4e44-b461-d2c5342b6371,0.0,0.0,0.0,0.0,0.0,0.0
3e806064-a9ea-4181-a58d-694bbe838df3,26.588521749999998,33.41147825,10.494643555555555,2.005356444444444,342.7256468280556,0.0
c0820624-1748-4590-9d24-10d61e95932f,0.0,0.0,0.0,0.0,0.0,0.0
0cdcb7fe-71db-45ed-b14e-2779e2b3a071,44.77646561666666,15.223534383333337,11.566307242499999,0.0,297.9974807252776,0.0
7b47dd02-133c-44cb-ba2d-b3b65c177196,0.0,0.0,0.0,0.0,0.0,0.0
765685d7-6a43-46df-8be6-8fea95657c5a,0.0,0.0,0.0,0.0,0.0,0.0
23d8a87a-e950-475b-8917-f68d36747d9a,14.06440785,45.935592150000005,11.567625060000001,2.415708273333332,364.39884614527784,0.0
fc889bec-3901-41ae-814f-883f6c6aac12,0.0,0.0,0.0,0.0,0.0,0.0
094997a6-5252-4447-8e55-ec7cce81096f,0.0,60.0,9.276551443611112,1.7234485563888888,319.64031640194446,0.0
d24aa387-1bda-478f-9233-e781118702b2,17.321362033333333,42.67863796666667,6.275952489722222,3.2240475102777784,236.3249596947222,0.0
c0c39c81-08d0-4a5c-b2c5-7982def10942,26.792263849999998,33.20773615,11.000631259722223,1.9993687402777767,346.1710076275,0.0
60ea0332-da24-4af0-b5ee-fe60e078e0ba,6.510431033333333,53.48956896666667,6.095512668055556,4.904487331944444,247.00625477611112,0.0
3ead2932-f3b0-44da-b068-eeb2a5133e9c,0.0,60.0,0.0,23.99972222222222,0.0,167.99805555555557
56760bdb-d873-46e4-a4d8-a8f0c050967f,0.0,60.0,0.0,23.99972222222222,0.0,167.99805555555557
fbb0f36a-7223-45a5-9489-7186c59605f7,15.5901531,44.409846900000005,11.635020450277777,1.8647017719444456,349.65285958,0.0
c8e42d10-b8f4-4e85-b1c0-e7e7db8a00c5,0.0,0.0,0.0,0.0,0.0,0.0
35dc3222-4b96-49e7-95ea-7eddc1159633,0.0,0.0,0.0,0.0,0.0,0.0
69747877-4775-4d5e-bd76-5230be911636,0.0,0.0,0.0,0.0,0.0,0.0
592d175d-3aa4-4492-9a2a-853461062cc5,0.0,60.0,4.479597865555556,3.3485335080555556,239.71926890944442,0.0
103b39e4-a131-4d66-a866-543db37bd65e,0.0,0.0,0.0,0.0,0.0,0.0
ab403ede-4a74-436d-b90a-c496c7296439,29.640519333333334,30.359480666666666,13.095741307222221,1.9042586927777787,424.68337476527785,0.0
ca793240-b974-4551-ba0b-649d1a52956c,23.083088883333335,36.91691111666667,6.3720772452777785,4.1279227547222215,263.08447571222223,0.0
55c035b0-62e8-4fd9-99e2-93ff92d97375,16.187394933333334,43.81260506666667,10.154180575277778,2.345819424722223,341.2827723658333,0.0
daa6bca9-066b-48b7-8456-6c492f9b31cb,24.182450300000003,35.8175497,11.414736219166665,2.0852637808333343,347.3915864483334,0.0
9533fb55-e939-4b50-9dca-2901be67124e,0.0,0.0,0.0,0.0,0.0,0.0
736de41a-4c88-48c5-a29b-493fcd7ccfed,0.0,0.0,0.0,0.0,0.0,0.0
3bb03816-26c0-4176-89eb-bc8e0002e819,0.0,0.0,0.0,0.0,0.0,0.0
df3a9fb4-c05c-494d-9efb-d554350ad195,0.0,0.0,0.0,0.0,0.0,0.0
3babed1d-3aee-4667-8a3b-98f1d96535e9,0.0,0.0,0.0,0.0,0.0,0.0
580f1040-9503-4252-977e-ae028af0c167,0.0,0.0,0.0,0.0,0.0,0.0
8489c804-fdc9-4814-ac40-2094986632fe,0.0,60.0,0.0,9.75,0.0,74.74944444444445
0ced9b3d-7465-4ccb-8b69-8d3869afbb19,10.6930218,49.3069782,16.9891875625,0.0,507.31728499055555,0.0
d560e947-5e6d-4f59-ac81-f36b1f15ae43,34.72735011666667,25.27264988333333,12.247303523055553,1.2360298102777798,352.23311898555556,0.0
5b4fe1c1-c273-4cdf-90f4-a88212b5ec85,0.0,60.0,0.0,24.0,0.0,168.0
b411d990-d4d3-4a61-ae98-2c53f1b18e81,27.790507533333333,32.20949246666667,11.034151850277778,1.9658481497222218,346.3601476238889,0.0
c432a18d-bc40-4d17-ac17-74dd64a6b923,23.913618583333335,36.08638141666667,10.406186394722223,2.0938136052777776,340.3527823869445,0.0
ba6bb612-0305-445d-8b40-ba99a139a7c1,15.406700083333334,44.593299916666666,6.244051681944445,4.755948318055555,248.09355890388892,0.0
eb596971-cf19-4c8c-afb3-eabe0550c8ed,13.615323633333333,46.38467636666667,10.068314490277777,2.4316855097222225,338.9412969444445,0.0
5d11b87e-e208-498d-b161-684b5eb311f5,0.0,0.0,0.0,0.0,0.0,0.0
bd2158f3-786f-4e87-9453-08b91b8706b8,0.0,0.0,0.0,0.0,0.0,0.0
be91b7af-6aab-4d84-b04e-181f4e019260,0.0,0.0,0.0,0.0,0.0,0.0
60625056-3e60-4373-b4ee-5e49968ead33,0.0,0.0,0.0,0.0,0.0,0.0
247f1f0e-5583-484a-8d04-bc362fe21dc3,0.0,0.0,0.0,0.0,0.0,0.0
42abc5df-aad7-485d-947e-b4553463eecb,0.0,0.0,0.0,0.0,0.0,0.0
531f39bc-4785-4a32-8b29-edd121e8b314,0.0,0.0,0.0,0.0,0.0,0.0
dfd29d89-4cf4-4492-bd2b-db04d97ea05b,0.0,0.0,0.0,0.0,0.0,0.0
d2b95c61-02c4-4119-ae7c-8868d0e6d738,41.140213583333335,18.859786416666665,14.975183239166668,0.0,432.53719046305554,0.0
bab07197-bed9-4f19-9a13-5bc1bb7c4bbb,5.3716076,54.6283924,11.277883737222222,2.2054495961111105,348.1904143491667,0.0
8acc8530-bacc-4ec1-af60-eb761425d0bf,25.45729205,34.54270795,6.411562731388888,3.0884372686111115,240.28502174305555,0.0
11eb3d89-0967-4a93-9491-10bbd4c177e0,33.49167845,26.50832155,14.72377441111111,0.0,431.6577657891667,0.0
0fef9d09-d12d-4061-be10-3aac87182ca0,0.0,0.0,0.0,0.0,0.0,0.0
54c0c059-19af-436d-b9af-9c1fab235d80,0.0,0.0,0.0,0.0,0.0,0.0
f2f3ab1b-0ba3-4a6a-b5e2-1186cf41ebd4,0.0,0.0,0.0,0.0,0.0,0.0
2ee5c720-1bc1-4758-b67e-d56f881d36bc,0.0,60.0,0.0,11.0,0.0,77.0
ed02a3d0-048c-48ce-9ea5-ea5b4bd43056,37.60723470000001,22.392765299999997,10.859881986111112,1.6401180138888878,342.24226313305553,0.0
8ce35b2b-7e1f-454d-8b2a-ca71e824f9e9,18.728060366666668,41.27193963333333,6.299520926388889,4.367145740277778,246.48924739666666,0.0
f2d74cdb-bde6-431e-a2be-8e501ff0054c,33.184694883333336,26.815305116666664,6.540501336666667,3.9594986633333327,247.2157939241667,0.0
40d79cb8-f794-4e00-9743-ffb91d6230a0,0.0,60.0,0.0,24.0,0.0,168.0
39f484fc-6322-4f39-9b75-de58b63da50d,0.0,0.0,0.0,0.0,0.0,0.0
8f22fc1f-f793-47f9-a98b-e73df67d335f,32.35674948333333,27.64325051666667,12.168218513333334,1.815114819999999,366.92513610249995,0.0
af4ca22d-17cb-4502-8565-10500d93dff6,14.410841016666666,45.58915898333333,10.095186526666666,2.4048134733333346,339.0465442325,0.0
091f8ba5-23f5-42f1-9d22-a14ec4117e07,0.0,60.0,0.0,24.0,0.0,168.0
da4612b7-aa39-42d3-a88a-341e86d86619,6.6435743,53.3564257,10.337114419444445,2.662885580555556,343.43329355361124,0.0
80e24bd6-9cfa-4fa2-a955-1eb92c275b3d,25.796641983333334,34.20335801666667,11.949431978888887,2.0339013544444464,366.0120848763889,0.0
e0f6ed34-4c43-47da-be3a-4811c6b14331,0.0,0.0,0.0,0.0,0.0,0.0
218f97c1-e766-4a85-bcfd-074ce57dfb0f,40.88674701666666,19.113252983333336,10.965438678611111,1.534561321388889,342.68089482527785,0.0
d8501306-07ce-451e-b234-50efe10dca28,25.89817885,34.10182115,10.471211588055555,2.0287884119444444,340.6332381061111,0.0
2f07531e-af34-4d3a-8bd9-24907e17450d,0.0,0.0,0.0,0.0,0.0,0.0
5bffe5fa-3bdc-4c4a-bf02-1757fc65dc0c,34.947738449999996,25.052261550000004,6.569903256111111,4.430096743888889,249.40290671805553,0.0
9f2f1d78-0598-465a-9ba6-9d8177740b3c,0.0,0.0,0.0,0.0,0.0,0.0
9394b5a3-ec68-4a6b-8f07-706a456c7a07,32.96207303333333,27.037926966666664,11.038770436388889,1.7945628969444443,343.84153782722217,0.0
d04a37a4-31dd-4155-80f5-522c8191e4d3,0.0,0.0,0.0,0.0,0.0,0.0
b048555f-56c0-4af5-b1b9-a672530298b6,14.612790483333333,45.387209516666665,11.585219007222223,1.8981143261111093,349.45187927916663,0.0
7ccda072-7905-43e7-8cdf-12633a7fe326,26.95229918333333,33.04770081666667,6.436605205555556,4.23006146111111,247.47152891972226,0.0
6444aa99-676d-44c1-9644-6e693c33eed9,26.759090733333334,33.24090926666666,11.982612928333333,2.000720405000001,366.15247578444445,0.0
a366aaab-f4cb-4bff-bf2b-f0c4d2691ba8,21.235013499999997,38.7649865,10.318818566944444,2.1811814330555555,339.98075284916666,0.0
fcb1eb9f-8b7b-4772-ad3d-b8997b0f0611,0.0,0.0,0.0,0.0,0.0,0.0
7dd94dd6-5cdc-42d7-a87b-03a735536613,10.928793416666668,49.071206583333336,10.313899701944445,2.5194336313888885,340.85120978888887,0.0
27e97727-3719-41fd-93e3-361ca41e1a71,20.079897650000003,39.92010234999999,6.322010777777779,4.344655888888888,246.63181329666665,0.0
b1c308ed-762e-44a3-b4f1-ca65547ea44a,6.814411633333333,53.18558836666667,6.100647192777778,4.899352807222222,247.0583029997222,0.0
0db7b5db-c65e-46f2-ba9b-34feb3b97ae3,0.0,0.0,0.0,0.0,0.0,0.0
b432b139-50be-425e-b326-71ce2544abf9,28.759012283333334,31.240987716666666,6.466812253333333,4.533187746666667,249.28472106055554,0.0
79442306-dd30-4b7f-bcc9-3695bdfd3235,41.014714166666664,18.985285833333332,11.470169942222222,1.5298300577777768,361.1939753036112,0.0
7e9137e1-9765-46ae-acce-52f39a3d9fcd,10.405214383333334,49.59478561666666,11.4622243125,2.037497909722222,348.93394229,0.0
8c730e2e-1960-480e-94c4-b1d491c216d2,0.0,60.0,0.0,11.0,0.0,77.0
dc8f201e-a869-4695-9cb4-9ddfb42b3a8c,35.42349413333333,24.57650586666667,14.788245572777775,2.2117544272222243,431.4630382872223,0.0
983d4510-05c8-48f1-a063-cd3936dbac9f,0.0,0.0,0.0,0.0,0.0,0.0
b4035d7f-0e86-4106-b4ea-adef33c5564a,0.0,0.0,0.0,0.0,0.0,0.0
2a2bebcf-65bc-4172-b326-2bec116903c3,0.0,0.0,0.0,0.0,0.0,0.0
46e31db8-4d3b-4fe7-93a3-47c64ffaf919,27.659644800000002,32.3403552,17.545846559444445,0.0,515.6083963913889,0.0
da785e6e-6819-435d-9f77-deba126a916e,32.59421831666667,27.40578168333333,12.176254631944445,1.8070787013888872,366.94870420166666,0.0
95800b32-bcd7-46bf-aecc-2a8f6b386e1f,33.76328413333333,26.236715866666668,10.731814313333334,1.7681856866666648,343.71300250999997,0.0
662e3d3c-800e-4ca9-91e0-aa64c4893bc8,14.73275935,45.26724065,17.123391514166666,0.0,513.749491491389,0.0
2dbea5bf-8a87-4e03-9bce-7806c755e478,11.218832083333332,48.78116791666666,10.322315171388889,2.5110181619444445,340.8969466038889,0.0
bdc44772-6e9d-40b0-983d-e10a6e0d492c,32.29049538333333,27.709504616666667,12.184696406666667,1.8150258155555559,366.9005732216666,0.0
0333f5b6-8846-40f7-9d17-6a637f0c93b7,0.0,0.0,0.0,0.0,0.0,0.0
fde12d51-fe22-4a62-8025-b2ba06f2c1db,0.0,0.0,0.0,0.0,0.0,0.0
08b8c586-2b04-4b4c-8859-caffb70d890b,0.0,0.0,0.0,0.0,0.0,0.0
cfb18211-9aed-44ed-bc0c-03535be37b48,25.3730651,34.6269349,11.954105464166668,2.0456167580555547,365.9665494302778,0.0
b2a9e808-2143-4a91-9f6b-a2350e02670d,0.0,0.0,0.0,0.0,0.0,0.0
0fb49f61-2dd2-4ba8-87b5-4c9f2c0e748e,35.02749063333333,24.972509366666667,9.245924810833335,0.0,263.13534787416665,0.0
12090bc5-fb06-4f50-9c89-a7c3cd1cd96f,31.7315746,28.2684254,12.16394914111111,1.8357730811111126,366.83086613666666,0.0
5a9627cd-449f-4c50-ac51-d7bec63e55e1,0.0,0.0,0.0,0.0,0.0,0.0
c8cb18e2-d5ea-4512-a690-41b6bd8e4cb8,0.0,0.0,0.0,0.0,0.0,0.0
912dd418-684b-44cd-afdf-bb2da528f5ce,24.97692986666667,35.023070133333334,6.403647961111111,5.096352038888889,240.19708326138888,0.0
26134826-9c28-4b1b-8c00-953b5ce8c523,0.0,0.0,0.0,0.0,0.0,0.0
0e134369-9e96-4759-b811-a78f80571740,4.206824233333333,55.793175766666664,6.057176498888889,5.442823501111111,263.83233920972225,0.0
2a28fa62-c4bf-4437-8004-c29a876ec195,0.0,0.0,0.0,0.0,0.0,0.0
1a3b7fe3-32d1-46ba-b102-914425f0bbd9,28.489036783333333,31.510963216666667,12.056297212777778,1.943425009444444,354.37996927333336,0.0
90251bfb-fef7-44ff-95da-ef8371309bd7,27.436400683333332,32.56359931666667,6.4450753644444445,4.0549246355555555,246.52146467527777,0.0
386f79c0-35b4-49a7-b55a-a0aa72a5c5be,0.0,0.0,0.0,0.0,0.0,0.0
20738117-b5e5-484f-aec5-5ab563a50c1c,0.0,60.0,5.987040927777778,4.679625738888888,227.7032432252778,0.0
0b63f634-c630-45ad-b26a-a3c2f5fa97e7,0.0,0.0,0.0,0.0,0.0,0.0
88243b5a-d812-425c-9f32-bbf4f9a3406f,22.681833400000002,37.3181666,11.848874084444445,2.1344592488888883,365.5914155333333,0.0
84233064-c786-423f-b19c-22137d103c16,18.14995533333333,41.85004466666667,10.2187976675,2.2812023324999995,319.63303434750003,0.0
88a2b554-0283-44fd-a247-e2c6bfdfb6b7,35.91093626666667,24.089063733333333,6.586380225277779,3.9136197747222217,243.62614751194445,0.0
e7484a16-dfda-431e-a31a-47cdf2ef82dc,42.27071155,17.72928845,11.235496938055553,0.0,304.41414596222216,0.0
03842999-9dd1-4e78-9ba7-cf4fd2ee8d82,33.031481916666664,26.968518083333333,11.041339853055556,1.7919934802777768,322.8718869436111,0.0
261f28ee-70fa-4238-af01-6d92ab1f712f,18.771734233333333,41.22826576666667,17.255939566388886,0.0,342.82872266777775,0.0
94eea2c1-e7a8-4a45-bf6f-dfb30451e3fa,32.37434763333333,27.625652366666667,11.186086863333335,1.8139131366666656,347.9305997094444,0.0
b9f70b1e-782c-445c-af9b-5606862688e4,12.932638566666666,47.06736143333333,17.06337847888889,0.4366215211111113,513.5047864536112,0.0
2de660ba-0171-4af7-b57e-263ea4c7cf64,0.0,0.0,0.0,0.0,0.0,0.0
0821e15e-55f7-45ea-b634-9ec92fe00951,0.0,0.0,0.0,0.0,0.0,0.0
d7bd0144-e92f-4fae-a27c-b1f9063c4d0f,4.0546501,55.9453499,10.083747982777778,2.7495853505555554,339.9127785452777,0.0
a9beac87-8522-4c52-a87a-05bf3b89e054,4.371044283333333,55.62895571666666,23.23984283361111,0.0,684.0577632441666,0.0
e05211e3-b811-4844-9bb9-840e2b1961c9,0.0,0.0,0.0,0.0,0.0,0.0
263596ba-f8db-48c3-a977-e73a6f6ab903,26.64219488333333,33.35780511666667,10.828423831388887,2.0049095019444456,342.98199349027783,0.0
a261087b-ca76-44e9-9a99-8299adf6c09a,37.6668136,22.3331864,6.615599803055557,3.8844001969444433,264.8196684166667,0.0
a76fa00b-781f-435a-89a7-49b91b99a6f4,13.107082383333333,46.892917616666665,16.068701905277777,0.0,506.58900061805554,0.0
236f3a62-e7fc-4a3e-8a33-23ec8983beea,16.35788255,43.64211745,6.259792620833334,4.240207379166666,262.2873169780556,0.0
2ff77c02-d3a7-4834-8bb2-1baef5af61cf,0.0,60.0,16.80897281,0.0,454.2333372352778,0.0
7a32617a-f7f4-4e9c-934e-4abe3543d97d,36.65965151666667,23.340348483333333,6.598792790277778,3.9012072097222226,247.62318235833334,0.0
ab19aa77-1ded-4366-9e72-c5c06514ec5d,20.04959511666667,39.950404883333334,16.297137654444445,0.0,494.5029614172222,0.0
7187ed1c-f8ad-4bb3-86d5-0b9efbe86afc,0.0,0.0,0.0,0.0,0.0,0.0
200d0cfb-fcbb-424c-ab86-4df6af2a8edc,28.604617566666665,31.395382433333335,12.060957760833332,1.9387644613888895,366.4045547563889,0.0
78c89a12-2674-4ee4-8009-471ffc7044a8,30.15889831666667,29.84110168333333,12.112714861944445,1.8870073602777766,366.6189376097223,0.0
23db9ee9-b265-4729-a69d-c7a81c848420,0.0,0.0,0.0,0.0,0.0,0.0
ab3c3220-1b85-47e0-ba6e-8134dd1579f5,37.285581683333334,22.71441831666667,6.609119238611112,4.057547428055555,248.69109435777779,0.0
7d315406-029d-49f0-afaf-1c44c32a66e1,0.0,0.0,0.0,0.0,0.0,0.0
44df5163-e667-4f8d-bdd6-66a50c873ff1,0.0,0.0,0.0,0.0,0.0,0.0
d21ab619-7559-49cd-ae37-50eb7ef88774,0.0,0.0,0.0,0.0,0.0,0.0
bb718d88-5f14-4edf-acf8-1aa912e1b18a,0.0,0.0,0.0,0.0,0.0,0.0
f6cd6a15-b007-4210-9198-43787048cf91,0.0,0.0,0.0,0.0,0.0,0.0
f37be88f-5355-4bd2-bed8-1dd7ee9af201,0.0,0.0,0.0,0.0,0.0,0.0
e992da45-deb0-467f-98ac-378aa2d10566,0.0,0.0,0.0,0.0,0.0,0.0
8242f412-083c-4fbd-be8d-ccc2d211cb0f,0.0,0.0,0.0,0.0,0.0,0.0
bb9e8e91-4be9-4caf-b445-6b7e1592dda1,0.0,0.0,0.0,0.0,0.0,0.0
ac27fe93-da15-4ed3-9a07-7160c22f90ac,28.046908016666666,31.953091983333334,14.543048045555558,2.4569519544444423,430.52482416722233,0.0
d31e86ec-ab37-44a6-ad4c-3fae926a645c,8.035269816666666,51.96473018333334,11.383315404166666,2.1164068180555557,348.62115112000004,0.0
b547c8f9-0e4c-40b0-8941-e10afd74fed3,0.0,0.0,0.0,0.0,0.0,0.0
180552c5-8663-4fbb-a196-1bc67f5a56de,0.0,0.0,0.0,0.0,0.0,0.0
d797196d-508f-4959-a072-2d1f4d24414c,0.0,0.0,0.0,0.0,0.0,0.0
3f38dc04-c977-4580-9191-cc31d2a850b6,27.36177036666667,32.63822963333333,9.520004746666666,1.9799952533333331,333.8359526330556,0.0
7d4e4594-536c-4c52-bd9c-59326c1608d4,16.28999695,43.71000305,17.174376169166663,0.0,514.0259363763888,0.0
453ca30b-5b8f-490e-86fc-949356838961,11.726600816666666,48.27339918333334,6.182691831666666,4.567308168333334,246.15576884805557,0.0
a301b7d5-a88d-4323-92c1-c57fb3ef19bd,41.20362923333333,18.79637076666667,10.976665588888888,1.5233344111111122,342.7257802002778,0.0
dcd41ff0-c3a0-4c71-8629-126eeb878a6a,0.0,0.0,0.0,0.0,0.0,0.0
bb3dbb59-a8f4-40cc-a0f5-0e226adcf978,0.0,0.0,0.0,0.0,0.0,0.0
68b04cbd-15f9-4b8b-aa86-1e2eb989c7d7,0.0,0.0,0.0,0.0,0.0,0.0
1240acf5-63d3-43f2-8e29-9d2a2a1568a7,0.0,0.0,0.0,0.0,0.0,0.0
2331379a-86f0-4036-bdb8-ec23057afbcc,0.0,0.0,0.0,0.0,0.0,0.0
d3db3f0c-dd76-4d7c-a918-b805cfe2bb0c,11.562449033333333,48.43755096666667,17.017373098055554,0.0,507.36617889638893,0.0
378e9419-05f5-4990-b239-34f886be5746,39.59261611666667,20.407383883333335,10.937194080833333,1.5628059191666681,342.57068475916674,0.0
ba16b579-49e8-48ae-a214-2d3ae9aa94a8,7.916565633333334,52.083434366666665,9.879711867222223,2.6202881327777767,326.1585857638889,0.0
c1d2ef3f-a582-4602-9d8c-9fbd1bf7a4bd,16.643398666666666,43.35660133333333,10.16822795138889,2.33177204861111,339.34912173472213,0.0
0a50074c-9657-440d-b399-e21525f8a216,23.2237672,36.776232799999995,6.374558168611111,4.625441831388889,249.01518932805553,0.0
2c7b71cd-80f0-4c63-b36b-96b20750c5fe,0.0,0.0,0.0,0.0,0.0,0.0
5afc1281-c3a7-4332-a2e1-5ad4000f6af2,21.475158933333333,38.52484106666667,11.826410366111112,2.17331185611111,365.4353368216666,0.0
73841c8f-fb0a-40cc-b7f9-3e0b418695b5,0.0,0.0,0.0,0.0,0.0,0.0
1575b4d9-8271-4cf7-acaa-c699dd3028e0,30.232871916666667,29.767128083333333,12.114576661111112,1.8851455611111103,366.6269546580556,0.0
ddb9d255-6465-40b7-8109-c5f7a46a5887,24.724548033333335,35.275451966666665,10.433083854166666,2.0669161458333334,342.3918047483334,0.0
e12cfa37-ec4c-4138-a8ba-3847c30e1d11,0.0,0.0,0.0,0.0,0.0,0.0
4d0dda86-7de4-49ef-835c-57118b3cde36,0.0,0.0,0.0,0.0,0.0,0.0
c5d22b77-a3b6-48c5-a958-55dd5e760c91,13.545594116666667,46.45440588333334,6.212970979444445,4.287029020555555,244.87057054111114,0.0
9d9be2ef-0277-468b-a471-8b273262f6e1,37.16702485,22.83297515,12.328697014166666,1.154636319166667,367.5855197552778,0.0
c04f2d1a-1226-40a2-860e-c766bf687bd6,25.829942633333335,34.17005736666667,11.951516400833334,2.0318169324999995,366.0208382513889,0.0
09a25b19-799b-4f88-83b5-a75e3fa7d202,35.947898450000004,24.052101549999996,6.586969582777777,3.913030417222223,264.6103479569444,0.0
34cfbc36-b683-4a0a-91f5-09d7c411188b,0.0,0.0,0.0,0.0,0.0,0.0
1db7f1fc-f98a-4872-a947-0d361b379012,0.0,0.0,0.0,0.0,0.0,0.0
adaf9feb-b191-4338-bbe6-5360ec8f37fd,0.0,0.0,0.0,0.0,0.0,0.0
eaf4df5c-4678-4738-8b9d-570a5f4133e9,0.0,0.0,0.0,0.0,0.0,0.0
0d1f3c70-f30f-4a50-8fea-d4fe8f914c5f,21.477856133333333,38.52214386666666,11.809400766111112,2.1739325672222205,365.4237131530555,0.0
f49af67e-776a-4bc8-8811-45c9d0e6e7e9,25.660192,34.339808,6.414929443055555,4.251737223611112,247.31515093138884,0.0
4e2a5215-890a-484c-95d5-39dc57438591,41.5079313,18.492068699999997,15.504363590555556,0.0,437.37883553527786,0.0
0164431d-ed09-425d-b9fc-0527ea355c6b,18.489388183333332,41.510611816666675,6.295519837777778,4.704480162222222,137.77302603055557,0.0
d0c9d353-7cf0-4fe0-a45b-292670304ffa,35.634887133333336,24.365112866666664,13.030764379444443,0.0,331.61194833722226,0.0
08e7b05e-f050-4599-93da-2a7b9e7ab350,26.150891166666668,33.84910883333333,9.979703061388888,1.520296938611112,330.5001856608334,0.0
124a291b-1087-40fd-85cd-f5d52eafec76,17.48987586666667,42.51012413333333,10.1967983925,2.3032016074999997,341.3991304941666,0.0
d33ce2be-26a9-4e35-b134-a3d8b431fa17,30.297550349999998,29.702449650000002,12.115777391666668,1.8839448305555542,345.64775671083333,0.0
dd4ef172-c9e6-4b1f-973d-5f252f1ba0bf,37.24952638333333,22.750473616666667,10.848426045833332,1.6515739541666679,342.0914883177778,0.0
1e0bf230-0e6c-4d98-8144-f71a3731c173,0.0,0.0,0.0,0.0,0.0,0.0
80a3e9c6-403d-4bc3-afed-0266c2a200e9,0.0,0.0,0.0,0.0,0.0,0.0
211cbf08-f4c7-4bbf-9e4f-88e5f797526f,0.0,0.0,0.0,0.0,0.0,0.0
57e3cbeb-91d7-48c1-8586-ea1e45e81e32,0.0,0.0,0.0,0.0,0.0,0.0
632e2f2b-da33-4a0d-aba9-f216ae3b0062,0.0,0.0,0.0,0.0,0.0,0.0
5f96a457-3b02-4de1-9999-64f16862ff1e,20.96037533333333,39.03962466666667,10.310083263888888,2.1899167361111114,339.95323672916663,0.0
e540351f-738f-4eab-9574-a061d7ec806e,16.254790916666668,43.74520908333333,10.656719933055554,2.343280066944446,344.7597363569445,0.0
80a39e75-c234-47c5-95f4-3f1e789fc184,0.0,0.0,0.0,0.0,0.0,0.0
cc15864a-d67e-4706-9656-5ff32df6ce2a,0.0,0.0,0.0,0.0,0.0,0.0
a1350619-7ea4-4910-a05f-d91b83f928fc,19.489821966666668,40.51017803333333,17.279848136666665,0.2201518633333338,514.4040430913889,0.0
f1bbcfa9-8877-49d7-b25f-fef4f1e72dad,17.2847441,42.715255899999995,10.19070584888889,2.3092941511111107,341.3702135413889,0.0
a6b40aca-7bb5-4eed-bcb3-2f6c6218902d,34.91388221666667,25.086117783333332,12.270059133333334,1.229663088888889,367.2657123752779,0.0
7fc2a3ca-9eac-4648-87a5-2e896e9a32b6,19.2013745,40.79862549999999,17.270251990277778,0.0,514.377888813611,0.0
1f907849-8e0a-4097-8c32-17e7777fc455,0.0,0.0,0.0,0.0,0.0,0.0
5675e7d1-aa84-4aa9-a143-3593006ac816,12.174250766666667,47.82574923333333,6.190069346944445,2.809930653055555,243.70749127583332,0.0
8bd6eb7a-194d-4887-a176-0ceeb24b6608,0.0,0.0,0.0,0.0,0.0,0.0
a73df026-bb9e-4120-828d-d6f81df993b9,35.28003173333333,24.71996826666667,9.588895356111111,0.16110464388888834,265.50704299250003,0.0
e72ecab8-d353-405c-a16d-0b78d032fc01,4.017125,55.982875,10.082902150277777,2.750431183055557,339.9094461183334,0.0
b6f49639-9226-4d00-ae31-1d145be33002,15.020242683333333,44.97975731666667,17.133663884444445,0.0,513.7789097283335,0.0
ba52c05e-02a3-4794-92e7-0031522be372,35.40689381666667,24.59310618333333,14.787461024444443,2.2125389755555562,431.45313315583337,0.0
0def886f-b664-4d60-91ae-71ff23134577,0.0,0.0,0.0,0.0,0.0,0.0
d268469a-efb8-417b-8ead-d3db7c38ba36,11.802134366666667,48.197865633333336,10.341942186111112,2.4913911472222208,340.97169175277776,0.0
9f19eb42-c7c8-47f5-bb21-692cd3f698d7,0.0,0.0,0.0,0.0,0.0,0.0
ac76385e-e021-4b36-9f3b-1116de915740,0.0,0.0,0.0,0.0,0.0,0.0
5e8b8426-3423-4294-a6b3-5aec558800a3,20.303850833333335,39.696149166666665,6.325753804999999,3.174246195000001,239.6754287327778,0.0
d540d0b6-c354-4219-a475-12fb174b4191,34.055208650000004,25.94479135,13.22832476972222,0.0,333.1766188869444,0.0
f6b5dd36-17e2-484c-af5d-3c9bed5ebff4,10.456007566666667,49.54399243333333,6.161469479722222,4.505197186944445,245.51042148083332,0.0
ba2ad4a6-c754-42f0-86d5-6b0f7479ce3e,8.018174683333333,51.981825316666665,16.90025115888889,0.0,534.0711047522223,0.0
f75e6574-7dac-4ce8-ad61-5f15ea6dccc9,29.05056785,30.94943215,10.57625009638889,1.9237499036111108,341.0682908694444,0.0
64a6ec8a-dcf2-4735-bb57-767cde3a081b,31.985390900000002,28.014609099999998,6.520456300555556,4.479543699444444,249.34693185333333,0.0
9336a7b1-7186-4f5a-aa95-dfdd31d8dc04,0.0,0.0,0.0,0.0,0.0,0.0
992eb726-dd86-48b6-bff8-a5586f48b7a3,0.0,0.0,0.0,0.0,0.0,0.0
422dedda-356a-4c1d-90b8-09ebc7a7ab25,0.0,0.0,0.0,0.0,0.0,0.0
a358fe54-a184-4122-b7c0-d8772f4d51ff,7.527321433333333,52.472678566666666,6.112501102777778,4.887498897222222,247.13897855555555,0.0
def3388f-fb4c-4b52-973a-54be63e1a99b,30.366798316666667,29.633201683333333,12.11879609861111,1.880926123611112,366.64653866305554,0.0
1e1c1359-9173-4ead-9b05-9be47a1a40db,0.0,0.0,0.0,0.0,0.0,0.0
b4da1367-fa1c-4bd2-9b4e-a695da0d28cc,0.0,0.0,0.0,0.0,0.0,0.0
cef8e455-14ac-49e7-820e-4cda8bcc78fc,34.34523063333334,25.654769366666663,9.752087007777778,1.7479129922222212,336.7154108027778,0.0
2d4153be-2b1c-4e8c-a96b-1c2f3ade2db2,14.918792783333334,45.08120721666667,10.113370914166667,2.3866290858333317,341.05376295333326,0.0
065393fb-674a-42e9-98e0-a66e88eda5dc,0.0,0.0,0.0,0.0,0.0,0.0
683c56fc-d4ea-4b05-8001-8497b9ae2f72,0.0,0.0,0.0,0.0,0.0,0.0
94afd1a1-3c80-496c-ab89-8c77c4c17952,4.122823299999999,55.8771767,16.77001309694445,0.22998690305555203,512.2819199336111,0.0
6467f411-7571-407a-be07-b8260c3daa1b,17.661277616666666,42.338722383333334,6.281600160277777,5.218399839722223,248.3622182944444,0.0
bf988458-7d1e-4789-b259-e6ffe84a7c54,36.11766298333334,23.882337016666664,14.81159591888889,2.1884040811111096,431.5329993041667,0.0
9f0c76ba-d3b7-4ea7-9711-d1804374f72a,0.0,0.0,0.0,0.0,0.0,0.0
a792089b-e23d-435f-bc18-113b7cc95e11,27.821775633333335,32.17822436666667,14.536615561944442,2.4633844380555576,430.49621461055557,0.0
3fb078e2-9300-4b8e-921c-f0ff3a339965,30.944351283333333,29.055648716666667,12.138197765555555,1.8615244566666682,366.72202824444446,0.0
40f15c73-4395-4a21-8bb4-197ae40afe2e,3.7332429,56.2667571,6.049263633333333,4.617403033333333,244.69163959333335,0.0
59d149f8-6307-4a14-aa33-3cab0f3df954,0.0,0.0,0.0,0.0,0.0,0.0
5694db86-cd65-4249-87fe-3803c6149653,30.931427733333333,29.068572266666667,14.639692801666667,0.0,431.3661846252778,0.0
37c738f8-753b-4437-af4f-952a90e4a9af,22.81082155,37.18917845,10.370357785833335,2.1296422141666658,340.20130360499996,0.0
e0815612-99cd-4cb3-9442-5e3a7dcc4796,42.02009505,17.979904949999998,6.686390628611111,3.813609371388889,265.29349029388885,0.0
49fe4780-831d-4057-b56a-39ef544020f8,5.631112416666666,54.36888758333334,16.8202355725,0.0,506.5335825777778,0.0
3ae11ee2-2a26-48fd-88d9-3f060f921601,0.0,0.0,0.0,0.0,0.0,0.0
da0d156c-d0af-4dbe-90b5-ff8e71a2e88a,23.65608823333333,36.343911766666665,6.3827608924999994,4.6172391075000006,249.0813733313889,0.0
575e7bae-05bf-44eb-a1c4-229577c58145,19.907960533333334,40.09203946666666,17.293605827500002,0.0,508.4596772713889,0.0
7c347b88-a69c-4ba2-9983-a34afbdf9cc8,0.0,0.0,0.0,0.0,0.0,0.0
d4111b23-fd3b-4c07-9399-18a0d186b023,0.0,0.0,0.0,0.0,0.0,0.0
6588460c-9bf8-4aa7-bb16-d6a8dad88b28,19.963792533333333,40.036207466666674,6.320127457222221,5.179872542777779,212.75314806611112,0.0
784851e0-2175-4f2a-8441-d16d88359857,0.0,60.0,0.0,11.0,0.0,77.0
7ac3f5c1-65c7-4103-a257-c645fb94b551,19.557474716666665,40.44252528333333,17.282047085277778,0.0,514.4141380944444,0.0
340d653a-1214-4f60-a6af-3ae07541d1a1,0.0,0.0,0.0,0.0,0.0,0.0
d960bca9-6f88-445c-80b3-ea992e293425,0.0,60.0,0.0,23.99972222222222,0.0,167.99805555555557
cb597e88-bec9-4ac7-ad22-52e1c9b03728,30.876513199999998,29.123486800000002,12.136376521944445,1.8633457002777767,351.73305290194446,0.0
2520639c-5c7d-4461-a11e-d1ad4272ba32,0.0,0.0,0.0,0.0,0.0,0.0
ff5d3ee0-1574-4a8e-8f21-e8a1aa4e70a6,0.0,0.0,0.0,0.0,0.0,0.0
5864fdce-48dc-48d6-9ed2-1abe8dd93656,9.013712233333333,50.98628776666667,11.399428101666667,2.5839052316666677,348.7151577786111,0.0
8484bd50-6025-412b-89c3-4c0f25b4f4a2,4.6307872,55.3692128,14.773798959999999,0.0,432.8168382444444,0.0
d598ea94-eade-43cb-b212-e3ce3037fb49,18.246404050000002,41.75359595,10.222640161666668,2.277359838333333,339.50622991,0.0
5796724b-8f02-4e82-88fc-c3297b91f30f,29.26871626666667,30.73128373333333,9.582680077222223,1.9173199227777775,334.0064595547222,0.0
f95fe721-932a-43f3-8229-091afa0318aa,25.491910166666667,34.50808983333333,9.95873209722222,1.5412679027777791,336.99582310138885,0.0
022b0c37-5332-4eee-a24d-85b5dfa4fe68,0.0,0.0,0.0,0.0,0.0,0.0
81ce3a20-34e8-48f0-bf82-002939e71bec,0.0,0.0,0.0,0.0,0.0,0.0
59c2464b-dcbe-4249-97ff-bd14f2eb6a68,23.339949683333334,36.66005031666667,6.376308063611112,4.123691936388888,246.03499579305554,0.0
deaefc11-63e8-4b06-9108-758ad47e3dc4,17.627318433333336,42.372681566666664,10.201334048611114,2.2986659513888865,341.480251145,0.0
b24ded51-f21f-41a3-b546-321b67acde21,9.466797516666666,50.53320248333333,11.57982358138889,0.9201764186111097,320.93507365638897,0.0
12d529f6-0e7d-4486-b860-b5b104f20e95,32.014644616666665,27.985355383333335,12.1740955375,1.8256266847222227,366.8734961127778,0.0
3b8bcbab-1c82-4c79-9df5-9639c2610cf3,20.232174750000002,39.76782525,9.787362053055555,1.7126379469444448,336.2735533969445,0.0
ef055fc4-b717-451b-a668-a784f5ccbcab,7.916534283333333,52.083465716666666,6.118987761111111,4.547678905555556,245.18770592944446,0.0
c6aadad9-16ea-4fa7-a645-6cd463b9d82e,18.423107599999998,41.5768924,10.228122085277777,2.271877914722223,339.5278598936111,0.0
866b2f28-0d80-44fb-8170-925e93c29ef3,6.901423916666667,53.098576083333334,6.102009645,4.897990355,247.07089321638887,0.0
8ae0e85e-2494-4b57-a52b-1355bbbd43fe,14.443963483333333,45.55603651666667,17.113900833611112,0.0,513.7196337827776,0.0
8ce6424e-7262-4a01-941b-aed5ca1e4a8e,0.0,0.0,0.0,0.0,0.0,0.0
e891e0c8-6018-4172-8373-54463bb4fa92,18.761917766666667,41.23808223333334,16.255490903888887,0.0,507.3728006430555,0.0
dd1d6d71-9fb7-4da9-be26-4739a1a9a5d2,18.62637941666667,41.373620583333334,10.234005906944446,2.2659940930555544,257.6772939097222,0.0
36f234e4-8f8e-4929-b07a-9c279bc7b9e2,29.978686166666666,30.021313833333334,14.607041299722223,0.0,431.2537106686111,0.0
a98f9a80-a706-4c61-96af-386e6aa744e9,17.185184666666665,42.814815333333335,10.187395928055555,2.3126040719444445,339.3587110083333,0.0
b6441c87-0ea8-43ae-9a3c-ec08b4bff03d,22.157089966666668,37.842910033333325,11.843775214722223,2.155947007499999,365.5193685027777,0.0
98a66732-cad5-4434-a42b-fef1d57ed696,24.419859866666666,35.58014013333333,6.394620597777777,4.605379402222223,249.15831922888887,0.0
70fa3dd8-3285-4e32-bf4f-7f0d77fb1899,10.605350716666667,49.39464928333334,11.46845154027778,2.031270681944443,348.9661998702778,0.0
8a9efae5-f8ce-49d5-a737-e9de1982c75c,0.0,0.0,0.0,0.0,0.0,0.0
75969008-827e-4d67-971d-978ff6d2b56e,36.92959511666666,23.070404883333335,14.838689870277777,0.0,413.99508595055556,0.0
ab2ff266-f66e-482a-b965-8215417cd29e,8.368063,51.631937,6.128452534166668,4.871547465833332,247.27109654861107,0.0
778ba8e3-ac57-4435-85dd-8caaaf84318b,16.01806888333333,43.98193111666667,6.254215157222221,4.745784842777779,248.16565021388885,0.0
97695fb7-9460-4fff-b2fd-348f519808fe,15.71328875,44.28671125,11.621350365555557,2.3619829677777773,344.2475508991667,0.0
29627ebc-ca4f-41c5-bcd4-1463b7b91d6e,8.913779316666668,51.08622068333333,13.91327933,0.0,428.85135088444446,0.0
b40b86e9-8545-4db9-a048-700ce20a0c22,0.0,0.0,0.0,0.0,0.0,0.0
4ceb1e4b-a108-4159-8ea8-64fbc5d09a41,5.477201433333334,54.522798566666665,6.078353290000001,4.421646709999999,243.90185003694444,0.0
8ebad8a5-ab5a-4fed-b268-9fa5c29681d1,17.380871850000002,42.61912815,10.193540894722224,2.3064591052777765,341.3864371341666,0.0
3b49917d-2dec-4cce-a3c0-ef7f95699baf,0.0,0.0,0.0,0.0,0.0,0.0
22779536-c500-42b6-bce0-fe4ef3f4185a,25.203848516666667,34.79615148333333,11.948924805555556,2.0507974166666667,365.92868122472225,0.0
fc3b81ec-24f1-4d48-a6a5-8eea79f1362c,32.22340085,27.77659915,12.180217599722223,1.8195046224999998,366.89775148472216,0.0
ffbcd26a-5986-4dd5-846f-45d16b441c4b,0.0,0.0,0.0,0.0,0.0,0.0
c590239f-1abd-44b1-b2ac-4d1173d63210,0.0,0.0,0.0,0.0,0.0,0.0
b3f199fe-92d2-44fa-9863-7a6e58d7250a,4.407642333333333,55.592357666666665,17.279451054166667,0.22027116805555527,513.3400768327779,0.0
2e956f58-0789-4645-bf63-99d72fdcf95a,36.77777051666667,23.22222948333333,9.832319695277777,1.1676803047222226,335.1234122530555,0.0
65816b1a-a1f6-4e46-899d-3c0e38c73357,27.065732266666664,32.934267733333336,10.509230231944445,1.9907697680555552,328.8028501583333,0.0
45fe17fb-f8e4-4824-866f-c8ff13a81642,38.436915033333335,21.563084966666665,12.363692320833335,1.6196410124999987,367.7212159352777,0.0
a06f2e63-1dd4-484f-a7a7-71a5dc60d5d6,0.0,60.0,0.0,11.0,0.0,77.0
738e3730-5349-4874-a1c0-b6e4c5ba9666,0.0,0.0,0.0,0.0,0.0,0.0
0328b718-040e-4a09-9ea0-3d079d67fd87,0.0,0.0,0.0,0.0,0.0,0.0
100142fe-7fb2-47d7-ab03-a9cd6eee75a0,10.26440005,49.73559995,11.458325763055555,2.0413964591666667,348.8971611705556,0.0
c7f0f1c2-57c3-436f-92bd-53a1f8dd7866,0.0,0.0,0.0,0.0,0.0,0.0
a14195f0-a93a-42be-9197-5573d4448d47,0.0,0.0,0.0,0.0,0.0,0.0
2a686d9f-b01b-4bb9-82a4-d76569c949dd,28.641435750000003,31.358564249999997,12.061293530555554,1.938428691666668,366.412905655,0.0
44a45cb2-0a9f-482f-be2c-0d8027141e9e,0.0,0.0,0.0,0.0,0.0,0.0
ac41e3f4-aa60-49d3-ae5a-f74a7f5e9f69,18.161645466666666,41.83835453333333,10.219224758333334,2.280775241666666,339.5003795197222,0.0
0b63ed40-d9ff-4272-9908-3c7876a5eabd,29.709300283333334,30.290699716666666,12.097318994166665,1.9024032280555567,366.5521508086112,0.0
29ee6efc-8ffb-4f8a-bbb6-d9293ddba64b,0.0,0.0,0.0,0.0,0.0,0.0
3eca59e6-a05d-47b3-9164-f8e8ed6b96da,0.0,0.0,0.0,0.0,0.0,0.0
aa8fb44d-93ba-4182-b2c9-2d0be3326597,6.240245900000001,53.7597541,6.738369967500001,5.761630032499999,301.1835248752778,0.0
9a35d48b-4cd8-458d-9562-bdde949503a6,27.689326766666667,32.31067323333333,6.448963948333333,4.051036051666667,228.51448475944449,0.0
652e05a6-f1dd-4356-ab2e-b17e6d08578d,24.316404066666667,35.68359593333333,9.428272649444443,1.5717273505555567,318.41934905166664,0.0
5bbcb8d5-b46b-40d9-b7cf-8cbaed70e76e,18.38904855,41.61095145,6.293873408055555,4.706126591944445,245.45402218611113,0.0
2e339691-f040-41dc-b50a-104f9bf066b1,0.0,0.0,0.0,0.0,0.0,0.0
dbda535c-b0b2-4fd5-8405-e4d6da6b6717,0.0,0.0,0.0,0.0,0.0,0.0
2c56593f-27e8-42b1-99aa-8358dd02f422,0.0,0.0,0.0,0.0,0.0,0.0
48ae166f-8972-469f-a733-741e596ab7a8,0.0,0.0,0.0,0.0,0.0,0.0
9712785a-462b-428d-b50c-59d00bca28bd,0.0,0.0,0.0,0.0,0.0,0.0
752e52fe-36ca-495b-b618-dd7886aa9c81,0.0,0.0,0.0,0.0,0.0,0.0
e04662e5-dc2b-478d-a358-0d70f4563a78,0.0,0.0,0.0,0.0,0.0,0.0
eb87cde8-3bfa-4ce7-b129-b62aa1f8e50c,26.45376205,33.54623795,6.4281882249999995,4.0718117750000005,246.40947449527772,0.0
4ae69114-67f2-4975-b85f-4f7d81aa9601,34.894387599999995,25.105612400000002,14.769768203888889,0.0,431.82326903055554,0.0
36b3145d-445e-4f10-ad8c-a4dd838d8870,0.0,0.0,0.0,0.0,0.0,0.0
6cd2a399-49d9-4d25-91d0-5976e0661f09,0.0,0.0,0.0,0.0,0.0,0.0
4eac0994-86ce-4842-8f3a-640ef21c23af,0.0,0.0,0.0,0.0,0.0,0.0
cbcac7dd-311f-4c08-94de-b8f12476d509,23.388595183333333,36.61140481666666,6.377157386944445,4.622842613055555,249.0371692097222,0.0
e2447006-e622-4ec5-bcce-fe27455bb1b1,0.0,0.0,0.0,0.0,0.0,0.0
e50f56a0-419a-4813-a6b4-f17b6bca3348,41.70925988333333,18.290740116666665,10.993578804999999,1.5064211950000006,342.77093968583335,0.0
3052e479-d0cb-48e9-8c4b-d153727c898a,13.767264016666667,46.232735983333335,10.0736031175,2.4263968824999997,338.9563116375,0.0
17afec04-0d84-42a5-b93d-82438f9cb75c,32.57694166666667,27.423058333333334,10.692635416111111,1.8073645838888883,343.46598287333336,0.0
ca63ab0e-8379-40ee-94e2-b8f7b94f7a49,19.100305066666667,40.89969493333333,17.267117325277777,0.0,508.36927283305556,0.0
e42d3003-5cca-45ab-aaa4-7ff365f53a2f,0.0,0.0,0.0,0.0,0.0,0.0
cc23cd35-a2f6-46a5-be26-f1f5f13aae00,0.0,0.0,0.0,0.0,0.0,0.0
74366e9c-f0e1-40c8-ad05-12d41908aea3,20.760032799999998,39.2399672,11.80378868861111,2.1959335336111123,365.34164593805554,0.0
6a294088-a7c3-4e33-849b-68b471de6ab2,30.724599,29.275401,12.130784275277778,1.868937946944445,357.7115559202778,0.0
10d2237d-31ff-4b11-800a-8eac9c9a7ae8,0.0,0.0,0.0,0.0,0.0,0.0
3ec76778-f41a-4e85-95a3-40a60770cff7,0.0,0.0,0.0,0.0,0.0,0.0
2e0ebaf5-1045-414a-8fa4-029c6c222b8d,0.0,0.0,0.0,0.0,0.0,0.0
7d823b82-f8d8-4f1e-a8d5-b855a01eeaf9,7.6425599166666665,52.35744008333334,11.353575076944443,2.6297582563888904,363.52227102972216,0.0
fbf48fb5-dcdc-4ad4-ba54-c2f63f18f033,0.0,0.0,0.0,0.0,0.0,0.0
78efa9e4-8cc1-43c4-a0b1-52316f2fbde6,0.0,0.0,0.0,0.0,0.0,0.0
7a242d0e-309c-4915-9755-e9019d69108d,27.79099246666667,32.209007533333335,17.551277028888887,0.0,515.5674958444445,0.0
8ccc4703-2645-4625-a8b3-55d8dba5f89a,20.888813783333333,39.11118621666666,10.307301243888887,2.192698756111113,281.0513624355556,0.0
c98c1c3f-b02e-44f4-949a-739613bcfa25,11.149801366666667,48.850198633333335,9.986207895833337,2.5137921041666638,340.5971841505555,0.0
e44034d4-99c0-4136-9609-9b38bca3b5d3,9.389229449999998,50.61077055,12.1608675,3.8391325000000003,445.17520349611107,0.0
c6ad9035-2f27-450f-9029-3f6450e8fa4a,7.2883645999999995,52.7116354,6.1085119061111115,4.8914880938888885,247.11226024333337,0.0
f3dda818-3c7b-4b29-a0c2-1ee88487bb63,0.0,0.0,0.0,0.0,0.0,0.0
1632a271-fdc4-45ad-8dee-4383d49cde6b,42.080540166666665,17.919459833333335,9.483016106111112,0.0,264.0963228069444,0.0
bbcc6730-efcb-4b84-aec7-44cc48764c73,32.4087248,27.5912752,12.187105990000003,1.8126162322222201,357.92757314527773,0.0
ff1765bf-7e60-455a-9c17-af6db49d1280,0.0,0.0,0.0,0.0,0.0,0.0
e6ab5688-263c-4025-8ffe-03b80ec68358,0.0,0.0,0.0,0.0,0.0,0.0
259ad7a3-209a-4964-8487-ceabf48cff9a,12.428119733333334,47.57188026666667,6.1943116116666666,3.3056883883333334,250.15856724666665,0.0
b5ef9f0e-a00e-4d64-928e-917b8c27d097,0.0,0.0,0.0,0.0,0.0,0.0
a66d6fad-9208-46f2-9d01-b6b822e1d246,0.0,0.0,0.0,0.0,0.0,0.0
806bd58a-fcd1-480f-a702-d33859a4c5b0,38.75768263333334,21.242317366666665,6.637887561666666,4.362112438333334,249.44182535972223,0.0
b8b0ec91-9114-40ef-a744-d717f76f61fa,0.0,0.0,0.0,0.0,0.0,0.0
58e2b0c8-9a4c-4d70-ac29-97c6c7b5217a,0.0,0.0,0.0,0.0,0.0,0.0
fe1c8063-2a9e-4533-98e8-5c6acef21f6c,26.41788496666667,33.58211503333333,10.487917334722223,2.012082665277778,340.7007084658332,0.0
98f5a8db-7d46-4204-9d06-bda639f4e84e,30.01376828333333,29.98623171666667,11.107080549166666,1.892919450833334,346.6086897097221,0.0
c0f6925f-99aa-469e-a8bc-e60a63151966,19.655148516666667,40.34485148333333,17.28476374027778,0.0,508.4303947277777,0.0
3096d8a8-68b1-44d7-a72b-9386de34415b,23.766596516666667,36.233403483333326,6.384212105833334,4.615787894166666,249.09027379361106,0.0
ad0170cb-71e8-4807-b635-764ca52d7035,0.0,0.0,0.0,0.0,0.0,0.0
c162f96a-22f1-44ac-b4d1-2fd4a487d132,0.0,0.0,0.0,0.0,0.0,0.0
ff2140ad-7b57-4e33-9e56-d984b9267ef5,5.238575983333333,54.761424016666666,9.789771316944446,2.7102286830555546,337.78384590083346,0.0
af504211-789f-4bbb-a84b-acc74c3b3baf,0.0,0.0,0.0,0.0,0.0,0.0
11f7f3f7-0448-4a06-950f-d27a226fa632,41.78335093333333,18.216649066666665,9.995973295,1.0040267049999987,335.7824939319445,0.0
d539aa0b-eb16-4b4c-bec9-efd47008cba4,42.93960701666666,17.060392983333333,11.710831758055553,0.0,293.6813308280555,0.0
472802d9-b023-4f94-b4ac-2a8c14d7d24c,16.99719981666667,43.00280018333333,6.270600274444443,4.729399725555557,248.27710386361105,0.0
9c8e341c-31c4-46f5-a8b0-a6554c2be7a9,11.834828883333333,48.16517111666667,10.343525898333333,2.4898074350000003,340.97892073888886,0.0
fe83cc48-bc69-4d8b-8aea-5b5de4560776,38.182485899999996,21.8175141,16.39649732666667,0.0,421.5018037913889,0.0
9e421a56-0363-4401-a6d7-d7071027b936,27.1183947,32.881605300000004,6.440407535833334,4.226259130833333,235.4950637588889,0.0
0658e85b-df86-42e4-aba4-3ba34a00b810,0.0,0.0,0.0,0.0,0.0,0.0
52e24bf3-4d88-493b-8350-13cdb307c74d,0.0,0.0,0.0,0.0,0.0,0.0
43e5d7f6-5458-473d-b30d-e34674f25dee,13.869522166666666,46.13047783333333,11.560459165277777,2.4228741680555563,364.3709728372221,0.0
338485e6-ee73-4e5d-900a-b79d45e8bc61,34.964642866666665,25.03535713333333,6.570188493055556,3.929811506944444,247.42119492249998,0.0
9a48fced-3212-45cb-ae7d-f5a7f619a29d,30.605735466666665,29.394264533333335,6.497584948333333,4.1690817183333335,247.9058445822222,0.0
021d7a16-0bed-4856-83bc-12cfcf53706b,19.351217899999998,40.6487821,10.757825631944446,2.2421743680555544,360.17709107222214,0.0
e1be9144-4959-4424-8c7f-df67b4f09eb9,17.712026266666665,42.28797373333334,6.282433751388888,4.717566248611112,248.36094578750001,0.0
0ba7497c-6d2e-44a6-80bc-adb7e4df214d,0.0,0.0,0.0,0.0,0.0,0.0
83f0e828-5146-46e0-bf86-3ab93221007e,26.541174033333334,33.458825966666666,6.429644915833333,4.237021750833333,247.40449516388892,0.0
696ea15e-c321-4e85-945e-b0152f0d1341,0.0,0.0,0.0,0.0,0.0,0.0
458f800d-2f42-4f7a-8988-5963829d94ef,0.0,0.0,0.0,0.0,0.0,0.0
b081b6a6-34cc-4b77-9f91-72b0207225b0,0.0,60.0,0.0,11.0,0.0,77.0
ce941f48-c687-4984-a5fd-34992953b4cd,0.0,0.0,0.0,0.0,0.0,0.0
7d409bf1-f8fe-47ea-9696-ad0e8aa4fb7d,0.0,0.0,0.0,0.0,0.0,0.0
29c8d898-0107-4a32-8736-fc6c36225db3,0.0,0.0,0.0,0.0,0.0,0.0
6a134b3f-c852-49ba-a6d7-eea1382ecaf3,0.0,0.0,0.0,0.0,0.0,0.0
59590d87-4306-4b76-b908-0aae9da53822,0.0,0.0,0.0,0.0,0.0,0.0
23937dc8-b486-4fe5-aaba-f7fb51ee057b,10.659770533333333,49.34022946666666,6.164771608611112,4.335228391388888,244.52808861194444,0.0
dda91dd6-476e-4088-8688-acdcae433f7a,15.53559355,44.46440645,6.246248340833334,5.253751659166666,248.10802621972223,0.0
647be713-e645-42c7-9cca-632ec4505395,39.67560255,20.32439745,6.649454007777777,4.017212658888889,248.9903316988889,0.0
19f01053-6b57-4a52-8df9-2a8feedf4d54,0.0,60.0,11.186975654722222,1.9796910119444449,345.19792311472224,0.0
006006cb-7763-42bb-af62-0101f6bc2de1,27.99760965,32.00239035,10.540697853333333,1.9593021466666667,342.83974118111104,0.0
19214c87-7951-44cf-a660-1ee46c134b9e,33.81190765,26.188092349999998,6.550963506944444,4.78236982638889,225.30558456333335,0.0
0c8bfdd1-2936-46af-a15a-80a86dcc5925,0.0,0.0,0.0,0.0,0.0,0.0
ff5c598b-b5e0-4309-9ba0-3a2efdb69d2a,0.0,0.0,0.0,0.0,0.0,0.0
8ee08e77-9aeb-440a-a18a-a68840cc31ee,0.0,0.0,0.0,0.0,0.0,0.0
343b6ce6-c6e4-4386-879f-c3c84e321bce,0.0,0.0,0.0,0.0,0.0,0.0
d09c9c66-791c-465f-ad56-169d4173b52c,37.40273565,22.59726435,10.853621296944445,1.6463787030555552,342.2199031619445,0.0
99bf489f-069f-4bea-9ac6-1af2edab9efe,24.420722183333332,35.579277816666675,11.906248624166668,2.0770847091666655,365.8260895730555,0.0
b94116a9-5bfa-4930-9e10-2a165bd581fd,11.112999016666667,48.88700098333334,9.984363918888889,2.5156360811111114,338.5902389208334,0.0
d8b123f3-8fb3-40db-b510-6bbcb9600244,13.845392566666668,46.15460743333333,17.094547900555554,0.0,513.618692761111,0.0
71c14de0-4bdd-4d4a-8e66-d2fcbe205842,0.0,0.0,0.0,0.0,0.0,0.0
fa073601-305e-4a36-8191-b172dd362147,12.6163872,47.3836128,11.535876945000002,1.9638452772222201,349.2429126419444,0.0
c4133cfc-610d-4c6b-a97a-057426889f14,0.0,0.0,0.0,0.0,0.0,0.0
56ef19f1-d0fa-4987-8a92-ed2a8a15c3c4,0.0,0.0,0.0,0.0,0.0,0.0
419d9165-b37c-4171-abd2-99ac1987dd1b,0.0,0.0,0.0,0.0,0.0,0.0
d55b8956-5da0-4a94-9a64-54d53dbd1961,36.50678466666667,23.493215333333335,21.278125804166667,0.0,466.6420381655556,0.0
03243548-0353-4656-8079-7b2f89245a58,20.06645758333333,39.93354241666667,10.280738839444442,2.219261160555557,339.8222773177778,0.0
c29847cf-966e-47e0-a5bc-6d814fb01fb2,0.0,60.0,6.026325744444445,7.140340922222221,422.82456563972227,0.0
76d8462f-620e-4663-8aea-e8f34857693a,28.188099299999998,31.811900700000002,14.048294359722222,0.0,427.55599395611114,0.0
cf3764f7-c67c-492a-aead-ad7ddb06b3f7,30.114113850000003,29.885886149999997,11.0899696225,0.0,296.1006281780555,0.0
982bc638-b74b-4cc0-873a-11a08a48e99c,25.31818955,34.68181044999999,1.6666666666666667,0.0,0.0,126.02119236861108
94c456fd-a8f1-4a96-acfd-aba171f5fe5f,16.01802115,43.98197885,6.254479608888888,4.745520391111112,212.16363692000002,0.0
a5acef1c-faec-4c3e-a4de-b862e7f453a0,17.677671649999997,42.32232835,6.281858127222222,4.718141872777778,248.35971794194444,0.0
f9d73b16-3b92-45f6-b482-15983f447969,24.584823016666668,35.41517698333334,6.397189002777778,4.602810997222222,249.1769203594444,0.0
9b38557c-70fb-4598-92a0-b0d5ea60d566,0.0,0.0,0.0,0.0,0.0,0.0
8250d659-ce29-485f-a0ce-7e7a5c9e657e,0.0,60.0,0.0,11.75,0.0,84.25
78c9f192-880d-4cdd-90b1-544d88a2f6b9,39.23911828333333,20.76088171666667,6.646379369166666,4.020287297500001,248.91011328305555,0.0
fde780ae-d0ca-4eda-86eb-615ef07088df,22.830646650000002,37.16935335,6.3681079375,4.6318920625,248.96146323055552,0.0
a50683ae-6f20-445a-8665-6fbb4209a702,0.0,0.0,0.0,0.0,0.0,0.0
449aaeca-c676-4c18-9695-d656c3b7a239,28.214004550000002,31.785995449999998,12.047803760277779,1.9519184619444443,354.36518849666663,0.0
5a510337-2658-491e-92f7-e9b2eb22c484,32.53901451666667,27.46098548333333,12.19117821111111,1.8085440111111126,366.9390352627778,0.0
662efea6-4daa-4118-9df2-3e4e7a7824bd,0.0,0.0,0.0,0.0,0.0,0.0
baa09595-a86a-4fab-bbf0-44c54010a5f4,0.0,0.0,0.0,0.0,0.0,0.0
8361651c-ded1-420a-a76d-e27faf3ce535,0.0,0.0,0.0,0.0,0.0,0.0
65f8b53c-9bb8-4124-8011-fb5f58359433,5.461784083333333,54.538215916666665,9.796674075555558,2.7033259244444423,339.8134645638889,0.0
57681cb2-cbe2-4aa7-82ff-800a8a4c8ec1,36.15101515,23.848984850000004,14.812539186944445,2.187460813055556,433.05499111861104,0.0
b0b5688d-c78a-44ee-af72-e2e946f854a6,9.0839739,50.916026099999996,9.91825044027778,2.5817495597222213,340.2713901397222,0.0
d97e233c-f389-45d4-9560-5c0bebc6013d,4.952095966666667,55.04790403333333,10.281007914166668,2.7189920858333325,343.2094993194444,0.0
1d6d6cbd-4ae8-434a-965e-e711059a6a30,32.15417855,27.845821450000003,12.178360397222223,1.8213618249999997,366.88517758222224,0.0
94b19178-b5f6-4f4b-9bc7-0ddf295f4129,0.0,0.0,0.0,0.0,0.0,0.0
ba05a6a9-b8dd-44b6-9cdb-45cb3383dbcc,0.0,0.0,0.0,0.0,0.0,0.0
633c15ac-c89d-412e-9b24-e164e6c5477a,3.868401233333333,56.13159876666667,11.227876645555556,2.255456687777777,347.9497754580556,0.0
034ce982-3714-44d2-92bd-2ecbb19418f3,13.378102866666667,46.62189713333333,10.060799888888889,2.439200111111111,307.12990590527784,0.0
779f2dc6-45ea-4a77-9bf0-88015ba35777,0.0,60.0,0.0,10.416666666666666,0.0,75.41666666666667
a497a00b-a3f9-4fef-9049-acb04a811a58,30.047064566666666,29.952935433333334,11.108521443055555,1.8914785569444454,352.59937314361116,0.0
3142a417-bbe7-4b7d-ac84-fa4b3aedd46c,22.218824316666666,37.78117568333334,11.851184650833336,2.148537571388887,365.5157435475,0.0
a3d1ec03-9fef-4b4a-9f41-248e7800ea15,18.35506828333333,41.64493171666666,10.226005839722225,2.273994160277776,341.5021742733333,0.0
0bcf55b0-4714-4084-b312-4cb3d1075003,17.642467683333333,42.35753231666667,10.201750363611112,2.2982496363888885,341.42138479305555,0.0
b46eeb59-e059-4536-87e1-410ffde5a1dc,31.08348476666667,28.91651523333333,11.143017826944444,1.8569821730555567,334.7691242249999,0.0
c551ed8d-9919-46be-8ac2-ea9d2b811545,0.0,0.0,0.0,0.0,0.0,0.0
4aafbc17-c7a0-49ac-ba84-39386275aa05,0.0,0.0,0.0,0.0,0.0,0.0
d4186c8f-6953-4bdb-ad7e-94a1eb12e2c7,0.0,0.0,0.0,0.0,0.0,0.0
aa26ed88-2869-4ffb-b44e-463d4a238f12,29.53863491666667,30.46136508333333,9.590588718888888,1.4094112811111112,252.98832457638892,0.0
ad4a4c8a-c248-4226-9b30-47c3dc5b743f,36.16813033333334,23.831869666666663,12.295478580555555,1.6878547527777785,367.4480421880555,0.0
c8e4b364-6b94-44d9-aa47-0d0e586e3166,30.298988966666666,29.701011033333334,6.492454138055556,1.929414488333333,222.4114549741667,0.0
40ceaee7-47cd-4ae0-ade7-64b106a5cae7,4.529232533333333,55.470767466666665,6.062533110277778,4.604133556388889,244.79698463361115,0.0
3ff5fc1b-32cd-4437-bd2e-bc4c64870ca3,35.03217933333334,24.967820666666665,9.77400356277778,1.7259964372222203,334.89020503472227,0.0
aaef4cfb-eade-4ddc-95a8-fa6358abbfcf,0.0,0.0,0.0,0.0,0.0,0.0
b98897d9-6ce6-4bdf-bbc0-c0149878cdf2,9.279996899999999,50.7200031,6.142007643055555,4.357992356944445,244.36144372527778,0.0
b7ab1821-9fda-4f35-908b-443f194c957b,35.03108795,24.968912050000004,6.571583906111111,4.428416093888889,249.39499171999995,0.0
3b96245d-ca6b-43ba-bb71-1b89137b3676,37.11599991666667,22.88400008333333,10.84422191111111,1.65577808888889,342.0736547819444,0.0
d1091536-b502-49d8-bc21-6a554a2d3eef,0.0,0.0,0.0,0.0,0.0,0.0
87c6ec1c-2b91-4c50-a594-b402f1f8d334,0.0,0.0,0.0,0.0,0.0,0.0
4e43073d-feb3-4156-aa52-b654a0cc2712,33.254676483333334,26.745323516666666,10.714585876388888,1.7854141236111112,343.6455259433333,0.0
82eedff3-5c5b-40f6-b912-df34f8e0c064,40.28235365,19.717646350000003,19.425980251944445,0.0,452.85258540999985,0.0
a7b43b9c-f5d3-477b-b839-311bd37265cb,29.7078764,30.2921236,15.11589851611111,0.0,435.77861472916675,0.0
3a0e4cca-2531-4838-a88d-29142ecb5155,13.734171049999999,46.26582895,6.216091017777777,5.283908982222223,247.89320607722223,0.0
493c9878-1900-4235-a6d8-2e424c998f19,13.573876166666668,46.426123833333335,10.067517028888888,2.4324829711111122,338.92966591638896,0.0
738df2d7-b280-4762-957f-d89a17373e2f,21.099053316666666,38.90094668333333,6.339042701944444,4.160957298055556,245.7672817680556,0.0
fb2015f5-81e1-413f-9bb0-0ca25ee3b682,0.0,60.0,0.0,11.0,0.0,77.0
6b2fa7cd-1656-41b1-8bba-23f13e41ee73,26.904690133333336,33.09530986666667,10.840519094722222,1.9928142386111116,343.0365284925,0.0
b0e30b74-48d1-4a84-b387-6958c706362b,23.660217266666667,36.33978273333334,6.383097707777778,4.616902292222222,249.08780477416667,0.0
56e05f85-eaab-4ad6-b288-22d51cf2f37f,0.0,0.0,0.0,0.0,0.0,0.0
83f7cec7-ad6b-4633-b424-b5d393399c03,0.0,0.0,0.0,0.0,0.0,0.0
f07dd09a-5888-4fc1-9317-5d9b46388120,0.0,0.0,0.0,0.0,0.0,0.0
9794b90e-6326-44ef-bdf5-83a6d1ba388e,9.243367983333334,50.756632016666664,6.141441173888889,4.858558826111111,247.3619761452778,0.0
b8cb4f94-f77a-490f-b730-ea97d0d01628,12.633097816666666,47.36690218333333,6.1976998975,4.468966769166666,245.76034995388886,0.0
7f38d882-8df3-4485-9155-ab7e43e115b8,30.335229316666666,29.664770683333334,10.617814019444445,1.8821859805555545,343.2405889469444,0.0
ef072bb8-d75f-4931-9fb8-6267ce72afd5,0.0,0.0,0.0,0.0,0.0,0.0
7380b66c-b727-4e0c-987a-c5656237f07e,4.4586701500000006,55.54132985,16.781479121666667,0.0,458.0158348133333,0.0
f193e754-24ec-4f4d-b7e3-09957f29d455,27.5205655,32.479434499999996,9.524955256666667,1.4750447433333325,333.85430805166675,0.0
26cf10e2-185d-4cd2-9d19-dcb722ba15a2,33.52554488333333,26.474455116666665,14.724894003611112,0.0,431.6565648175001,0.0
e1dfcc10-9fa7-4ca1-9b4e-9750513c0234,32.62835955,27.371640449999997,10.693695703333331,1.8063042966666683,343.54935040861113,0.0
6f4375dd-1c0e-445a-88cb-1621d2849376,5.275452133333333,54.72454786666666,16.80873898277778,0.0,512.4956855963889,0.0
61294aeb-17fa-4e2d-93a0-e39566c12533,32.51300525,27.48699475,6.529483443611111,4.137183223055556,248.13956316500003,0.0
93835a7d-d2f1-43aa-aad2-ab623b3b2bdd,26.033272316666668,33.96672768333333,14.478946328611109,0.0,445.92836877,0.0
7f06abd6-0f82-4b11-8ee7-c1bdf0a14f88,20.402175283333335,39.597824716666665,11.79185408611111,2.207868136111111,365.3036479208334,0.0
c59baeb6-1ef9-4acf-86f2-f1358e360156,0.0,0.0,0.0,0.0,0.0,0.0
ef97fdcb-80c9-472c-9f39-13729b8a361c,0.0,0.0,0.0,0.0,0.0,0.0
f226c398-9b39-47a2-9b9c-457befee25f7,0.0,0.0,0.0,0.0,0.0,0.0
c568629c-09d7-476c-a528-9324c167e0e3,0.0,0.0,0.0,0.0,0.0,0.0
a319a5df-5771-4bf3-93d6-dd9e38bc6236,0.0,0.0,0.0,0.0,0.0,0.0
6be5b045-fd16-4feb-bdc8-a581d4edff53,6.342688283333334,53.65731171666666,11.309633401111112,2.6736999322222212,363.34043099,0.0
4145e4d0-3ce7-43cd-8655-52d833ce2135,0.0,0.0,0.0,0.0,0.0,0.0
6a2ccb09-4be1-4db6-aedd-e44a39de57f8,4.9181995,55.0818005,6.069313443333334,4.597353223333333,244.83455264305553,0.0
23db1609-0f16-485e-9023-d95296c16f74,5.1234018,54.8765982,6.072413385277778,4.594253281388889,244.84651811499998,0.0
fd18fb73-54e6-476a-b8f0-5edc3d13e704,0.0,0.0,0.0,0.0,0.0,0.0
365859ba-3c48-4f31-afaf-b56dee16c6dc,0.0,0.0,0.0,0.0,0.0,0.0
fefabd23-83ac-418e-a84e-90c74fb0a3f7,0.0,60.0,0.0,11.0,0.0,77.0
cf67a5e6-d7a1-4d31-be19-f365646bd429,0.0,0.0,0.0,0.0,0.0,0.0
360430e0-b49f-4401-a21a-c2fae4fba841,38.23505115,21.764948850000003,10.88038645,1.6196135500000006,333.08707697861115,0.0
84919fc9-97e4-48f5-8a6e-e6d4c25bf83a,40.311435816666666,19.68856418333333,6.65846525138889,3.84153474861111,265.1250152677777,0.0
5dec1c4e-a503-48ce-a7f4-007fe9245ed3,0.0,0.0,0.0,0.0,0.0,0.0
a908a593-e26b-43cc-8944-4bb5a9716057,29.911742633333333,30.088257366666667,10.603690852777778,1.8963091472222227,343.1816742383333,0.0
d7f0485c-bd65-4c52-9ace-f5ef3f67ed62,12.869613816666666,47.130386183333336,11.52659723388889,2.4567360994444445,364.23123880555556,0.0
d925604e-dc13-458a-9d8b-f78c25c6296f,0.0,0.0,0.0,0.0,0.0,0.0
4cd37898-e8f8-42fb-a03b-7061d419a4b1,0.0,60.0,0.0,11.0,0.0,77.0
b0b2f2a1-51f0-4461-8f70-1d923d6be482,0.0,0.0,0.0,0.0,0.0,0.0
bb32569b-f548-4d7c-92f3-04817c7760ba,0.0,0.0,0.0,0.0,0.0,0.0
208cd12d-a066-4267-a1bc-fa89369874bb,0.0,0.0,0.0,0.0,0.0,0.0
05c494b1-9f50-4e50-b065-7f153e9c9e19,0.0,0.0,0.0,0.0,0.0,0.0
55f1de3e-a115-450f-8e04-5b122c91cf7a,26.64350745,33.35649255,10.50062169388889,1.9993783061111106,342.75764078111115,0.0
76768a8a-3106-4065-95d4-bc9a7e748838,41.41121698333333,18.58878301666667,6.67628026388889,3.823719736111111,265.24281697333333,0.0
75a259c0-bf9a-48b0-b99e-d38669fab726,19.822046133333334,40.17795386666667,10.273087281666667,2.226912718333333,339.7876018377779,0.0
d325a71d-a172-44bc-9bd7-dce55ac84e15,0.0,0.0,0.0,0.0,0.0,0.0
a74d9d7a-7ff2-4f0d-a6ff-2c40f0d48a3a,26.4003923,33.5996077,6.4273826075,4.5726173925,249.23517604361115,0.0
90601b97-21d0-4ddc-bc70-e48780f73ada,44.70146616666667,15.298533833333332,11.563755705555558,0.0,297.98740809694436,0.0
0a8e31f4-f257-4957-8be4-3c60b1be772e,0.0,0.0,0.0,0.0,0.0,0.0
350b23b3-6d63-49d5-ac78-7061e713f5f8,13.699958233333332,46.300041766666666,10.071810736944446,2.428189263055554,320.2443283602778,0.0
3020191e-70c2-44be-b080-34e6b85f1d9d,30.013566033333333,29.986433966666667,6.487699161944444,4.012300838055556,246.8363334669444,0.0
faa47482-54a6-4aaf-a2fb-0e43341ca328,7.92697415,52.07302585,9.880342414166666,2.619657585833334,338.15415064388884,0.0
ba16207e-4688-4a0b-8f5f-8b95abb9c064,15.374766116666667,44.62523388333333,11.61122511361111,2.3721082197222234,364.5788635180555,0.0
fd85a9e3-6ffc-439d-8884-888748a60bd8,21.711559116666667,38.28844088333334,10.334344330833336,2.165655669166665,340.05165210972217,0.0
9ea11a8a-9631-4389-b1cb-7fcbe7c087ba,38.8302337,21.1697663,6.636204612499999,4.030462054166668,248.89828017500002,0.0
ed9cbf35-2600-4bec-a7b6-5bf0abc77455,4.426024016666667,55.573975983333334,6.060807135833334,4.6058595308333325,244.7818678247222,0.0
e9f7badc-bff5-412d-90b9-3cd19b417572,25.282733133333334,34.71726686666667,14.452394355277779,0.0,496.82830486305545,0.0
96c0fb72-08aa-4623-a888-c2c66367b11b,0.0,60.0,0.0,24.0,0.0,168.0
07fcdf4b-3dd4-40e6-bd55-5f4014d1cbc5,40.02520596666667,19.974794033333335,11.411005947777777,0.0,239.87809544416663,0.0
fdd3b171-0d83-4d71-b291-ff13883fb227,35.626677083333334,24.373322916666666,6.581290709444445,3.918709290555556,247.50060780416663,0.0
6574cd6c-db16-433f-8bbf-b8af20c292c0,0.0,60.0,0.0,11.0,0.0,77.0
b8f24455-b6ba-4e60-8d75-a1f827113a6b,0.0,0.0,0.0,0.0,0.0,0.0
dfa202c5-24e8-4a24-8a1a-2d3f63abdbc7,0.0,0.0,0.0,0.0,0.0,0.0
6968b610-f362-4fe8-9b8d-cb05f6b7b3f5,0.0,0.0,0.0,0.0,0.0,0.0
af5b359c-2e15-4ad1-a8b4-a6ad1c511e91,11.244748866666667,48.75525113333333,6.174735284722222,4.825264715277778,247.60236982000004,0.0
4bf824fb-74b8-4ef0-9a66-747f3bce14c2,23.372966650000002,36.62703335,6.376869837777777,4.289796828888889,247.04018879611115,0.0
3aa7772f-571f-47fa-8d3e-b46bbf032510,37.57290881666667,22.42709118333333,14.8602556225,2.1397443775,431.73690299944434,0.0
c2a64956-7332-48c9-92d5-7d2bbec30471,36.37128966666667,23.628710333333334,6.593745905833333,4.072920760833334,248.5901155197222,0.0
18570580-f9ae-4543-88ce-894e4b34f279,39.812534150000005,20.18746585,6.651088105833334,4.348911894166666,248.00327508611113,0.0
1fe8e5fc-76f8-4fca-81c3-54f3273e134a,0.0,0.0,0.0,0.0,0.0,0.0
1f8f8283-ede1-4bcb-9a6b-21200221452f,37.77661653333333,22.22338346666667,6.6173109116666655,3.882689088333334,247.76094022999996,0.0
672ba2ef-ea87-4023-ada2-f7d0ce8fff07,6.5448018333333335,53.45519816666667,6.096058256666666,4.903941743333334,247.0371156863889,0.0
f70f93a1-4ee1-45c9-b262-481e83bca404,22.863643000000003,37.136357,6.36869242861111,4.63130757138889,248.98227207555544,0.0
fefec6c9-1b0d-4e0f-b5dc-86711c84e42f,40.89927264999999,19.100727350000003,13.206043070833331,0.0,332.2946262836111,0.0
7d1c6aad-a7ca-4da3-a50a-eeb88cb94a39,0.0,0.0,0.0,0.0,0.0,0.0
70d34dff-ffc5-40f0-ab45-dc2613ccf94b,0.0,0.0,0.0,0.0,0.0,0.0
f9a43aba-32fd-4b77-8ae8-946d79fc5c60,0.0,0.0,0.0,0.0,0.0,0.0
f044ec1a-a4a6-4758-8118-cc4aa68ad47c,16.577882383333336,43.42211761666667,17.183859658333333,0.0,514.07143566,0.0
b5fe57d6-af55-4a80-88fb-b5e9c280e187,6.511131183333333,53.48886881666667,9.832359543055556,2.6676404569444436,329.24610008111114,0.0
9947ee90-7118-496e-a9c4-3b506ba0b6eb,29.132853800000003,30.867146199999997,10.576721589444446,1.9232784105555543,343.07951900499995,0.0
73e98533-6f66-4009-9c69-a2eb04bc2f6f,0.0,0.0,0.0,0.0,0.0,0.0
82d133de-6761-4887-8b74-73d7dbba76c5,0.0,0.0,0.0,0.0,0.0,0.0
45670662-cc19-481a-9f28-5247f6a71629,0.0,0.0,0.0,0.0,0.0,0.0
d056756f-5b52-4dca-a4df-638266355748,0.0,60.0,0.0,10.416666666666666,0.0,75.41666666666667
783c19f5-1859-4136-bb42-a71cfaa7e9de,7.00195175,52.998048250000004,6.10371800138889,4.89628199861111,247.06156504972228,0.0
e265a9bb-7a87-4260-b50a-f062f15a54b1,0.0,0.0,0.0,0.0,0.0,0.0
06ad5ed8-6501-4d6e-8cb5-5cc2c657bf0a,9.438708466666666,50.56129153333333,9.93009788,2.56990212,338.30606477249995,0.0
9dd990b3-e845-4db9-93de-e5e10310a6cb,24.088092833333334,35.911907166666666,6.389202413611112,4.610797586388888,249.12242164805556,0.0
3dd3589e-c163-47d1-b08f-56026a8a4578,0.0,0.0,0.0,0.0,0.0,0.0
6f6616ef-2c9d-41e6-bc0b-977930627d94,0.0,0.0,0.0,0.0,0.0,0.0
b391b52f-2f48-48f9-b33d-7683c2731b9d,5.106551033333333,54.89344896666667,11.268692422222221,2.7146409111111116,348.1857470661112,0.0
aa777695-0092-4f26-b535-9f2a26582d65,10.97932455,49.02067545,6.1667853699999995,4.8332146300000005,247.54812024583327,0.0
3d718803-793d-4ef0-8ba4-7f8dad325450,36.70948956666667,23.29051043333333,10.829525824166668,1.670474175833333,344.1144388844444,0.0
2633512a-de8d-405e-a986-3d0f9c4b639a,0.0,0.0,0.0,0.0,0.0,0.0
78b0cbfa-355a-4575-af14-53c2dd719bee,0.0,0.0,0.0,0.0,0.0,0.0
94d3f74f-3534-4f11-a01b-4165b9ffbce7,0.0,0.0,0.0,0.0,0.0,0.0
e6d09da1-b8e4-4023-9a6c-083685e49b98,0.0,0.0,0.0,0.0,0.0,0.0
67772841-8925-4ba8-8b33-2d31211f4515,0.0,0.0,0.0,0.0,0.0,0.0
c0be7fd1-3604-42a5-b2dc-49c82876f315,37.30199363333334,22.698006366666664,6.609393590000001,4.390606409999999,249.44668015916668,0.0
c0cc950d-7a5a-4ea4-ae4b-25d1ca5ba69f,0.0,60.0,0.0,23.99972222222222,0.0,167.99805555555557
b0d02a84-eafb-4df0-bd41-8fb104046f71,28.77732028333333,31.22267971666667,12.065927750277778,1.9337944719444446,354.43805004055554,0.0
5fc6cc30-21f9-4d37-8e6a-03b30f1c5b20,36.54104553333333,23.45895446666667,12.324712411666669,1.1750098105555542,352.4997375013889,0.0
f52c96e6-3658-48d4-b8a8-ff1651189dcd,16.865186733333335,43.13481326666667,6.268293003055556,3.2317069969444443,239.25944771472223,0.0
daa8ac63-37f4-484b-911c-a87950760475,0.0,0.0,0.0,0.0,0.0,0.0
53fdd3cf-30ec-4e14-b0b9-93c46e7d58ca,0.0,0.0,0.0,0.0,0.0,0.0
08713845-29a2-4d5f-8aaa-e480e45425a7,0.0,0.0,0.0,0.0,0.0,0.0
edf5fcb3-09ae-4493-9569-274545d3ba40,31.0415852,28.9584148,13.126728506944444,0.0,325.807233646111,0.0
b7cf2f10-f34a-4179-ae61-263377e7c998,30.365165,29.634835,6.493603800833332,4.506396199166668,249.3203343486111,0.0
c70b0ef3-cffb-4c65-b4b8-b3b8972edd3b,0.0,60.0,0.0,24.0,0.0,168.0
327f40b6-5d1a-4f50-8437-bdfb477a4d43,34.172771233333336,25.827228766666668,10.586210610833335,13.413789389166665,78.60799096027777,89.39200903972223
1feccee7-8984-4e56-9dda-2c6ea9acb72f,14.546649333333333,45.453350666666665,11.583139290833335,2.4001940424999986,364.4601959588889,0.0
1a2dcbb6-1276-459d-a638-b83e1bc83c86,0.0,0.0,0.0,0.0,0.0,0.0
cb772e81-8af8-427f-9cc2-18fcf38b0799,51.048415999999996,8.951584000000002,11.523645757222223,0.0,322.9314007305556,0.0
c3f6c744-e5ab-4416-950a-1e15b5c9efcd,36.08168225,23.918317749999996,6.588946517777779,3.9110534822222216,264.6272956866667,0.0
844cf851-3a66-4173-9f11-68a3603bcdc4,0.0,0.0,0.0,0.0,0.0,0.0
83b84e9c-350d-41a4-be0d-8446e448e4c3,40.64583823333333,19.354161766666667,12.442384428333332,1.0409489050000007,353.03759931138893,0.0
9072b57b-6f4b-476e-9a4c-9d21324c2c4f,34.35550845,25.644491549999998,6.560012761388888,4.106653905277779,248.34852083666664,0.0
d88c85cf-42aa-4d91-8a74-dd847df2a564,0.0,0.0,0.0,0.0,0.0,0.0
d4972ae1-926b-4a61-a355-ad7709a3ced5,18.489297766666667,41.510702233333326,6.295449558055555,4.704550441944445,248.45199610194445,0.0
85ab17cd-0664-49f7-bcda-ef98b765590f,0.0,0.0,0.0,0.0,0.0,0.0
daa5008f-a2d9-4f9c-afdc-b3eda83a4497,0.0,0.0,0.0,0.0,0.0,0.0
9cee6af2-782f-465c-8301-d7724d58d800,0.0,0.0,0.0,0.0,0.0,0.0
12cd50cb-4979-4fbf-9cfe-81ec55806ce8,4.986679783333333,55.01332021666667,6.070135020833334,4.429864979166666,245.48677004222225,0.0
332d0c9a-323c-4007-ad24-701e8de799a2,0.0,0.0,0.0,0.0,0.0,0.0
2f5ca8dd-1695-47eb-bd6a-a3b1115c5f0a,34.28652305,25.713476950000004,6.558870554444446,3.9411294455555548,264.4176763338889,0.0
03e68343-17dd-4c83-b885-a392ffe1ec29,17.287649833333333,42.71235016666666,6.275388502222222,4.3912781644444445,246.31841637305556,0.0
d756644f-dbb4-4f45-b562-d4df3e69b920,5.6988259999999995,54.301173999999996,6.0823048688888885,4.4176951311111115,243.9087555336111,0.0
5b94dd83-977e-4584-8d12-9094c79bec3d,0.0,0.0,0.0,0.0,0.0,0.0
e6c43e5c-0a7e-4029-aa33-71f276cccfcb,0.0,0.0,0.0,0.0,0.0,0.0
fca8e945-c932-414b-9ea3-a2d88f27881b,0.0,0.0,0.0,0.0,0.0,0.0
32b52a2b-b958-42ae-8e11-be57b654ab84,41.88108945,18.118910550000003,15.000080956944446,0.0,432.61683678666674,0.0
f85fa026-e231-4026-8b03-ab1a119f6743,6.676385616666667,53.32361438333333,6.098284162222223,5.401715837777777,337.24289619722214,0.0
c45f3d8d-7120-4848-898f-fd6d2d676d97,9.2150313,50.7849687,9.92320222361111,2.576797776388891,338.3283518102778,0.0
fb1ce487-93f7-485c-8a91-42cbad973386,25.622233366666666,34.37776663333333,10.462803715,2.037196285000001,342.512077175,0.0
5e2884cf-dcff-4320-85b1-881105855a70,12.528525766666666,47.47147423333333,11.532344096388886,1.9673781258333354,349.21484926444447,0.0
8946966b-3b20-4292-8a65-86c7bd145276,0.0,0.0,0.0,0.0,0.0,0.0
5b3a09b0-8250-483a-b59c-7195786a1a30,39.861762999999996,20.138237000000004,14.936463060277777,0.0,432.3995660300001,0.0
9d05fbaf-733b-4b74-af6f-d06d99512165,0.0,60.0,0.0,17.983333333333334,0.0,125.88333333333334
d7230422-59b4-4cba-80cb-61317f4e86c8,4.037663883333333,55.96233611666666,6.054295437222222,4.945704562777778,243.73811394638886,0.0
05282852-b122-45ac-84b8-a2c942fb6f51,27.825842683333335,32.174157316666665,9.534589754166667,1.4654102458333322,333.89262480777785,0.0
45b005a2-5f3b-4e56-addc-d2682442051c,31.359195066666665,28.640804933333335,9.65169383972222,1.3483061602777788,334.3853894183333,0.0
811f385e-413b-4713-a090-3d3bc78c546d,15.57343735,44.42656265,6.246875531944444,4.419791134722222,246.113926435,0.0
47cd889d-fd15-4827-9f7e-4577be1260f7,41.1739956,18.826004400000002,12.45894735111111,1.5243859822222232,365.1733144513889,0.0
a99bbef7-054f-42b7-aa0b-56c9797afff9,7.740294216666666,52.25970578333333,11.35703880472222,2.6262945286111123,348.54488130166663,0.0
364b3704-e291-498d-8f44-31b57afc121d,0.0,60.0,0.0,12.999722222222223,0.0,90.99805555555555
90bea824-e98d-4588-b1d1-95508b49f2fe,10.725903816666666,49.274096183333334,6.165881037222223,5.334118962777777,248.95063802583334,0.0
654e2f00-f052-4b7f-a036-76396d46ab46,10.523781033333334,49.476218966666664,6.162609656666667,4.5040570099999995,245.51515953250004,0.0
1e35e5bd-93f3-438f-8de7-7877e79f6652,22.96662846666667,37.03337153333334,6.370102575,4.629897425,248.98035342000006,0.0
0b2ffa63-52ad-489a-bbec-9f73de2b45e8,13.361283366666667,46.63871663333334,17.078009879722224,0.0,509.0529986969443,0.0
edc2d397-6852-4df3-8135-ce60089c6302,26.08427963333333,33.91572036666667,11.979718345833334,2.0200038763888895,366.0634145525,0.0
4945d0f9-c310-4f0b-b99a-d5ae8fadd715,12.968764850000001,47.03123515,17.064416339444445,0.0,513.5098057761112,0.0
86b1a5bd-be58-48fe-b4a9-70c34deac0dd,0.0,0.0,0.0,0.0,0.0,0.0
0d2388d6-5ac1-4cd7-8a70-08ad55c9141d,0.0,0.0,0.0,0.0,0.0,0.0
0143bd74-2221-4765-9064-ce416f00ee6e,0.0,0.0,0.0,0.0,0.0,0.0
5ff871e7-df4c-437a-b743-d6f6ba1722ee,9.743544683333333,50.25645531666667,16.95721855722222,0.0,513.1115980233334,0.0
74d7d83f-039d-4316-8713-d38445d95cfc,40.817153266666665,19.182846733333335,12.446073814166667,1.5372595191666671,368.0709078666667,0.0
16c5c1f3-eef9-456d-94ec-071ff7a2d3ab,23.572716566666667,36.42728343333333,6.380259223611111,7.603074109722223,360.2087381402778,0.0
a3805c5d-e5e6-4458-8b25-14856c87aaca,38.96397686666667,21.036023133333334,12.65501809,3.34498191,472.3438303894445,0.0
d3c629fd-ed2a-4fee-9af2-62ca99f37cfd,9.008717183333333,50.99128281666667,9.915883457222222,2.584116542777778,340.2622049988889,0.0
18e6317d-9e44-4996-bd7e-f33da104d065,12.491852266666665,47.50814773333333,11.531233085555554,1.968489136666669,349.21853102805557,0.0
0291c820-61c0-4677-a883-cc86a5ff35e1,17.030751883333334,42.96924811666667,10.182013529166667,2.3179864708333318,339.3391906844445,0.0
d153fc5c-79b6-4c5a-984d-18a33c271471,0.0,0.0,0.0,0.0,0.0,0.0
b0550b6a-bf9f-42fd-ade3-bb98acd74fe0,0.0,0.0,0.0,0.0,0.0,0.0
e3e0a8b6-a850-4ce9-bf71-0e2f215448f2,35.559309666666664,24.440690333333336,12.29185663361111,1.2078655886111118,352.36726855250004,0.0
88bf3521-05a3-48a9-a24b-62f8a3ba14fb,0.0,0.0,0.0,0.0,0.0,0.0
5f856c72-9094-446a-978f-9877aa2fd878,32.221992033333336,27.778007966666667,14.680854842499997,0.0,431.51005126583334,0.0
415d661c-546c-481f-87e1-2eabd1989ec3,12.886819800000001,47.1131802,17.061165898888888,0.0,513.5018963463889,0.0
97ad540b-6d26-420b-9bd6-bc9ba6a44cee,0.0,0.0,0.0,0.0,0.0,0.0
a9ab7ea0-4bbb-4f2b-9b5f-ade87f912a9c,39.992819383333334,20.007180616666666,13.426427079444446,0.0,324.6692259744444,0.0
6077f02e-2ee7-4e41-9fbd-79842be8c35f,19.123111583333333,40.87688841666667,17.267864410833337,0.0,514.36101953,0.0
850a04dd-8174-456f-929e-a4d730bb1aff,32.61016451666667,27.389835483333332,10.027088553055554,1.8062447802777792,336.7951237580555,0.0
860d520e-bf9e-4721-8513-99501134d11a,0.0,0.0,0.0,0.0,0.0,0.0
28eee68b-46fa-4d80-af12-31e17b553217,0.0,0.0,0.0,0.0,0.0,0.0
a3b5fe88-4c52-4c08-a1f8-579e6dd57067,40.229570433333336,19.770429566666667,14.946185481111112,0.0,432.4441253005555,0.0
8e546f94-ecc4-48ef-84c2-3e7573992a76,25.864429616666666,34.13557038333333,10.970350187222222,2.0296498127777785,361.1034655222222,0.0
4099c401-d831-47ef-8cfb-fa08df5b8296,40.84874883333334,19.151251166666665,10.464066545833335,1.0359334541666654,339.1766963655556,0.0
f18b461b-bb09-4661-8ed8-bccfdb9ea77c,37.827066083333335,22.17293391666666,12.635053117499998,11.364669104722223,499.7170183594446,0.0
157b3663-c5b6-49c1-b652-921d96b40cbc,38.08135955,21.918640449999998,6.622668778055555,4.043997888611111,248.76344590416664,0.0
d6f955c5-aa0e-451e-9825-60b7d5b9de7f,0.0,0.0,0.0,0.0,0.0,0.0
28a2bcab-91d3-40be-9805-9154180f606d,0.0,0.0,0.0,0.0,0.0,0.0
29de0916-90ff-466e-8830-2ba72fa84768,34.03293016666667,25.967069833333333,10.574434686666665,1.7588986466666676,232.42240986555555,0.0
79ee2465-0a9e-4777-bb97-43922d2df3e0,0.0,0.0,0.0,0.0,0.0,0.0
a92a03fc-a8b5-4936-8436-b11041baeb99,0.0,0.0,0.0,0.0,0.0,0.0
1d4a7a44-f5bb-4520-8715-c984c288201a,0.0,0.0,0.0,0.0,0.0,0.0
e59dc5cc-f2f3-420c-bcaf-312fb2dbf548,27.032333633333334,32.96766636666667,11.991603709722222,1.9917296236111117,366.1865677933333,0.0
1a77aa35-177c-488d-ae8c-a40a2348b0ee,31.041679883333334,28.958320116666666,14.642689834722221,0.0,425.44832446805566,0.0
4cbe33a0-dbbb-4919-923a-18f963480e8b,4.801506233333333,55.198493766666665,6.067052501388888,4.599614165277779,232.82211086277778,0.0
8022ffd6-dd3e-4540-b9e5-37d1bf828526,0.0,0.0,0.0,0.0,0.0,0.0
c72d2f8c-0460-4b70-88ff-21e15a3d102f,0.0,0.0,0.0,0.0,0.0,0.0
b6cce054-96ab-425b-803e-5fbd96908c8a,0.0,0.0,0.0,0.0,0.0,0.0
136bf0c2-6da7-4611-b4f1-18d117326ac6,15.748187183333332,44.251812816666664,6.2496896697222235,4.7503103302777765,233.51855602083333,0.0
e7a47ccb-91db-4dfe-96ed-00427280c8c2,0.0,0.0,0.0,0.0,0.0,0.0
d8e1fd2a-4590-4b3e-9ef4-adeae23dfc70,23.52752125,36.47247875,6.3793516497222225,4.6206483502777775,249.05812255749998,0.0
3afe74f8-8c4d-4b23-b4d9-17aaeab5701d,0.0,0.0,0.0,0.0,0.0,0.0
1505a062-3913-4755-9e90-01bb22bdc9e1,0.0,0.0,0.0,0.0,0.0,0.0
ac7a2fa5-a2ed-44b4-b552-d5b4213036d6,0.0,0.0,0.0,0.0,0.0,0.0
acbb9bf1-8f94-4adb-8ce4-1b8aa25afcdd,23.46818305,36.53181695,11.875351754444445,2.1079815788888885,365.6959210005555,0.0
e89d67d7-39fa-4ef8-8413-0335f24662db,26.21993356666667,33.78006643333333,6.424312138055557,4.075687861944443,246.3790342886111,0.0
668f5fa5-8ff5-449a-b96d-6a5a6d8098a8,25.153481683333332,34.84651831666667,9.447239839166667,2.0527601608333335,333.52125777138883,0.0
1365e640-f36c-4706-ae9d-725f47fe91f8,23.49019465,36.50980535,17.4095895325,0.0,509.0310616536111,0.0
ef36f13c-90ea-4da7-82d6-475a5bde4241,14.746208216666668,45.253791783333334,17.124177689999996,0.0,544.7546151577777,0.0
1996a608-445a-40aa-a255-14b905e700dc,22.240858266666667,37.75914173333334,6.357963899444444,5.142036100555556,248.89424751138887,0.0
2e1d3b76-a7c7-4e28-b5b1-b8976ca75b11,4.561123083333333,55.438876916666665,6.063022970833333,4.436977029166667,243.80424639611113,0.0
bf3dcb7b-6c3d-45d5-ad35-568a83c1fc07,0.0,0.0,0.0,0.0,0.0,0.0
48763983-46b7-4ca9-ba40-59f6fdc74705,38.56228396666667,21.43771603333333,24.38505294861111,0.0,679.7473924858333,0.0
de63e332-d982-4247-905e-eb1e5646a7e0,12.852629716666666,47.14737028333333,6.2014089966666655,4.465257670000001,245.77839261555553,0.0
82a90ca9-9b4b-4de3-be1c-c9992fc414a0,7.45960375,52.54039625,6.111362698333333,4.888637301666667,247.14454702,0.0
e98a34e7-ac2d-42a2-8920-e4a2e74856b6,0.0,0.0,0.0,0.0,0.0,0.0
189c70c8-f3ec-49df-8239-5985ace4c8cf,0.0,60.0,0.0,10.416666666666666,0.0,75.41666666666667
1099985e-d98b-45d4-abc3-50e333ae5b1d,12.0016704,47.998329600000005,6.187168734444444,5.312831265555556,264.78518359,0.0
81969abd-6097-45a3-8191-a22c288a98c1,32.052987783333336,27.947012216666668,12.158137796666667,1.8251955366666657,366.87715180916666,0.0
aed47c45-0c45-4b60-9b8a-d63b1e6d7a4e,0.0,60.0,0.0,11.0,0.0,77.0
07a0bbed-3b4c-40bf-921d-516d52efab54,0.0,0.0,0.0,0.0,0.0,0.0
b16659ed-94cb-4597-b21a-6c7ff32d1573,11.868889366666668,48.131110633333336,11.51104894638889,2.4886732758333325,355.12366437416665,0.0
a54d71c9-2bed-437c-b076-a13287a7dc97,0.0,0.0,0.0,0.0,0.0,0.0
11a3fb78-21c5-4da8-a7c5-f7037eaddf79,0.0,0.0,0.0,0.0,0.0,0.0
bbf9c46d-ff5a-444e-9c96-e1d95ebaa163,0.0,0.0,0.0,0.0,0.0,0.0
12176ba4-c426-4876-a213-c0b587e76fae,0.0,0.0,0.0,0.0,0.0,0.0
cd3eb6a2-31d3-404b-a22c-8d95f84bbd34,36.5739096,23.4260904,10.825506653333335,1.674493346666665,344.0972602455556,0.0
0ccc4add-57b0-4d00-aaca-58c76136be59,9.944895266666666,50.05510473333334,9.446467053055557,2.0535329469444434,334.92993172555555,0.0
c3866b80-7053-4152-9a6f-1b670ae3df2a,0.0,0.0,0.0,0.0,0.0,0.0
aa18d583-5a3c-4c25-a5e0-fdefe2c8a1e6,5.089595149999999,54.91040485,6.071808587222222,4.594858079444445,244.84666887305553,0.0
a76b0b1e-2a8b-4790-b1b1-0f32f5cbf70f,34.9817214,25.0182786,6.570483308055556,4.429516691944444,234.47863665222224,0.0
93c9d71a-7428-40f0-a440-9d9b1ecc028d,0.0,0.0,0.0,0.0,0.0,0.0
201650ad-c052-46bf-afc6-b51d939fe126,0.0,0.0,0.0,0.0,0.0,0.0
8452c82a-7479-462b-9f1e-08582f62e850,39.246648449999995,20.75335155,1.6666666666666667,0.0,0.0,189.79708887972217
b147440c-f8a1-4774-831a-3fbca8292eab,41.84523266666667,18.154767333333332,10.998234806388888,1.5017651936111118,342.78836783472235,0.0
2d931d68-caab-49b0-9645-751fb03b5679,0.0,60.0,0.0,24.0,0.0,168.0
8825db6f-a586-42a6-a6a4-b1c040366edc,10.5518483,49.448151700000004,9.967328581111111,2.5326714188888886,316.7308794341667,0.0
f5ed6629-9a29-4429-afdf-122eb29866e0,4.3368952499999995,55.66310475,16.777435114722223,0.22256488527777643,512.3273912002776,0.0
e979b376-5e51-4a8b-bf5c-9ce8b3c7ff4e,26.220090766666665,33.779909233333335,6.42431006,4.57568994,249.23143980083333,0.0
b4941c10-6221-4d53-9f8f-1bb64f963fbd,6.705018416666666,53.29498158333333,6.0989479074999995,4.9010520925000005,247.03148010249996,0.0
72a835c9-387e-4aa0-a3b2-f1d0403c8841,11.080376516666666,48.91962348333333,10.319183600277777,2.514149733055557,340.85877878583335,0.0
7f38445b-96d1-40bb-9a84-3f4346c9e048,0.0,0.0,0.0,0.0,0.0,0.0
969e2b5d-663a-4c2d-9261-5b5ed475ba77,0.0,0.0,0.0,0.0,0.0,0.0
de585165-41d0-45ad-bb2a-cdabc43cb82a,16.9667957,43.0332043,6.270035049444445,4.729964950555555,185.44738323500002,0.0
816cf412-d02b-4305-9f9f-3b4ff44009f2,0.0,0.0,0.0,0.0,0.0,0.0
8dd43869-d788-480d-922a-21a1b433e888,0.0,0.0,0.0,0.0,0.0,0.0
572a7b85-8859-475d-9ced-7d0ebe00ac14,3.9335342333333334,56.06646576666667,6.052644869722222,4.614021796944445,244.72514720305554,0.0
45c116aa-a1cc-4933-afe7-d32c2aa7477a,5.66554125,54.334458749999996,6.081436360277778,5.418563639722222,246.92756219027777,0.0
ff63b15c-9a9c-4f43-b606-efbbf9101440,4.22373365,55.77626635,9.756401168055556,2.743598831944445,337.64397047555553,0.0
651833a9-b49a-4499-88a6-6d40a942e16f,23.993419966666668,36.00658003333333,6.387547375277777,4.612452624722223,249.12064598555548,0.0
103d5e50-4e8d-4dd1-b3f4-5b89adadd309,18.97989695,41.02010305,17.262823185277774,0.23717681472222465,514.33323986,0.0
11bf8793-b9e6-486d-ad98-2e6239c530a7,0.0,0.0,0.0,0.0,0.0,0.0
0f8f8a33-6ccb-4be1-8e5d-8cbd48ee6a03,0.0,0.0,0.0,0.0,0.0,0.0
2b8bb820-a55d-4a49-a01c-1db6ee9d9ab1,36.81094105,23.189058950000003,14.834184465,0.0,460.46364971527765,0.0
bf7d1ed8-08ac-48b5-8ac7-5ba0c562560f,34.42242615,25.57757385,12.236902451111112,1.746430882222222,367.20731446111114,0.0
0ebd8dc1-0972-43df-833c-ec302423b4b6,7.670975166666667,52.32902483333333,6.115048086111111,4.551618580555556,245.16248123027776,0.0
1c68408c-8cbd-4719-9e6c-ca9a0a12185c,0.0,0.0,0.0,0.0,0.0,0.0
807955e8-7015-4a31-8ddc-73bec5f687ce,0.0,0.0,0.0,0.0,0.0,0.0
0c67b2e1-6349-40bc-b1cd-e59f47ffda5f,17.321342833333333,42.67865716666667,6.275918606944444,4.390748059722222,246.3134035761111,0.0
5526b0f7-1817-461c-ba9f-4c2a2377faa4,0.0,0.0,0.0,0.0,0.0,0.0
63c93350-4cd8-4ca9-b990-0ed7ebae4311,0.0,0.0,0.0,0.0,0.0,0.0
57cc8106-30d6-439a-bb9f-edbfcfd65de9,0.0,0.0,0.0,0.0,0.0,0.0
da06900a-a5e4-43cd-9278-b554e448377e,0.0,0.0,0.0,0.0,0.0,0.0
5bcdc824-8b5d-4f45-8021-9f8cce2e27d7,14.882546399999999,45.1174536,6.2353049927777775,5.2646950072222225,248.03613833277777,0.0
dfb291fd-b2c1-4d7a-9faa-ac9393ba0a1e,8.130806066666667,51.869193933333335,6.1256251950000005,4.8743748049999995,244.25244445305557,0.0
f3c75161-a9e6-48cc-8793-3199206c4422,40.1598106,19.8401894,14.94406794,0.0,415.19094875861106,0.0
e445f11c-428a-4c3a-87a3-92427002ea7f,11.48842715,48.51157285,9.997522175,2.5024778249999993,338.6450747619445,0.0
ba519add-a4e0-42a7-a559-8bf6aa108ad0,11.648006383333334,48.35199361666666,10.336684422777779,2.4966489105555554,328.95126642249994,0.0
dbe0fe74-1c3b-412b-b24e-f75503b6890e,0.0,0.0,0.0,0.0,0.0,0.0
547b3c80-5272-47b5-9ea6-b6313a876b9c,0.0,0.0,0.0,0.0,0.0,0.0
bab7fdae-c38c-4cb8-ae38-ad33a8b58d25,28.539773183333335,31.460226816666665,6.46313715138889,4.203529515277777,247.656035615,0.0
98091932-5686-45c5-8630-dee33132b572,42.05322198333333,17.946778016666666,15.005526248333336,0.0,432.6364534161111,0.0
5f6c3ee2-5e45-4d9a-9948-f5ac22fc4b7d,16.756112216666665,43.243887783333335,6.266926095833334,4.733073904166666,248.25260283166665,0.0
ca75ffa3-fa81-4e2a-b055-d83fff620825,0.0,0.0,0.0,0.0,0.0,0.0
4a7b003a-7294-4e8b-8cb1-aade5e594fb4,0.0,0.0,0.0,0.0,0.0,0.0
9b2b5d82-276a-4544-8666-9d70a0d75c00,0.0,0.0,0.0,0.0,0.0,0.0
f518f263-884f-4043-b436-a29c5c0c2781,0.0,0.0,0.0,0.0,0.0,0.0
9ed3cf4d-c119-43f2-90bc-92a837bff096,25.005768683333333,34.994231316666664,6.4042422611111105,4.2624244055555565,247.23841022666667,0.0
d8712a7e-0ebc-4767-a31e-00574f4c36b9,7.778570216666666,52.22142978333333,11.358393215555553,2.624940117777779,319.3242297561111,0.0
7574aa5e-993a-4597-a255-ca6e5dd2c072,9.83890455,50.16109545,12.944500490555555,0.0,421.97199417416664,0.0
007257d2-73df-4c35-8a67-859f988b63f0,10.506727866666667,49.493272133333335,15.008956588888891,0.0,418.6899066761111,0.0
9a88f20c-79e7-4c88-aed3-883eb34d650e,5.665138033333333,54.33486196666667,6.0816521325,4.4183478675,245.541073075,0.0
95248f76-1342-4809-b32d-314255767eb6,4.2982274333333335,55.70177256666667,16.776217338055556,0.22378266194444424,503.33333460333336,0.0
0a09a2de-955d-44b1-98ce-9dab582ab6a8,31.122298,28.877702,12.143185155833333,1.8565370663888885,357.75169179361114,0.0
bd0445ee-9e12-4afa-8b8c-c4e85b761a18,0.0,0.0,0.0,0.0,0.0,0.0
2e00f72d-7b94-4cb0-8f79-090c3df05e6d,41.41341301666667,18.586586983333337,13.223253659444445,0.0,325.28797163361105,0.0
cd874b92-61cf-44e4-a8a1-e0792d4b333c,0.0,0.0,0.0,0.0,0.0,0.0
53434e6e-8131-426f-8b0e-b99275b3e1b4,41.61316791666666,18.386832083333335,15.507122405555556,0.0,437.3914950341666,0.0
d0f11599-9f35-48bd-8bae-0b4efe732013,25.762676416666668,34.237323583333335,10.46697569888889,2.033024301111111,340.6078310997222,0.0
64a55e82-b37e-491a-984d-9cfe239c1832,0.0,0.0,0.0,0.0,0.0,0.0
fa50abb9-35a1-4ef6-914d-d41d4d54babb,0.0,0.0,0.0,0.0,0.0,0.0
1aefe3d0-071c-4512-afb3-13b9b617d206,10.367695,49.632304999999995,11.461338474722222,2.0383837475000006,348.93955621416666,0.0
393bb2b3-502d-46f0-adc2-3b3a084c06ab,0.0,0.0,0.0,0.0,0.0,0.0
afa0d571-a419-40ad-8967-482bd03002c1,0.0,0.0,0.0,0.0,0.0,0.0
90aaa1dc-b7bc-4864-8ed3-3850dc78b578,19.063685683333333,40.93631431666667,17.265927404166664,0.0,514.3488739688888,0.0
635553c2-1f40-4856-8a89-3212d3d608fa,0.0,0.0,0.0,0.0,0.0,0.0
825e0ea5-88ac-4441-8cf0-eda834d4a31b,0.0,60.0,0.0,9.75,0.0,74.74944444444445
47f379cc-33fd-4126-b38d-6fe2a71ea61e,36.99722021666666,23.002779783333335,12.322902890277776,1.6604304430555568,367.5624637213889,0.0
72fb9eb8-e372-469d-9b22-895057e0c200,29.765659766666666,30.234340233333334,10.59870765138889,1.90129234861111,343.16265086944446,0.0
cc2a66ee-42a5-4721-ae21-1df99f56e501,0.0,0.0,0.0,0.0,0.0,0.0
6ecfec14-02e7-4819-bdc2-ffbd7cd07bbc,8.110085133333333,51.88991486666667,11.392743958333334,2.1069782638888883,348.6536207441667,0.0
875278fe-2b4b-4669-a39c-d54a848a23d9,35.59237291666667,24.407627083333335,11.126433736944442,1.7068995963888907,323.21047931555546,0.0
0a72a6a2-bff0-4e09-afe2-cfd2ffadefae,18.28759735,41.712402649999994,10.223166272222223,2.2768337277777775,341.4825499119445,0.0
ea128cc0-74e0-4700-a66f-80b5db3e5964,0.0,0.0,0.0,0.0,0.0,0.0
17bdf8ff-7d1b-435b-b3e1-661a35b2c9d4,0.0,0.0,0.0,0.0,0.0,0.0
ba961fef-eb22-4ec6-8a1d-67eec2448634,0.0,0.0,0.0,0.0,0.0,0.0
ea72a531-854b-4d19-8bf5-f173906b52e8,17.38811095,42.611889049999995,10.193735001944445,2.306264998055556,339.45077593333326,0.0
44721aff-1d39-4490-8e56-2a195c247a52,35.728082783333335,24.271917216666665,12.599765790277779,0.5669008763888875,505.5475977680554,0.0
3b586db9-1d62-48a4-be2e-64a053133e7e,22.139827816666664,37.86017218333333,17.365677006944445,0.0,514.8473840016667,0.0
fa465696-40bc-411a-aa45-0e60b2cc282f,27.505966249999997,32.49403375,6.446176998055556,4.053823001944444,234.53893949527776,0.0
9c745fa0-edbe-4f27-acdc-76884d2171fe,7.9269914833333335,52.07300851666666,6.119552084722223,4.547114581944443,245.19742601250002,0.0
51ca38fa-5d45-47e2-a496-f88831984197,0.0,0.0,0.0,0.0,0.0,0.0
5ab60472-92e0-46e9-af37-9cc0a17df742,0.0,0.0,0.0,0.0,0.0,0.0
386f94f3-30bb-4465-98d4-b9f15d5eaed5,33.54020653333333,26.459793466666667,12.2238904225,1.7758317997222224,367.07987253666676,0.0
2da6daf8-4ef8-4b59-ae29-35f7646eddba,0.0,0.0,0.0,0.0,0.0,0.0
caad8099-e13f-45ee-aac0-e62bf4003d2b,0.0,0.0,0.0,0.0,0.0,0.0
0a20cafc-d4a6-4bdb-a52a-e2c2e8f2a976,0.0,0.0,0.0,0.0,0.0,0.0
48c56e1c-8440-4fb2-8199-50595bb16ca7,40.578711266666666,19.421288733333334,10.955704908888888,1.5442950911111115,342.64194447361115,0.0
96950008-a077-4b10-81fd-ec52e1547893,0.0,0.0,0.0,0.0,0.0,0.0
47e944a1-b22c-4179-85d9-5672ba94713b,9.587124466666667,50.412875533333334,6.146974661944444,4.353025338055556,244.38944498388892,0.0
5114c0c3-8f15-4d65-a3ad-de85c9641284,0.0,0.0,0.0,0.0,0.0,0.0
7300d70e-242a-4e1b-836a-053b95fe8d4b,0.0,0.0,0.0,0.0,0.0,0.0
35616dd8-d926-47c6-8d2c-38e2039b44e3,22.714824500000002,37.2851755,6.365855627777778,4.634144372222222,248.94913999027776,0.0
2bf4dae8-e767-423d-b349-5286ed4d995e,0.0,0.0,0.0,0.0,0.0,0.0
b1bbc300-1114-47b8-8add-eceb07afd153,31.189403666666667,28.810596333333333,6.507184403888889,4.159482262777778,247.97540338138887,0.0
657c9b05-7a39-45d1-a670-fa3aa4973adc,17.221153333333334,42.778846666666674,6.27420464,4.72579536,248.30083730083334,0.0
c1e50b5e-34f4-4ec7-afbe-edb29c53b07b,6.8664924,53.1335076,6.101781553333334,4.898218446666666,247.07257235083335,0.0
9ced7610-b1bb-4c42-abb3-211be793eb7a,0.0,0.0,0.0,0.0,0.0,0.0
58dfbd8e-7b0e-4e2f-9fea-cf09451d7373,0.0,0.0,0.0,0.0,0.0,0.0
12a242b4-b338-4b1c-b02b-478f315d2582,0.0,0.0,0.0,0.0,0.0,0.0
ad74cc01-90a8-4080-a7ad-68560ebc257a,0.0,0.0,0.0,0.0,0.0,0.0
ab739bc2-5c1f-4e91-8f6d-ae5d4947f118,0.0,0.0,0.0,0.0,0.0,0.0
2e1026a4-2b59-45e5-b62f-b5b97ddb2cf6,30.907639216666666,29.092360783333334,12.13723181111111,1.862490411111111,366.72159035666675,0.0
0aaec145-16d9-482f-a298-9ea0d46124fa,0.0,0.0,0.0,0.0,0.0,0.0
47e27048-27d7-44e2-bedf-b8697af134d7,0.0,0.0,0.0,0.0,0.0,0.0
e2c82411-eba0-4d1b-ba27-b0dbd2b1711d,0.0,0.0,0.0,0.0,0.0,0.0
da7501ee-d5b8-40ad-a84e-95db17dc8672,0.0,0.0,0.0,0.0,0.0,0.0
6b2ee90d-bac7-4ff1-a9f7-1c4ebaec127a,32.374727666666665,27.62527233333333,11.151586510833333,0.0,267.0532840561111,0.0
4b8dce20-c1cb-44ea-b008-84663f170018,35.33721635,24.662783649999998,14.785270222500001,2.214729777499999,431.45897317888887,0.0
a33fc88e-0277-49d0-8eb6-f6d1177db494,14.765758366666667,45.23424163333333,16.124103664166668,0.0,506.75261484111115,0.0
2da50864-a1e4-4819-adab-00dc8d15346d,29.295517633333336,30.704482366666664,10.583422578888888,1.9165774211111117,331.91434269833337,0.0
adccb22d-f7cf-4400-a3fd-a3fcf5544860,0.0,0.0,0.0,0.0,0.0,0.0
15ff0630-3159-424f-b39c-9b4a567797ff,0.0,0.0,0.0,0.0,0.0,0.0
356ca245-3fea-4b94-a54c-8a4956e83e3c,0.0,0.0,0.0,0.0,0.0,0.0
0e38cb2f-600d-4f8d-9982-905a2b0fc06c,24.084517650000002,35.915482350000005,9.424647835555556,2.075352164444444,318.3894425205556,0.0
6c8a8d23-4d7b-4bd6-944b-3409023edc20,4.666545016666666,55.33345498333333,10.270365102777777,2.729634897222222,343.1682437983334,0.0
443680f2-7a19-4ca1-91d2-e80850b15cfe,29.945458766666665,30.054541233333335,14.605550894444443,0.0,431.25302950166673,0.0
35e14890-b6e2-4e2f-9de8-a15e3ae46eb8,42.86781863333333,17.132181366666668,13.270595203611112,0.0,332.55095514055546,0.0
c91129e4-018a-4a72-a947-ca86b133ea58,0.0,0.0,0.0,0.0,0.0,0.0
0f6ffa59-b050-4ae5-b0db-431a59537407,0.0,0.0,0.0,0.0,0.0,0.0
3fa8c2c0-6e1c-4011-903c-8492f3663ec0,40.022909983333335,19.97709001666666,6.654526026388888,3.845473973611112,248.02816108388893,0.0
7581138c-1225-4148-ab18-ee745ca635a3,22.19828741666667,37.801712583333334,6.3573438669444435,4.6426561330555565,248.89771237777782,0.0
bb3054a5-63f9-4ce7-a7be-b90145c1a469,14.371593616666667,45.628406383333335,6.226827810833334,4.773172189166666,244.97285644999997,0.0
5f0f4a28-a282-4c11-9ed6-bf69c8e582fc,0.0,0.0,0.0,0.0,0.0,0.0
e0206143-bbc5-4521-a723-ea6b528b5377,13.293636683333334,46.70636331666666,17.075801321944443,0.0,490.74252202972224,0.0
46c06785-2aac-4b7f-97be-20e86d25a888,0.0,0.0,0.0,0.0,0.0,0.0
bcbb0b03-342f-4009-8bc0-de96d53b6c2a,14.461674733333332,45.53832526666667,17.114687336666666,0.0,507.7115426783333,0.0
29cc2938-5452-498f-a6d3-91f3dc80d08f,0.0,0.0,0.0,0.0,0.0,0.0
480b6c0c-9d49-4136-a7ff-ac7346ad9d94,15.306039283333332,44.693960716666666,10.126079252777776,2.373920747222223,339.09799154666666,0.0
2adc924f-b7ff-46a5-84b7-4124131065cb,0.0,0.0,0.0,0.0,0.0,0.0
7b9a671b-fe57-4844-b9f8-919c63271179,0.0,0.0,0.0,0.0,0.0,0.0
771e089a-c7c0-40e1-852b-864b83b11eff,24.605212066666663,35.39478793333333,11.91248462138889,2.070848711944444,365.8521004575,0.0
5eb365c4-a2f4-4f92-8be4-4c81cc550570,5.208378983333334,54.79162101666667,9.78857949861111,2.711420501388889,292.1232365958333,0.0
57eedafb-4aa4-4752-8f15-14ad280621ee,0.0,0.0,0.0,0.0,0.0,0.0
11ddfc4e-f85f-4667-9bd0-ab3a73b88bbe,15.37638615,44.62361385,6.243489065833333,6.256510934166667,323.2385763613889,0.0
6b37fba6-a084-4e5d-8ae3-4dc16c854691,6.475594783333333,53.524405216666665,6.095279694444445,4.904720305555555,247.01172642194436,0.0
e84003c9-a02a-4da5-988b-f3fd7827ab78,12.13927015,47.86072985,11.519615246666667,1.9801069755555545,349.1716893472222,0.0
81a71c20-9b3a-4a64-b6e5-fbe81e6d2356,54.5877608,5.412239199999999,19.885352523611108,0.0,454.64128829305554,0.0
6a11f2ef-8ad3-46ec-8b00-80e163f64b5b,0.0,60.0,0.0,23.99972222222222,0.0,167.99805555555557
db6b1d04-3658-41e6-9087-f5adc166bc38,30.623173450000003,29.376826549999997,12.12729623611111,1.8724259861111123,354.68860189055556,0.0
81d682bb-a233-423d-ae3f-c977cc0c14d2,0.0,0.0,0.0,0.0,0.0,0.0
1837529a-2b37-4509-b178-26eb3876dada,0.0,0.0,0.0,0.0,0.0,0.0
14ae3f3e-0e53-43c4-bc3f-3db383eca859,38.80032988333333,21.199670116666667,10.899511771111111,1.6004882288888884,342.4221782325,0.0
838218c4-deb0-484b-baac-f0f605acc92c,20.86181355,39.13818645,17.323906115,0.0,514.6715774644446,0.0
4cf89375-3193-400a-a95e-8cc53f7d6502,0.0,60.0,0.0,17.983333333333334,0.0,125.88333333333334
851599bd-48c0-4e29-8821-5670fac197cd,23.544903933333334,36.45509606666666,10.394033251944444,2.1059667480555557,342.3032522888889,0.0
3c443e74-ebf4-46d8-a31d-486342e9c4fd,40.34959406666667,19.65040593333333,6.659086597777777,4.340913402222223,249.50390265527778,0.0
0ad06e9f-7eb8-4b79-94af-25c48e3b1b78,13.073759216666668,46.926240783333334,17.06848628222222,0.0,513.5271550119445,0.0
086a66d5-6214-4cca-bdc1-bea9a8e40132,0.0,0.0,0.0,0.0,0.0,0.0
2ed01188-7f1c-45ab-ba0b-8df8bfcfec2e,7.5778041,52.4221959,6.113611659722222,4.886388340277778,247.1379482875,0.0
58cc7f21-f305-418f-a0be-c0902c8efcd2,0.0,0.0,0.0,0.0,0.0,0.0
36fc75bd-721c-45ea-bf6d-b67a451494d2,0.0,0.0,0.0,0.0,0.0,0.0
61ef4583-89c0-4b3f-bdf6-fe9d7e73f9f8,0.0,0.0,0.0,0.0,0.0,0.0
5dc2631d-7d4d-4d64-852d-128bca82bf4e,13.969473200000001,46.0305268,11.563863114166667,1.9194702191666673,349.37006090166676,0.0
f02a54f8-f3fe-4c28-b7e7-370f9515dcc4,39.32666485,20.673335150000003,14.921455152777778,0.0,432.3524880119445,0.0
247637ca-5b8e-435e-a876-d9ef795d960e,0.0,0.0,0.0,0.0,0.0,0.0
41812f91-6647-4e9e-b2f1-4f71bdd7f91b,12.900565949999999,47.09943405,6.202210834722222,4.464455831944444,245.79594075166668,0.0
dbb84da5-eb2e-4e51-840c-4681d46efbd5,0.0,0.0,0.0,0.0,0.0,0.0
6bcda9d6-0286-4d38-a59d-a71da6bf4ea2,0.0,0.0,0.0,0.0,0.0,0.0
aae81865-7746-4917-9f0b-78fa788e6986,22.3054172,37.694582800000006,6.359092345555556,4.640907654444444,248.91174119388887,0.0
7217cbc4-35bf-450e-afaf-9f220036015d,8.848043316666667,51.15195668333333,16.927501115833334,0.0,512.9798094013888,0.0
210b7bc7-bed6-426c-a422-f2d6046f49ec,0.0,60.0,10.887195844999999,6.112804155,507.48856973777777,0.0
87e38316-0f0b-48f6-990f-2ddfe79259a3,9.194276816666667,50.805723183333335,9.922847962777777,2.5771520372222243,338.2840809427778,0.0
56ad48ba-13bd-4224-85eb-5e2c3c1b154c,0.0,60.0,12.004582866666667,4.9954171333333335,338.1388520858333,0.0
b194e40d-e13d-47b0-aa27-5416e029ca7a,0.0,0.0,0.0,0.0,0.0,0.0
41a4dbaf-2fc1-46a8-bdd1-2d6035dd8e72,0.0,0.0,0.0,0.0,0.0,0.0
012b9d46-361e-4e26-a47d-b5d6991df5b2,0.0,0.0,0.0,0.0,0.0,0.0
3fa44b30-38ef-44be-b830-669957d386a3,24.70657836666667,35.29342163333333,10.432275935,2.067724065,342.46393712583335,0.0
f3b8d18d-0136-4189-baf2-ba4e016da11e,31.333163383333332,28.666836616666668,12.151584684999998,1.8481375372222242,366.790421221111,0.0
7ac9b4a4-72e8-4a04-8406-b45d82181457,27.361754150000003,32.63824585,10.853731219722222,1.9796021136111106,343.0836385788889,0.0
c12ac315-4c4b-46a9-b2e5-ee55f48299d3,0.0,60.0,0.0,11.0,0.0,77.0
4b137175-9dcd-4113-a5b5-c1ffbb415573,0.0,0.0,0.0,0.0,0.0,0.0
e47ca6d7-4de1-4878-a2ce-07e297c7ad50,0.0,0.0,0.0,0.0,0.0,0.0
2c687090-9edb-49c4-856a-6146d280a8af,0.0,0.0,0.0,0.0,0.0,0.0
b94b81cb-3809-494a-b49d-fb8acaebe695,15.172856466666667,44.827143533333334,10.121312393055556,2.3786876069444447,339.1500858194445,0.0
92c6d43e-ac31-4718-bf39-04b36853e9c7,5.766825983333334,54.233174016666666,6.082982008888889,4.417017991111111,245.58102529722214,0.0
6e86f3a3-7b92-4fcf-912c-4a99d3695339,0.0,0.0,0.0,0.0,0.0,0.0
d564be5d-6b79-4915-95cf-2b6dbb4467c1,0.0,0.0,0.0,0.0,0.0,0.0
dedb9037-2f5f-4cc0-bdcf-7dae9ff76d2f,0.0,0.0,0.0,0.0,0.0,0.0
80f23b40-aba6-4d73-84b8-87f5bc340322,6.93342175,53.06657825,6.102621385,4.897378615,247.06869572833335,0.0
4626cfab-91ef-4ec6-b83d-7879554bf1de,36.71961955,23.28038045,6.599952415833333,4.066714250833333,248.61991863944442,0.0
de0d7f8f-5d76-4caa-aad3-62f31d43abf7,0.0,0.0,0.0,0.0,0.0,0.0
fcebe2b1-44e3-4026-9a36-335d1603c3e0,29.873208533333333,30.126791466666667,12.10271917138889,1.8970030508333326,354.5858024583333,0.0
7b3ebe2b-21d6-48e9-a038-3da7c2091c93,39.07898526666667,20.92101473333333,6.64326419,4.35673581,249.4366029041667,0.0
edcfc28e-a42b-4cf2-bb0f-ea23eefedc33,0.0,0.0,0.0,0.0,0.0,0.0
7f0a8b68-1e9a-480d-837f-7ee8cfe888cb,33.96614483333333,26.03385516666667,10.57230657888889,1.761026754444443,318.4892674916666,0.0
3095704d-1000-441c-ae70-4dc098ac8127,27.89773561666667,32.102264383333335,14.538615157777775,2.4613848422222246,333.5859011069445,0.0
24657967-24cb-4d1d-9c69-4c464d6a1a70,15.661117966666666,44.338882033333334,14.652549487777776,0.0,433.79031553138884,0.0
27231c80-8876-4be1-9404-7e55c020dd54,0.0,0.0,0.0,0.0,0.0,0.0
7a002a85-ce9c-4e92-9770-16e3f1d69c08,7.848665100000001,52.1513349,6.117855865277777,4.548810801388889,245.16995316583333,0.0
c086ac53-406c-4788-a65d-6143df542f06,14.021609716666667,45.978390283333326,17.099255838333335,0.0,513.652399691111,0.0
475588ff-77d5-4fa6-b492-2c2eee8dd048,0.0,0.0,0.0,0.0,0.0,0.0
1e8f53db-6c6d-471c-91bf-2a5cf6f943c7,0.0,60.0,0.0,11.0,0.0,77.0
02d77d60-f220-47ee-bcbe-d6639deee994,35.20120445,24.79879555,10.779449002222224,1.7205509977777769,341.91140241666665,0.0
6a4d1b5b-bd92-467a-bc3e-5b50d71f067f,37.877902983333335,22.122097016666665,12.352276006944445,1.131057326388889,352.6606668300001,0.0
6c36c344-ab51-456d-83f4-6117f3e2024f,32.49490348333333,27.505096516666665,12.926156588055557,0.0,331.21787413444434,0.0
b7200a79-b1ac-4495-beac-0b1f17061fb7,21.510921166666666,38.48907883333333,11.811283160833334,2.172050172499999,365.4270945875,0.0
edb35e8a-7567-42df-a780-536b47fbb120,37.57180928333333,22.42819071666667,10.858825973055554,1.6411740269444453,342.2489240430555,0.0
1f26f2e3-ba06-4b2a-b559-c59ccef6858f,24.254536183333336,35.745463816666664,9.427280567777778,2.072719432222222,318.41763643416675,0.0
d5b19093-b5cf-4553-a461-fdca96852a05,21.193873933333336,38.80612606666667,6.340741252777778,4.659258747222222,236.84839951805557,0.0
b456e992-8444-407f-b58a-1670a2c24c8b,31.274486983333336,28.725513016666664,12.149050016666667,1.8506722055555556,357.7671035,0.0
e6a63fa9-4430-4762-8876-e2cf625c7912,0.0,0.0,0.0,0.0,0.0,0.0
3e888bdd-d382-4acb-9fd4-2dea392e10fc,38.791193283333335,21.208806716666665,6.638414380277777,4.361585619722223,249.43769666055553,0.0
2e2c5a56-506b-4bfa-875a-41def4a0e855,0.0,0.0,0.0,0.0,0.0,0.0
4dbdb0a8-22ac-43ec-92f9-9782bae14648,0.0,0.0,0.0,0.0,0.0,0.0
bf2f2d10-05d9-4486-a867-81338e0358cf,0.0,0.0,0.0,0.0,0.0,0.0
8e1b34a2-0976-488f-ab1c-a35e59298b25,0.0,0.0,0.0,0.0,0.0,0.0
2353c3cd-7f88-470b-ba48-d0b108a38cde,0.0,0.0,0.0,0.0,0.0,0.0
c3eb2c52-e6c3-4da9-9f75-82bf19697858,20.334302416666667,39.66569758333333,11.7737425775,2.209590755833334,365.27458559055566,0.0
2a886967-4460-41fb-87a1-0e9a7ad5cc85,7.47639425,52.52360575,10.364774955833333,2.635225044166667,343.58990831611106,0.0
f18f465a-012e-4f15-b2b1-97396bb70423,32.35562228333333,27.644377716666668,12.184485301666665,1.8152369205555563,354.9233484791667,0.0
2c53ba58-ca34-4890-b80f-ecf262d3f3d6,42.795948816666666,17.20405118333333,11.502766284166666,0.0,241.44465844972225,0.0
a7d987ee-7d88-40e3-8e31-652464b22b14,0.0,0.0,0.0,0.0,0.0,0.0
4228b0a6-f56f-482e-8317-d9b2ceadbcc5,0.0,0.0,0.0,0.0,0.0,0.0
510dc8f2-2682-44b0-ba5b-07dc797f1be1,26.69343755,33.30656245,10.49741652,2.0025834799999997,342.73824939472223,0.0
2645edf5-8fe4-4677-87fd-8b7d801f97e5,11.400477116666668,48.59952288333333,10.3296770675,2.503656265833332,340.91615477416667,0.0
865911b4-e3c8-47f5-b7b5-f677dcae0072,14.172904066666666,45.82709593333333,17.104536640555555,0.3954633594444446,513.6772939072222,0.0
7eb58a3b-00df-44ae-9ae0-432e017b5d1f,13.750758433333335,46.24924156666667,17.090657088055558,0.0,544.5975251577779,0.0
128abaef-4f0f-475e-a730-9720acb83bbd,0.0,0.0,0.0,0.0,0.0,0.0
f5fbae5c-2669-4b4c-a84f-e0e9cf7bdc76,7.252653116666666,52.74734688333333,6.108266540555556,4.891733459444444,247.10297072416665,0.0
abf45601-8cc0-4ff2-8323-b31b63d314a7,0.0,0.0,0.0,0.0,0.0,0.0
ea047d9a-3335-4ebd-8aaf-06455ae082b4,10.828586833333333,49.17141316666667,6.1676201583333325,4.8323798416666675,247.54593953333335,0.0
27110fff-6121-43e2-b19a-02ae92a79c74,36.53662948333333,23.463370516666668,10.824487735277778,1.6755122647222218,342.1000001463889,0.0
820cc2d2-005c-4079-b698-8036cea1aad3,31.651190516666666,28.348809483333334,11.126565585833333,0.0,220.07775521416664,0.0
3f0750ef-a65e-4cac-8b3b-bb1a23293a7b,28.03040875,31.96959125,17.55840701527778,0.0,515.6702295691666,0.0
e9f5a890-e35f-4618-b5c3-f34be897f3d5,35.16545851666667,24.834541483333336,12.261725953055556,1.2216073802777767,367.31016451666665,0.0
23924ea4-f183-4633-b5f3-408eac835651,13.493049133333333,46.506950866666664,17.081779920833334,0.0,515.0786331069444,0.0
390deef9-848e-4e87-b179-afc09ca765bc,16.4737635,43.5262365,6.261845499444445,4.404821167222222,246.21391589611113,0.0
9e591792-4c1e-4506-9a58-925c7cf06152,0.0,0.0,0.0,0.0,0.0,0.0
78c58464-e875-4a15-9698-4780baa14f7c,22.78333045,37.21666955,6.366987802222222,4.633012197777778,248.97472822194445,0.0
f895efca-793a-43f8-a99f-5134e653fa15,10.281583633333334,49.718416366666666,6.15861158861111,4.84138841138889,247.4828154663889,0.0
9ec72748-4e52-4707-8eb0-c24ece8b5aed,20.523534050000002,39.47646595,9.795996714166666,1.7040032858333345,336.3950996688888,0.0
29b99a45-626f-46b6-8cba-72ba07b484d5,41.30316193333333,18.69683806666667,6.674566589444445,3.9921000772222213,249.16246937777774,0.0
96497ba4-06ed-4afc-a7fb-67686ba02707,0.0,60.0,0.0,10.416666666666666,0.0,75.41666666666667
00017c6a-7a77-4a95-bb2d-40647868aff6,27.711327633333333,32.28867236666667,6.449254052222223,4.050745947777777,251.6434837980556,0.0
a1bf4cbb-4468-47e8-aaf2-6f938de46ae1,26.852744649999998,33.14725535,12.002604220277778,1.9971180019444446,354.1871145969444,0.0
0cf4c8fc-4479-470a-9b26-ed6b6dd2dbde,39.502545366666666,20.497454633333337,13.167304421666667,0.0,332.0952129552779,0.0
7bb1bfc4-1b28-42bd-9e23-a88b5ba0d8cb,0.0,0.0,0.0,0.0,0.0,0.0
4839cffb-67d1-4d4a-ba32-361aca50b44a,0.0,0.0,0.0,0.0,0.0,0.0
cd16925d-e384-4d6c-8a85-3fafa1984483,24.571051033333333,35.42894896666667,17.444968008611113,0.0,515.1807399408333,0.0
b3165a77-9f20-4200-a91d-4c0b86ab4539,6.172928266666667,53.827071733333334,6.089897220277777,4.910102779722223,246.99323417222223,0.0
92ecf6cf-d240-4f96-b677-ef330b5d7f50,38.78847475,21.21152525,6.6350863305555565,4.03158033611111,248.8865910038888,0.0
d8991984-9696-4f8c-8f10-5a8d1998efd7,18.6770145,41.3229855,17.253505203333333,0.0,508.2839300072223,0.0
b0141b06-f9c6-4abb-974b-02a69895b9fb,6.681320566666667,53.31867943333334,6.09834929,4.90165071,247.04294271249998,0.0
4f46750c-3b95-4f1a-83df-4076dff8ad83,0.0,0.0,0.0,0.0,0.0,0.0
d36aa160-7605-4050-9f25-1a31fc4a1026,0.0,0.0,0.0,0.0,0.0,0.0
5e9e5e01-25f6-42af-b81d-de75c8dfde87,0.0,0.0,0.0,0.0,0.0,0.0
8f5792cc-b96e-4651-9800-8e8836aaac28,0.0,0.0,0.0,0.0,0.0,0.0
edc0cd60-0ca0-4d8d-8d04-d1c5434f42ca,0.0,0.0,0.0,0.0,0.0,0.0
adb08bb0-2a1e-4f4b-a253-a09c831a1e6e,38.854087283333335,21.145912716666665,6.6393179672222224,4.3606820327777776,249.43495339277777,0.0
63f4b85d-8cea-4331-a2a8-59299a925fb4,20.30367755,39.69632245,10.289349971944445,2.210650028055556,326.84862889277775,0.0
78ad84f2-072a-403e-bd6f-466e6769cf9b,23.931390416666666,36.068609583333334,6.386465788888889,4.613534211111111,249.10360410083334,0.0
2bc787bd-7844-4baa-b322-54d4c5aac3bc,0.0,0.0,0.0,0.0,0.0,0.0
957624b3-b2a3-489a-bd4c-de81b2f474de,0.0,0.0,0.0,0.0,0.0,0.0
9f669af0-c870-4397-848f-3cf56986c2a3,0.0,60.0,0.0,12.999722222222223,0.0,90.99805555555555
0f650df2-4fad-4fd9-8af3-2e7c0c8405c9,35.559075783333334,24.440924216666666,10.791659726388888,1.7083402736111122,341.96448264472224,0.0
27f1dcc2-4fc6-49d9-b6b3-e84811d138cc,24.911547133333332,35.088452866666664,17.45621655861111,0.0,509.1207993577777,0.0
3b7a5702-06fa-4761-8672-a176ea571494,23.773260116666666,36.22673988333334,8.430797625,4.735869041666667,500.0816645058333,0.0
8019f241-1acc-4333-bb98-f7f075a8a4a2,26.825980666666666,33.174019333333334,11.985078349166663,1.9982549841666697,366.15945406972224,0.0
51e63a48-f9c7-4ac0-98b0-15fa7a95b849,17.063603466666667,42.93639653333333,10.183204525277777,2.3167954747222232,339.33230468083343,0.0
6fba8704-0a28-47ee-a5bf-206f9d173872,6.7801182833333336,53.21988171666667,6.100083986111112,4.899916013888888,235.35772463500004,0.0
05c68e05-c705-41a7-b69d-e45575fa3203,11.610184033333333,48.38981596666667,6.180616265555556,5.652717067777778,132.01832367833336,0.0
6297f963-be5f-4666-ba6f-fca6969568b2,0.0,0.0,0.0,0.0,0.0,0.0
a928bfb0-bca7-42c7-88c7-fd98e058d53f,0.0,0.0,0.0,0.0,0.0,0.0
0caf3142-d4a5-4a47-a0ee-6e3324c8ce56,0.0,0.0,0.0,0.0,0.0,0.0
e8afb299-172b-4310-a46a-fa131c284b36,0.0,0.0,0.0,0.0,0.0,0.0
90911c70-5e3c-486c-8204-dd5c174c1957,0.0,0.0,0.0,0.0,0.0,0.0
7c2d842a-5de8-4e40-8479-f2b72c4582bd,0.0,0.0,0.0,0.0,0.0,0.0
ffcd6653-ee5c-4cef-88be-688d2c5dd563,0.0,0.0,0.0,0.0,0.0,0.0
0f68cf51-10bd-4789-8aff-c9da54ceb384,34.24885536666667,25.751144633333336,9.747901210555556,1.2520987894444442,334.7833504644444,0.0
30d57c69-73ac-4025-b560-88c53124bf79,8.234102266666666,51.76589773333333,9.890070699444445,2.6099293005555553,338.19113930638883,0.0
810674c8-e375-4d13-999c-5e98baa15bc6,9.083600316666667,50.91639968333333,6.138535853333333,4.861464146666667,199.9011253663889,0.0
53991f7f-59c0-464a-8824-2cab9ca33d8f,13.039031683333333,46.96096831666667,17.067309354444443,0.0,513.5157558972222,0.0
c7d23c93-7119-4f15-9fbf-0ba6d895b35a,36.76098655,23.23901345,6.6002189569444445,4.0664477097222225,239.6345505022222,0.0
9e314209-2c55-41cf-af54-0f4ff3839c96,25.076972116666663,34.92302788333333,11.944570338055554,2.0551518841666683,365.93224349694435,0.0
6b4d9b0c-0d75-44a1-978f-954a2fab2180,0.0,0.0,0.0,0.0,0.0,0.0
9dffd890-d963-4562-b65a-8bf78ec36036,23.225729316666666,36.774270683333334,6.375707918888889,4.624292081111111,249.03397673916666,0.0
6dd075db-720b-476a-8594-26eaf9f57091,6.831959266666667,53.168040733333335,9.843295003333335,2.656704996666665,337.9990972433333,0.0
cf9fc9a6-93ac-4988-b860-40fbffe0607a,39.89526283333333,20.10473716666667,6.652185246111111,4.014481420555556,249.01146122055553,0.0
7e5a01ff-e5cb-426d-8881-88b85c3274bb,28.371644633333336,31.628355366666664,12.0357348025,1.9475985308333332,366.3676963952778,0.0
fea1e335-dbaf-4313-9bb2-64dc8f513b24,7.408889533333333,52.59111046666667,16.879954735833337,0.0,506.78539837944453,0.0
9cfcfd70-04b5-40b7-a82c-ab31dd77d790,4.38748865,55.61251135,6.0602794655555545,4.9397205344444455,246.77985057111104,0.0
9aa7bb1e-6fc3-428f-8675-0b5b8441b316,16.882117383333334,43.11788261666666,10.67708097638889,2.3229190236111106,344.8482419611111,0.0
9e3c4e79-1c02-4d8e-abc6-4f33c8b3db82,19.26942036666667,40.730579633333335,17.255203765,0.0,514.2530510963888,0.0
2228b70e-4c0e-4e2a-8a42-3bc96a7fdd08,25.33620923333333,34.66379076666667,11.954973782500002,2.044748439722221,365.9540008961111,0.0
85ed9b40-0451-4f08-8b65-237893909bf8,28.522198966666668,31.477801033333332,12.057415297222223,1.9423069249999996,366.4066401777778,0.0
4cc8b873-639b-47fc-b62d-4f5cf96068e1,0.0,0.0,0.0,0.0,0.0,0.0
b975a375-d547-4bda-9a59-73cd39b96a0d,31.4049552,28.5950448,12.153358224444444,1.8463639977777773,366.7823859024999,0.0
5769f1b3-c780-4e73-b83e-6baf34910afd,17.81358123333333,42.18641876666667,6.284133749166666,4.715866250833334,248.3718493458333,0.0
db116e2f-d211-4970-a2c7-f24e0f817237,38.92002886666667,21.079971133333334,6.64043852638889,4.35956147361111,267.7274265441667,0.0
849009d7-37e2-4484-9d65-4dccfd5cafb7,0.0,0.0,0.0,0.0,0.0,0.0
a3c9905a-22a3-4cf1-967b-f7af19bcfb0e,17.559934216666665,42.44006578333333,6.279827388055557,4.970172611944443,246.85083242444443,0.0
f7aa3ab9-3eb9-4f49-8010-18927ca7752e,39.40283716666667,20.597162833333332,12.406841049166667,1.5764922841666662,361.99289203555554,0.0
3c132cb5-7ae8-41c8-8ce5-388039c7ebe9,31.806413316666667,28.193586683333333,9.666447634166666,1.3335523658333335,304.1368314952777,0.0
d08b5351-844d-449e-b37c-49b2be3d9509,20.1630296,39.836970400000006,6.323807898611111,4.342858768055556,246.65030560583335,0.0
c0c57fb9-7190-4379-9137-a62c547d74bc,29.8440221,30.1559779,12.1021148825,1.8976073397222213,366.57180712916664,0.0
aed004f1-a505-4a3e-8ac9-f6e4f4d85387,34.20240215,25.797597850000002,6.557447138333334,4.442552861666666,249.38884203861105,0.0
e147166c-13cb-4373-aee0-da61d18428da,10.8227873,49.177212700000005,10.30915249416667,2.5241808391666645,340.8306972255555,0.0
d388c599-4ee8-499e-ab2a-a1d6230aed54,34.7104412,25.289558800000002,6.5662487075,5.017084625833333,240.39214519972222,0.0
3a84fcac-efa8-4de3-b182-04e0d81cbd3e,0.0,0.0,0.0,0.0,0.0,0.0
e4645d21-8b41-4145-9f7a-8af142696869,0.0,0.0,0.0,0.0,0.0,0.0
15896854-bec5-47f8-8378-fb70689a5829,0.0,0.0,0.0,0.0,0.0,0.0
928b405a-130b-4efc-b522-e84fc7c99ee3,35.100160083333336,24.899839916666664,6.572726139166667,4.427273860833333,249.4011629525,0.0
ed90f929-b650-4db8-8a54-d74b91ceecc1,0.0,0.0,0.0,0.0,0.0,0.0
164f426f-7a56-4244-931e-48ff727513da,37.368241966666666,22.631758033333334,6.6105359625,4.056130704166667,248.71498446222222,0.0
e9ba42b6-877d-4d50-8ab3-acd7813f2a83,30.319129133333334,29.680870866666666,9.627811770555555,1.3721882294444447,334.2899183194444,0.0
cea09f34-e0ce-4d9d-8fae-4d04a8f1f302,19.7268011,40.273198900000004,17.2864167625,0.0,500.52989147388894,0.0
e8464366-fa82-4802-8f8a-a4a15315c18f,0.0,60.0,6.041553936111111,16.45844606388889,212.84023192416663,0.0
1561978b-0eed-4a4a-9d7a-85368ae38191,0.0,0.0,0.0,0.0,0.0,0.0
d65bd806-1abd-4927-b898-3c8695ea791f,0.0,0.0,0.0,0.0,0.0,0.0
eaad99a2-e894-48c2-a7bb-e26a05df79de,0.0,0.0,0.0,0.0,0.0,0.0
4093e636-2bc5-449d-8169-9a3fb890a36a,28.535945083333335,31.464054916666665,12.058328687777777,1.9413935344444446,366.3990972183333,0.0
19d08296-5e34-49e1-bd6d-66a2f214bf9b,39.506173399999994,20.493826600000002,11.42664805111111,1.5733519488888892,362.97375712,0.0
86eacb9c-499f-4b61-a4c9-704cb9d68fc0,16.43822545,43.56177455,10.161631089722222,2.338368910277778,339.31745933444444,0.0
f8205f74-b1db-462d-a285-771d71247c22,22.71591308333333,37.284086916666666,10.367369405555555,2.1326305944444437,196.2312916833333,0.0
c2f97eb6-5777-415e-82d8-f77a3e5d9003,38.5516118,21.4483882,14.892298837777778,0.0,432.23391991333324,0.0
163c722c-897f-4133-9085-0155f2ada5e0,24.11697816666667,35.88302183333334,9.424988379444443,1.5750116205555564,318.3980483188888,0.0
5daee916-f209-4710-a604-eddfc1fd8952,0.0,0.0,0.0,0.0,0.0,0.0
9e13ede0-9363-4f5d-8b7c-855c5ea27d52,0.0,0.0,0.0,0.0,0.0,0.0
c992a4f4-cdac-4cb8-9656-dbae28122d86,6.0350624999999996,53.9649375,6.0876580536111105,4.4123419463888895,245.58672436305554,0.0
f7f97ab9-bd6a-4947-bcf7-21ddf5b232db,10.106692399999998,49.8933076,11.452027355555558,2.0476948666666654,348.89180027638884,0.0
25ac66b8-9b3e-498a-a9d9-dfc17059c139,0.0,0.0,0.0,0.0,0.0,0.0
c45f9292-3b5d-4326-9878-115e8bb6deb9,0.0,0.0,0.0,0.0,0.0,0.0
dafce860-f048-4b8e-9fba-b43fb4abd0b0,30.327142700000003,29.672857299999997,11.501182102777776,0.0,300.5131508872222,0.0
54886487-aa02-4a58-8135-0f941b816d56,19.836130283333333,40.16386971666667,17.291513193611113,0.0,514.4525131772222,0.0
ee393086-5079-44e5-8e4a-74070100bfbc,3.7653837666666665,56.234616233333334,16.75825999527778,0.24174000472222057,512.2427524447222,0.0
e9b76e28-0dd2-48bf-bbbe-89013c5cb471,38.682997183333335,21.317002816666665,6.636778376111111,4.363221623888889,249.43985992638886,0.0
59edabc4-9876-482e-ae13-714797bafbe1,0.0,0.0,0.0,0.0,0.0,0.0
95f6418a-59c2-49cb-9c0e-d340768ca434,12.921445116666666,47.07855488333333,17.062747271388886,0.0,513.5030256188888,0.0
c0321cd9-0d5c-493d-bb67-8e39a3590011,27.281969716666666,32.718030283333334,12.017089850555557,1.9826323716666654,354.257058996111,0.0
efd2613e-8382-4ba6-9382-674d8277b220,0.0,0.0,0.0,0.0,0.0,0.0
9f657ad6-fe4a-4e36-affb-e33f33300b67,0.0,0.0,0.0,0.0,0.0,0.0
7678ea31-a683-4e16-b75b-72f15f9c2021,19.7590113,40.240988699999996,17.28819060444444,0.0,514.4408902177778,0.0
a926af54-bbae-4666-83be-22f789e8b8b9,0.0,0.0,0.0,0.0,0.0,0.0
88aa7686-fae4-457e-a568-81d1747fac1e,0.0,0.0,0.0,0.0,0.0,0.0
610bb210-9299-468a-a1f4-f7cbcac22cff,0.0,0.0,0.0,0.0,0.0,0.0
627c6c24-2ada-4bbb-b6aa-50b89539e208,0.0,0.0,0.0,0.0,0.0,0.0
560dd718-9ade-4124-9f02-b54a08f2112e,0.0,0.0,0.0,0.0,0.0,0.0
33c306fe-aeb1-4339-8357-e23022a78b6a,0.0,0.0,0.0,0.0,0.0,0.0
fcbbd353-3cf9-4815-85b2-777b1eb0390c,40.26530528333333,19.734694716666663,14.947267698611112,0.0,432.4412695205556,0.0
814b1266-2521-4431-9d7a-2833036a0d7f,22.44515971666667,37.554840283333334,6.361356324444444,4.3053103422222225,246.93117289583338,0.0
790d25f6-5872-4cb4-ad6b-5bb8ae67a9cf,41.94356438333333,18.056435616666665,10.000993069722222,1.4990069302777778,337.80841126944443,0.0
aa8e880f-827f-45c6-b853-b23ee70610ad,0.0,0.0,0.0,0.0,0.0,0.0
721f40f2-ec60-4fb5-b4e6-e2d2462a3f79,19.381270516666667,40.61872948333333,17.27664947888889,0.0,508.38865816222227,0.0
0ba209da-36cd-44c8-a1dd-782d5dfad450,36.980273516666664,23.019726483333336,10.839578349444443,1.6604216505555571,344.0558147375,0.0
b28d0457-067f-4512-881f-01afe8c44288,0.0,60.0,0.0,11.0,165.13103094944444,0.0
a850017d-1b06-4cee-8947-a0096f08dae7,0.0,0.0,0.0,0.0,0.0,0.0
1ca95465-9352-417a-ac33-87db2797cd64,38.287777633333334,21.712222366666666,3.4351611894444454,8.986707436944444,426.7977334466666,0.0
0233b870-8996-4137-a1c8-3e4ea98180c9,26.507362516666667,33.49263748333333,6.429073597222222,4.237593069444445,247.40896886861108,0.0
3bf0327f-1101-4a91-bc2f-68be616bc83b,32.74684083333333,27.253159166666666,6.5331551730555555,4.8001781602777776,228.1685768522222,0.0
e7ea7ffb-87b6-4198-9c88-1babd2d2fe2d,14.136720416666666,45.86327958333333,17.10398955083333,0.0,513.6716291741667,0.0
bc0ab8a4-a836-4fe2-ac22-3b466d848cfa,0.0,0.0,0.0,0.0,0.0,0.0
39a6db9b-37a5-4f79-9205-7f534843edcd,25.1876036,34.812396400000004,10.447531153611111,2.0524688463888885,340.5235098008334,0.0
ba6b50ba-31ca-4aca-add1-540d5083707a,19.8578491,40.142150900000004,6.318450965000001,4.348215701666666,246.62140402583333,0.0
5f1bcd29-8b9a-455e-a539-d4f227ad64d6,0.0,60.0,0.0,9.75,0.0,74.74944444444445
5889177d-455d-4d82-9a19-cc6668dd0744,0.0,0.0,0.0,0.0,0.0,0.0
3da1996b-9c87-41e4-b838-520581b3c2d3,0.0,0.0,0.0,0.0,0.0,0.0
16e22ba4-618a-4c14-86e7-9f26656710f1,25.59365216666667,34.406347833333335,10.462015776944442,2.037984223055557,342.50985740111105,0.0
d42622e7-d77a-4c9c-8df5-9dda6bfa8216,0.0,0.0,0.0,0.0,0.0,0.0
ffc39621-4499-411e-950b-00246a6c1f11,24.814861533333332,35.185138466666665,11.918781644166666,2.064551689166668,380.86786272083333,0.0
199613db-4b0d-4cb2-adb6-9cf978e8b323,15.4743285,44.5256715,11.614408550833334,2.3689247825000006,364.58601990249997,0.0
d43ffaa9-e8bb-4229-9569-b81898dab4d6,11.353173516666667,48.646826483333335,9.9935413725,2.5064586275000007,338.6245256461111,0.0
59d3874b-e13e-4615-ad85-76fed06450e7,36.89607778333333,23.103922216666668,9.837057810833333,1.6629421891666667,335.48174715305555,0.0
ff26d650-3db3-4adf-9000-8b25df0cc5e1,28.04692998333333,31.95307001666667,10.54237694388889,1.9576230561111112,340.9323048163889,0.0
5e967c08-2103-4181-8466-e9977e2dfc2c,28.862102049999997,31.137897950000003,10.56883184611111,1.9311681538888903,341.0357831305555,0.0
336c2724-de8d-48a7-9f6e-c1b0c8431888,0.0,0.0,0.0,0.0,0.0,0.0
02d6a0db-6c3d-4226-9563-5f861681ca30,4.899760066666667,55.100239933333334,6.068752538611111,4.597914128055555,244.82063762972223,0.0
09e52001-23f7-427c-ba88-44783e7fdfb9,0.0,0.0,0.0,0.0,0.0,0.0
7f4fbf55-268b-438a-b9d8-d2fc9421a018,0.0,0.0,0.0,0.0,0.0,0.0
075267fc-b2d6-46e1-b0e9-6afd75648fe2,0.0,0.0,0.0,0.0,0.0,0.0
c325af4d-4f00-42ba-8e27-9c82d607f50a,40.32465116666666,19.675348833333334,11.419877779444445,0.0,297.41110352722217,0.0
993c84d5-5c32-4b17-b0dc-adfaa9fbeb8f,0.0,0.0,0.0,0.0,0.0,0.0
83bdfe31-f43e-493a-a213-73d96a972c47,4.867036316666667,55.13296368333333,6.068147683888889,4.598518982777778,244.83010611999995,0.0
588a5fda-448d-4fe5-9ed0-46a62047c122,0.0,0.0,0.0,0.0,0.0,0.0
5cd7ec2f-12a5-408d-a242-2767bd2d3c3b,0.0,0.0,0.0,0.0,0.0,0.0
178eff4b-2a5c-4f03-859b-57a9c37cac0f,11.965696733333335,48.03430326666667,11.497925316666667,2.4854080166666668,364.11146168111117,0.0
e58453a2-dc0c-458b-ae52-0af261bd0edd,10.760619283333334,49.239380716666666,10.30770735611111,2.525625977222224,305.5601611894445,0.0
34928585-79c6-4c24-992f-7a03cad28641,43.48331198333334,16.516688016666663,11.524447369444445,0.0,299.3363764808333,0.0
d4f5a61b-b3ca-4783-aacf-df4939c541a4,11.904003866666667,48.09599613333333,11.511213119166666,1.9885091030555566,349.1459419075,0.0
7b3d0e97-cff1-4afa-add9-74cde5cb16a7,14.952624333333334,45.04737566666667,17.13153068777778,0.0,513.7758009777779,0.0
40e1b70b-1171-439f-b3f6-3083cd2dce37,8.102404583333334,51.89759541666667,11.385346827777777,2.1143753944444446,348.61613404444444,0.0
e087f69f-61f6-4019-be16-66a91b4f48d4,5.290396033333334,54.70960396666667,6.0752358427777775,4.4247641572222225,243.86694142888888,0.0
eb9c7cd7-e2be-4641-9feb-bd75d25ba809,15.2405919,44.7594081,6.241512006111112,2.6803566202777773,256.23089438750003,0.0
31aa094b-f39c-4e0e-b828-0f3eec1e69d7,0.0,0.0,0.0,0.0,0.0,0.0
a1e252e3-c5f2-4324-8182-16c0d0532870,34.320928683333335,25.67907131666667,6.559427422777778,3.9405725772222224,247.34209970944445,0.0
0e38d10b-fb0a-45b4-bf42-43205455695c,0.0,60.0,0.0,9.75,0.0,74.74944444444445
4f472600-5794-4d7d-8668-9d48fe350186,24.45497435,35.54502564999999,9.430548724722223,14.569451275277777,0.0,35.981273279444444
cef8da95-c718-4e1d-9df7-5985ec573dba,0.0,0.0,0.0,0.0,0.0,0.0
adfd31ae-95cb-4e9f-a3ff-dfb60d40d978,31.223962533333335,28.776037466666665,12.146951183055554,1.8527710391666672,366.7590553491666,0.0
082390d5-018f-4c46-900a-002334f86d75,0.0,60.0,0.0,9.75,0.0,74.74944444444445
b4f0ae6e-6ab7-4faa-be4b-238451fc2695,34.06727956666666,25.932720433333333,6.555109306388888,4.278224026944445,246.3134708633333,0.0
d2b1929f-2fe9-4f21-a671-7027ecb42be9,31.240779433333334,28.759220566666666,11.147840854166665,1.8521591458333346,361.7599872572222,0.0
fb2ca3ff-5a36-463f-9fbd-e42124edf270,0.0,0.0,0.0,0.0,0.0,0.0
53af7acc-a0cb-4e59-b9ad-3ad5364fcf48,0.0,0.0,0.0,0.0,0.0,0.0
2411517e-5dfe-4be0-8241-1afc59ade215,0.0,0.0,0.0,0.0,0.0,0.0
6f96d3fd-effd-4d2b-894e-98194390dfaa,0.0,0.0,0.0,0.0,0.0,0.0
68143e15-06aa-46a6-8b9e-6134a0538704,0.0,0.0,0.0,0.0,0.0,0.0
93d85721-bf8f-4606-b924-1ee52c475992,42.087473216666666,17.912526783333337,12.48863666888889,1.4946966644444426,368.22752721861116,0.0
bbeff755-c7fc-4f5b-b899-ce83feb7e404,23.4405023,36.5594977,6.37800376611111,4.62199623388889,252.23067250777777,0.0
67d5fd30-914e-4ed1-9bad-85f74eff77ab,0.0,60.0,0.0,9.75,0.0,74.74944444444445
1c4f1b1e-052d-4ed2-ada3-5490083517a1,28.096611566666663,31.903388433333337,16.559789939444443,0.0,508.67701437999983,0.0
cc7bcd3f-09d7-4aa3-a7f1-5c2685722fe9,28.404643616666664,31.595356383333336,9.553346649722224,1.4466533502777768,333.9775905119444,0.0
14413fd1-e908-4759-ac41-92e2e69d2421,35.20297783333333,24.79702216666667,6.574462928888889,4.425537071111111,102.72537643999999,0.0
9a909013-1d1d-42b9-a0cf-b7d1455b7260,18.38952405,41.61047595,11.226932053055556,2.2730679469444435,346.5177355536111,0.0
41b2cc13-04fd-496f-9778-9fb3cdf33bd7,31.477343116666667,28.522656883333333,12.157656146666666,1.8420660755555562,366.8014826322223,0.0
afa195ab-c9fe-45a7-996d-f071e2bc7679,37.048717366666665,22.951282633333335,10.8421521875,1.6578478124999998,344.0548865897223,0.0
e1ffedf2-d225-4e18-a86a-977c31ce21c1,12.45894575,47.54105425,6.194886581944444,4.805113418055556,247.73504669250002,0.0
e439de62-fb51-4554-845e-77de406279a2,0.0,0.0,0.0,0.0,0.0,0.0
dcbcb85d-f8d4-445d-b005-9a6eb67cb938,0.0,60.0,5.987402738888888,5.012597261111112,230.82813648388893,0.0
6ab67bd6-8a17-4e43-b393-9a88f5292cf9,16.706914333333334,43.29308566666667,11.655010095555554,1.8283232377777798,349.7423741908333,0.0
96c0bea4-0acd-471a-b765-ccdf9bad5491,38.11493491666667,21.885065083333334,12.360250761388889,1.623082571944445,367.71954488249986,0.0
c6199a91-cf4b-4896-bb45-3537e01ed432,27.640001783333332,32.35999821666667,10.86227963888889,1.9710536944444437,343.1298803547223,0.0
0f695357-7a33-4d86-b797-2f3450c91111,35.16841688333333,24.831583116666668,10.112205481388889,1.7211278519444446,337.1475853141667,0.0
ec794d3b-5395-4c24-97d3-a39831138085,0.0,0.0,0.0,0.0,0.0,0.0
c09ac5c7-1ebb-47cb-a1de-629202c149af,0.0,0.0,0.0,0.0,0.0,0.0
fa868c38-b0e2-4569-86e1-79ee68680f72,29.050580266666667,30.949419733333333,12.076661698055558,1.9230605241666652,339.4998765977778,0.0
406703bf-32b8-4857-8d70-8a2ef98531fe,0.0,0.0,0.0,0.0,0.0,0.0
ccf2bb44-9eb7-4e72-b397-23db553e4ff7,10.86224305,49.13775695,10.310996099166665,2.5223372341666677,340.84106914861115,0.0
e9785e63-747d-48b4-9024-0f04cd8158da,39.18921048333333,20.810789516666667,11.391789691666666,0.0,285.2124241166667,0.0
60468f8d-7f01-4cfc-9fba-595f4e795038,0.0,0.0,0.0,0.0,0.0,0.0
16a37961-10c0-49f0-bed7-fb18e76eb192,0.0,0.0,0.0,0.0,0.0,0.0
dc352086-d78f-441b-8891-a2d005879881,0.0,0.0,0.0,0.0,0.0,0.0
48016f25-44fe-41d9-a623-01c45ee3c995,0.0,0.0,0.0,0.0,0.0,0.0
48de7942-5499-4cfe-be7d-249b91f1dda5,21.13308196666667,38.866918033333334,10.315549722777778,2.184450277222222,339.97027765944443,0.0
58191db6-70a7-4e9b-951a-a8b1dcef7365,19.416196616666664,40.58380338333333,17.276647028888892,0.0,508.45516323916667,0.0
26ca1b87-782b-45c7-8562-a8a604cb56d2,38.46844125,21.53155875,9.889205344722223,1.1107946552777765,320.1499524147222,0.0
30d4b5d1-2bde-458f-b149-7f9276ebb716,22.032082333333335,37.96791766666667,6.354560229166666,4.645439770833334,248.87614924583337,0.0
99d4b630-05b0-46db-b806-a3ce62c59a36,0.0,0.0,0.0,0.0,0.0,0.0
73955864-56fe-4ceb-9626-795304935b0f,11.280595199999999,48.7194048,10.32458188388889,2.508751449444444,340.89950063083336,0.0
88dded70-6290-49b0-8037-d57004a80545,0.0,0.0,0.0,0.0,0.0,0.0
8eb11397-976e-4f0b-b7f1-c74db400ebe5,0.0,0.0,0.0,0.0,0.0,0.0
e6d12c87-cc44-49dc-97df-bb36b7a40841,7.357757,52.642243,6.109667417222222,4.890332582777778,247.13042812722225,0.0
1d133410-0fb1-491a-9a02-ad4c071f623d,8.355201283333333,51.64479871666666,11.394603663888889,2.1051185583333325,348.6579844186111,0.0
f47238d4-50ba-4c7b-8fbe-1440112b4e18,0.0,0.0,0.0,0.0,0.0,0.0
60df6070-83fb-48bc-aefb-fd4e874f9508,0.0,0.0,0.0,0.0,0.0,0.0
f3e8cdc1-c4d2-4992-816d-ccd7f5769e86,24.486237533333334,35.51376246666667,16.941848940833335,0.0,511.67457607277777,0.0
da6b3ba3-0333-40b1-98dc-15d1558c396c,13.445115216666666,46.554884783333335,17.07983220722222,0.0,507.6255557988889,0.0
ba7f5b92-7c69-4c77-bcee-305e7e3f083d,30.483098466666668,29.516901533333332,14.633099001944448,0.0,410.2608539691667,0.0
fa761f78-5293-488f-b718-51e08e195980,24.04921723333333,35.95078276666666,11.894212374722223,2.089120958611111,365.77744700194444,0.0
81d279fa-17b1-4648-8c59-af4d10d1f871,32.97971608333334,27.020283916666664,12.189010260277778,1.294323073055556,351.9861965866668,0.0
57f27f91-d134-4622-8725-67fa5c31ba23,13.717133716666666,46.282866283333334,17.089377852777776,0.0,513.6155337577777,0.0
a78b2621-74ea-4026-b8bb-a24f192d827c,0.0,0.0,0.0,0.0,0.0,0.0
eb7574dc-2e05-414c-9b77-54c06e098354,34.59188195,25.40811805,6.563989421944444,4.269343911388889,236.95945816111112,0.0
e84edd03-a46e-453e-a17d-f9b8bed65232,0.0,0.0,0.0,0.0,0.0,0.0
2f33d254-b3d9-4091-a230-ebf2c04a0fb3,0.0,60.0,0.0,11.0,0.0,77.0
fa400892-09e3-4451-94db-8f28c7bd165e,0.0,0.0,0.0,0.0,0.0,0.0
a4df243e-6958-47bb-b908-ed60da008b32,0.0,0.0,0.0,0.0,0.0,0.0
cb70712c-2c12-4791-a0fb-f35fc6ac564c,0.0,0.0,0.0,0.0,0.0,0.0
a7375093-8b98-4660-887f-c5f5ed85835a,30.194559066666667,29.805440933333333,11.11421314277778,1.8857868572222207,361.6266505827778,0.0
06cefc5b-a6d0-4772-8bcc-b30609d2b2aa,0.0,60.0,0.0,1.078131373611111,0.0,67.0
6dc3f4e1-75f2-485a-bcf8-679c7ab173c2,0.0,0.0,0.0,0.0,0.0,0.0
6bea2a32-0722-405a-afec-f5f7cb67da88,3.8169960166666663,56.183003983333336,16.760391761666668,0.23960823833333253,446.21657095166665,0.0
e1d500fa-23ce-497a-9785-a42fdeecdf2f,0.0,0.0,0.0,0.0,0.0,0.0
42339b73-5048-4a80-8f47-f16299c9a539,32.728903583333334,27.27109641666667,12.180748987499998,1.8025843458333353,366.9707993986112,0.0
0fdc41ad-acee-4531-817f-cd37383ddb63,4.73360985,55.26639015,16.790013246388888,0.0,506.4186694358333,0.0
e5fe438e-636e-4fff-8158-0317c788e482,0.0,0.0,0.0,0.0,0.0,0.0
7a230e56-7021-41d0-a46b-0eb3c072324e,0.0,60.0,0.0,23.99972222222222,0.0,167.99805555555557
5e1d0bac-45e5-490f-a289-76bd9872e7e1,12.362335066666667,47.63766493333333,11.526909961666666,1.9728122605555554,349.20618492277777,0.0
9cbc9b05-a356-4957-8933-634bffd34438,22.506200733333333,37.49379926666667,6.362762592222222,4.9705707411111115,247.9373102952778,0.0
a63a71d8-c4d2-4b3c-989e-624f994eaa79,0.0,0.0,0.0,0.0,0.0,0.0
e9c31581-a908-4878-9b23-b2740112ffde,0.0,0.0,0.0,0.0,0.0,0.0
ddd74eeb-3f62-477d-96e5-0b1afc060d51,0.0,0.0,0.0,0.0,0.0,0.0
1bdce6bd-fbe8-43e7-bfcb-fe3c0fe002f8,0.0,0.0,0.0,0.0,0.0,0.0
1084f329-0d3e-4851-870e-6f510dd6b0cb,0.0,0.0,0.0,0.0,0.0,0.0
18c57218-19c8-42a2-b671-2c560f6250fd,0.0,0.0,0.0,0.0,0.0,0.0
846200ef-278d-410f-9193-7e1f2b818ba8,9.486351516666668,50.513648483333334,11.414839727499999,2.5684936058333347,357.7867228175,0.0
22a9dbf7-82e5-4dc0-8fb2-26c0acde8195,17.114910116666668,42.88508988333333,22.664662494722222,0.0,617.2644580736112,0.0
f4718f77-b7aa-4170-9b98-ad41313f1cab,5.8309168,54.1690832,16.826745788055554,0.0,506.56886421861105,0.0
833f3d50-b642-4598-b0f8-af4c52beec4b,13.507017233333332,46.492982766666664,6.212431378611111,4.787568621388889,247.87045272694445,0.0
768bf5de-8cef-40a5-8183-aca7de2bc027,0.0,0.0,0.0,0.0,0.0,0.0
58aab40a-71ab-4d28-bc9e-f4e7030a9b7c,15.153448266666667,44.84655173333333,10.120366513333334,2.379633486666666,341.0823974808333,0.0
2ab7f04c-10a3-4d70-b00d-8cc69634e6af,0.0,0.0,0.0,0.0,0.0,0.0
c8cc01ef-aa9a-4f7c-80bd-aa5b363b0a0b,0.0,0.0,0.0,0.0,0.0,0.0
5648c055-1478-41b7-b6f4-8e30166f3d35,23.84597708333333,36.15402291666667,10.404416576666668,2.0955834233333333,342.34172708166665,0.0
b140caa6-4676-433e-9d5d-24069249ede9,9.639207566666666,50.36079243333334,11.419981029444445,2.563352303888888,357.80993933750005,0.0
9a91577c-dfd2-483a-b96e-33b47fc7b359,36.43887768333333,23.56112231666667,6.5948533175,4.4051466825,249.4303717422222,0.0
d8297275-20e0-4050-be63-15ef07d0d9d1,18.20279253333333,41.79720746666667,10.220223455555553,2.2797765444444464,326.5949629894444,0.0
4693b057-a823-4675-a9a7-ebacca3a44c0,25.234346583333334,34.76565341666666,11.950263376388888,2.049458845833334,303.5424380383334,0.0
b3a2168d-f81d-43b5-8801-e34f848847d1,31.439440583333333,28.560559416666667,12.154751486111113,1.8449707361111096,366.7950096094444,0.0
422cd490-c997-4d29-b493-eb8e6d1a6fcd,0.0,0.0,0.0,0.0,0.0,0.0
d49ae899-f81c-4b33-9258-587484bf8443,0.0,0.0,0.0,0.0,0.0,0.0
8c6b8db2-0caf-4b56-98d0-5d7329619f7e,0.0,0.0,0.0,0.0,0.0,0.0
7a7bc05e-c339-4731-be7d-04f355960c2d,34.591833066666666,25.408166933333337,24.230231435833332,0.0,658.5130062577779,0.0
6c581200-794e-4351-b605-1bfb8c634428,35.6941647,24.3058353,6.582423621111111,2.3394450052777778,258.76020651861114,0.0
08641830-2851-4831-aa22-fe13572d3d52,37.200661233333335,22.799338766666665,10.846422488611113,0.0,342.19204046916667,0.0
4428547a-8de5-486d-b9ac-6276345e19ba,30.986277833333336,29.013722166666664,15.15756378,0.0,435.9572423766667,0.0
d275fa77-13d0-413d-bcbc-97ea8058df0a,35.76192885,24.238071150000003,10.797986631666666,1.702013368333335,343.9836486066667,0.0
2a6aa5b0-3373-4a58-877e-9dfc5534b6b3,0.0,0.0,0.0,0.0,0.0,0.0
437cf867-f51c-4b8f-9018-83dcfc7fcedd,27.472027583333333,32.527972416666664,6.445635794166667,4.2210308725,247.51500442944447,0.0
7bf02aba-b7b8-4153-a19a-a1acfbf6a5e4,25.659903983333333,34.340096016666664,10.463933860833333,2.036066139166667,342.5187889347223,0.0
48f46b76-b1f1-4610-bfa6-6379edb31680,0.0,0.0,0.0,0.0,0.0,0.0
1e64dcb2-aed1-417c-833f-cc493c16bc2e,0.0,0.0,0.0,0.0,0.0,0.0
d50544fd-0d63-4353-839b-52f15bd63ae8,11.547733866666666,48.45226613333333,10.333732395277776,2.4996009380555573,340.9312000694444,0.0
ff59ad5a-b30f-4d2d-bbef-0cbb6c375424,22.376892516666665,37.623107483333335,17.372640955833333,0.0,514.8774222197222,0.0
b0cb02c0-c832-4d9c-bb15-c9098b82185b,11.93623915,48.06376085,1.6666666666666667,0.0,0.0,129.21239935777777
f6369e14-2d43-4df0-8a2b-f49fa848b653,14.241318033333332,45.75868196666667,17.106183303055555,0.0,466.97479816861113,0.0
f65ba669-3b84-432c-94a1-6f27c8af7702,17.94919421666667,42.05080578333333,9.27836741111111,2.8882992555555553,484.43393662611106,0.0
38ba12ed-618a-4cce-be6f-e88abfa3f3a8,0.0,0.0,0.0,0.0,0.0,0.0
347cb0a2-840c-482a-999d-ea7dea63e29e,0.0,0.0,0.0,0.0,0.0,0.0
87755916-f34c-4d76-9c64-41a5cd684a2f,0.0,0.0,0.0,0.0,0.0,0.0
8e603b7e-bc74-4fbf-a173-f8085439ced7,0.0,0.0,0.0,0.0,0.0,0.0
baba6c7c-b6c0-41e0-afcd-e16198e142eb,0.0,0.0,0.0,0.0,0.0,0.0
5f3ac8fc-c014-4939-91b2-08d4110cb7ed,0.0,0.0,0.0,0.0,0.0,0.0
d809793f-e6a5-41e6-ba65-989a979bfc20,6.2747026833333335,53.72529731666667,6.091613924722221,5.408386075277779,86.09373149916665,0.0
91296b1a-eef4-4064-81bc-f6639d5c62c9,28.43880503333333,31.56119496666667,12.038553562777778,1.9447797705555543,357.3641262397222,0.0
7a0e8829-eedd-412e-b627-0018465c1d43,38.0812544,21.918745600000005,9.875646735555557,1.624353264444443,335.3440177280555,0.0
cfc6686d-49a1-4a81-acd7-f61cf903d84e,3.9195377500000004,56.08046225,6.052367968055557,4.61429869861111,227.4255994458333,0.0
11214e27-f5db-47cf-ad90-2940610aca87,0.0,0.0,0.0,0.0,0.0,0.0
1cfc893d-3968-4607-9fb7-962331787cec,10.896490766666666,49.103509233333334,6.168669873888889,5.664663459444445,248.94565370805552,0.0
737027fd-265d-4e0c-9bf5-e1784df4e318,0.0,60.0,0.0,11.0,0.0,77.0
f4f60eab-60ab-4948-bd0d-dd07389b84cb,0.7349609666666667,59.26503903333333,8.837682044166666,0.9123179558333332,282.3534709572222,0.0
7d49fa51-2d64-4b09-8193-411a47a8ea4f,0.0,0.0,0.0,0.0,0.0,0.0
b0fb1669-6f32-48ee-adae-efdfa178a95c,9.152667066666668,50.847332933333334,9.920733382222222,2.5792666177777774,338.32545779916666,0.0
cd7773ff-7f8a-4e9d-9647-1d6bc3c18631,25.4241539,34.57584610000001,6.410916589444445,4.255750077222222,247.2902574361111,0.0
d6d0af79-3c6e-4d76-a7ec-b17456e9d5b5,15.681020266666668,44.31897973333333,11.621224690833333,2.3621086425000004,364.6152204922222,0.0
7bbebda1-7f6a-412b-a010-0b5760e4a781,17.77993563333333,42.22006436666667,6.283570066944446,4.716429933055554,248.36702603166668,0.0
7f943cfc-20f7-4b0b-b469-683399ee559b,0.0,0.0,0.0,0.0,0.0,0.0
474b6ebc-d09f-4270-aad1-d8b4bfd0d98c,27.243679633333333,32.756320366666664,12.015763523055554,1.9839586991666671,366.21676033500006,0.0
e9a51f15-4563-4270-9596-dbc8cb958c08,30.690599566666666,29.309400433333334,12.129634097222223,1.870088125,366.6880523730555,0.0
8594d606-bee9-4233-840e-83ca8e385760,7.21766145,52.78233855,6.107702001944445,4.892297998055555,247.1116379783333,0.0
a831e903-99c3-458c-82d0-672617656b3f,30.529938683333334,29.470061316666666,14.636208279722224,0.0,431.3556221827777,0.0
f75a2ea6-5753-40a6-91c2-4443f1f87175,25.251651283333334,34.74834871666667,6.408116176944445,4.091883823055555,225.1761614905556,0.0
7a969433-ed37-4d74-912e-ff40c8c9906d,33.289058133333334,26.710941866666666,10.715804395833333,1.7841956041666667,261.43538783805553,0.0
f191b9f5-ce23-4f01-a990-3bd0b55e5d24,38.730172483333334,21.26982751666667,11.397764721944444,0.6022352780555553,345.9007710608333,0.0
eb06a2b7-13be-44f4-adb0-48aa74be4b08,12.7332123,47.2667877,10.039308126944444,2.460691873055556,340.8172729316667,0.0
1793dcaf-d772-4375-a75f-2fd61f44db47,0.0,0.0,0.0,0.0,0.0,0.0
19b21fa1-dc22-4d10-ade2-936cdd407035,0.0,0.0,0.0,0.0,0.0,0.0
205168b2-abcf-4ae1-ac47-bde32fe85bc0,0.0,0.0,0.0,0.0,0.0,0.0
daf4642e-6485-4d3f-9050-2b2a4141b1b1,0.0,0.0,0.0,0.0,0.0,0.0
eb9390d1-d437-44a2-954c-e604f7941a0e,15.985313966666666,44.014686033333334,6.253654900277777,4.746345099722223,248.16180959416667,0.0
52b947b5-6215-41b5-90e6-774ef6ffbe42,23.63622865,36.36377135,17.414881188888888,0.0,491.0265953722222,0.0
5cb80902-b9a9-4a3d-8c8b-52d8a3379bb4,4.9346669499999996,55.06533305,9.779764406388889,2.7202355936111116,337.74019279805555,0.0
bca32bb6-b6a1-4ab4-97fc-279ccb3ac3a5,27.74178703333333,32.25821296666667,10.532173170555556,1.9678268294444448,342.8057688633333,0.0
7c9be152-e6f3-4fa9-98d6-baee7db56e0d,33.8473271,26.152672900000002,6.551525110555556,4.781808222777777,249.28131739666665,0.0
d4735354-573d-467f-8027-d079ed5ddac0,0.0,0.0,0.0,0.0,0.0,0.0
e799f4ae-ff48-493a-8880-66c15d8147cb,26.307829299999998,33.6921707,6.427027771111111,4.072972228888889,246.3965019647222,0.0
a41aff61-b861-4408-98e5-3ba2798ac1ed,9.258881316666667,50.74111868333333,9.924332204166667,2.575667795833332,340.2998306672222,0.0
74068ce4-76ca-45d9-a640-9751bfd59891,34.218820066666666,25.781179933333338,10.74667150361111,1.7533284963888904,341.77229971777786,0.0
97cbc4cf-4ced-4436-94df-fcbdb8e70bed,4.15534935,55.84465065,9.753558562222223,2.746441437777778,337.63630869194446,0.0
a73b324c-d6d1-480d-a31c-e4215d6709e1,36.60850511666667,23.391494883333333,6.597692394999999,4.068974271666667,248.6220655602778,0.0
0c74bb54-867f-4ffe-9846-1f783512785a,0.0,0.0,0.0,0.0,0.0,0.0
2d6c3569-c629-4b65-83e9-3176cafd0ab5,35.236200966666665,24.76379903333333,10.78078549138889,1.7192145086111101,331.8298422408333,0.0
fb92983d-0931-4acc-a6e0-54c2bda76b77,0.0,0.0,0.0,0.0,0.0,0.0
fc3a9a2f-b29b-40b0-bc46-a80f25d81d10,10.795558183333332,49.204441816666666,6.167072534166667,5.6662607991666665,248.95341362499997,0.0
68a25125-db55-4db3-ae37-855a53896935,35.878976816666665,24.12102318333333,6.58580783861111,3.9141921613888897,243.6161750141666,0.0
dcab5687-f2da-445a-ba14-bdbf91719a26,0.0,0.0,0.0,0.0,0.0,0.0
3c049b04-c96c-4cd0-a3a5-3554e9d701e0,0.0,0.0,0.0,0.0,0.0,0.0
43e78d9d-8e01-444c-9335-7cf118e14663,0.0,0.0,0.0,0.0,0.0,0.0
c996351e-1240-43c3-9941-8b54116881f2,0.0,0.0,0.0,0.0,0.0,0.0
67f0321e-c120-4078-8409-543f31726fc8,0.0,0.0,0.0,0.0,0.0,0.0
1dcfb65c-2b0c-403f-acbd-39ff6fa8124e,35.304618616666666,24.69538138333333,6.575934245833334,3.9240657541666657,264.5398858486111,0.0
2243c7f3-7aa4-4ff4-9a98-c76c502806b3,39.0710042,20.9289958,11.911932576944444,1.5880674230555551,349.46895958333334,0.0
8b97f401-94bd-4277-a819-4b2a36eb8a35,22.1058957,37.894104299999995,6.355704604166666,4.310962062500001,246.89090071388893,0.0
d4d8a262-5350-47da-85d6-db6910e1526b,32.91126681666667,27.088733183333332,6.53591484,4.130751826666667,248.1795617513889,0.0
da923591-37d7-442d-8aa3-e17970629b66,43.404767650000004,16.59523235,11.522065169444444,0.0,299.3246997013889,0.0
4e3abdb9-39cc-48a9-b741-2f8265423882,0.0,0.0,0.0,0.0,0.0,0.0
584223d5-d7b7-4c48-b1d2-4113751bfddc,39.285303799999994,20.714696200000002,6.646934892777778,4.019731773888889,257.9305048325,0.0
45d3ef48-d2d6-49c0-90f3-9d42fdef2f2e,0.0,0.0,0.0,0.0,0.0,0.0
86e6f314-0f0d-4e5a-95d1-23af85b77747,0.0,60.0,0.0,11.0,122.96393485777779,0.0
175021c4-96d8-487f-a0bc-73d6f765d56e,0.0,0.0,0.0,0.0,0.0,0.0
a2a80ce0-79fc-4971-9965-55cd7760bafe,13.953426266666666,46.04657373333334,17.096967353611113,0.0,513.6448655708334,0.0
9cc39740-dfe3-4b09-a078-55eedd1ef142,0.0,0.0,0.0,0.0,0.0,0.0
a4290f3b-18f2-4109-8436-f279569d8387,0.0,0.0,0.0,0.0,0.0,0.0
f2137b08-fe17-4ac6-b567-10af21f1ef04,19.791554833333333,40.20844516666667,11.755585250277779,2.2277480830555536,365.18703555416675,0.0
e2727e6a-10f4-4811-9ac6-947dfde55e62,31.74610285,28.25389715,9.665462221944445,1.8345377780555545,334.4375716872222,0.0
eec2f7cc-a679-41b5-afa5-7eed38423356,0.0,60.0,0.0,23.99972222222222,0.0,167.99805555555557
be7041f0-8d78-44c5-afcc-6e6b5f339119,27.315323616666667,32.68467638333333,10.518495309166667,1.9815046908333331,238.74035473083333,0.0
77ea4d02-b137-4668-877d-2142d6336187,0.0,0.0,0.0,0.0,0.0,0.0
49289314-c711-4a34-8cb8-973276a6a513,0.0,0.0,0.0,0.0,0.0,0.0
d241945c-f110-4577-b98e-f29ef5d3ce8a,0.0,0.0,0.0,0.0,0.0,0.0
0576222f-4d63-43ed-ab35-4a13bbf57d92,0.0,0.0,0.0,0.0,0.0,0.0
62d3fe75-8bcb-4ac2-9bf7-927a5d8a066a,21.933113616666667,38.06688638333333,11.825179173333332,2.1581541600000005,365.4818472525,0.0
64e4a82e-aad5-44d6-acea-2bc4c960e0dd,39.01322343333333,20.98677656666667,14.91091072861111,0.0,432.3041933458334,0.0
c512ed97-757e-473f-91b6-8d93a5e696e5,0.0,60.0,0.0,10.416666666666666,0.0,75.41666666666667
f9faa922-6eac-41c7-bdeb-4853c9ac3c14,38.72033941666667,21.27966058333333,6.637348802500001,4.362651197499999,240.4529690319444,0.0
e1de23a9-1b74-40a6-9943-f5c5f25108ca,0.0,0.0,0.0,0.0,0.0,0.0
1e7fe9e0-d79c-4dee-9fa0-82aedc2a79eb,36.46773705,23.532262950000003,6.595438559444444,4.404561440555556,249.4344216730556,0.0
20a65df8-76de-4881-ac17-cbd29f053ecb,0.0,0.0,0.0,0.0,0.0,0.0
27e8edbc-dc37-4a2d-af86-a3d8c3799111,37.922982633333326,22.07701736666667,13.372154827222223,1.6278451727777772,425.2564795775001,0.0
7ff8def4-2bb1-4c63-9cce-17a8711b8c70,0.0,0.0,0.0,0.0,0.0,0.0
cd4dafba-8160-4a57-a0af-380b979de1d8,0.0,0.0,0.0,0.0,0.0,0.0
f5f631ea-e22d-4aa1-a844-10c07dec831b,35.399291,24.600709,13.022892064722223,0.0,331.5845183572223,0.0
14aab7c5-c4bb-469f-8bc2-9e199c871186,30.06309655,29.93690345,14.609506067222222,0.0,393.14835472805555,0.0
50925026-bfea-43d9-9f0f-8010de567cac,36.83712668333333,23.162873316666666,10.834515526388888,1.6654844736111125,342.13967920388893,0.0
2a5ab316-b424-4982-8f02-9262a60811ac,14.91922485,45.08077515,6.235869524722222,5.264130475277778,248.03298211000003,0.0
3d860535-466f-4fa3-b6be-16985179a037,0.0,0.0,0.0,0.0,0.0,0.0
477603df-e75a-438e-b340-0feb00026d4f,30.335283566666664,29.664716433333336,12.11793171027778,1.8817905119444427,366.64254170166663,0.0
f2eb40ff-e596-42d4-a763-b0eb470392a4,0.0,0.0,0.0,0.0,0.0,0.0
905e0a2b-0165-4116-99df-c8b75a87d28b,0.0,0.0,0.0,0.0,0.0,0.0
c90201f4-7f0b-4f5c-bd7f-b8fd72700878,0.0,0.0,0.0,0.0,0.0,0.0
ef050194-517b-49f7-92b7-265b4312e376,0.0,0.0,0.0,0.0,0.0,0.0
6c6f7eaf-26f8-4e29-a6e0-5ed8b1e4caa9,0.0,0.0,0.0,0.0,0.0,0.0
fb6ff307-c686-4150-96b9-b4b4826a8106,0.0,0.0,0.0,0.0,0.0,0.0
44ce6b66-3c9a-4a26-906b-33acba20abc4,0.0,0.0,0.0,0.0,0.0,0.0
cbd459b1-62a1-481b-a70f-59e2938febd4,38.7535054,21.2464946,6.633966199166666,3.8660338008333333,244.88386545999998,0.0
360ae44c-26ba-4d43-ac5f-7e33b0fc4e17,26.575483566666666,33.42451643333333,10.826508181111112,2.006825152222221,342.97530382527776,0.0
b5e17610-53e4-4402-99ae-4c9b013bee1b,0.0,60.0,0.0,24.0,0.0,168.0
97d882d3-1cf6-4260-a578-1b53b140aec0,9.657673266666666,50.34232673333334,6.148205300277778,4.351794699722222,244.39674815111113,0.0
550fef21-6773-4ddc-9582-9fabcdcbffe6,0.0,0.0,0.0,0.0,0.0,0.0
32b603d6-c9ef-4dda-9be5-96e443a14660,0.0,0.0,0.0,0.0,0.0,0.0
6e6d5461-2f5c-4c2a-b5a6-1894891b3bd7,0.0,0.0,0.0,0.0,0.0,0.0
d34b1660-64d0-43c3-883c-c7339dc92a18,0.0,0.0,0.0,0.0,0.0,0.0
f5870ce4-3e9c-4988-ade4-1d7c7d06585c,36.472677016666665,23.527322983333338,10.821945775277777,1.6780542247222223,344.0877086577778,0.0
1a9e3807-f69d-4084-876e-3da2510b0646,35.065360049999995,24.934639950000005,6.5718988849999995,3.4281011150000005,241.43762411444445,0.0
afc54a63-ee4c-4ba5-822d-afb54a2676ec,11.314515416666667,48.68548458333333,10.325733784722223,2.5075995486111102,340.9261327494445,0.0
e232cdff-de01-4f37-9571-6b62920ada2c,44.065372,15.934627999999998,11.54497237611111,0.0,297.9155447152778,0.0
d7f8ea31-3e40-43f0-bf76-54c594251b42,38.25282613333333,21.74717386666667,10.881878823888888,1.618121176111112,342.20164286416673,0.0
1d682925-104a-4790-ab98-5418a10421e1,38.21737653333333,21.78262346666667,10.880719206944445,1.6192807930555562,342.20626506916676,0.0
388f0a20-4cd2-473a-807b-df9cdc2a36fd,0.0,0.0,0.0,0.0,0.0,0.0
fe2fe979-a98d-4338-97a7-d7bfb748ee5e,28.45489255,31.54510745,11.055722752222222,1.9442772477777786,338.4001028075,0.0
7c969b6f-2454-4b65-bf9f-b3fbc29d2d43,0.0,0.0,0.0,0.0,0.0,0.0
f43c46e1-5176-45e9-af64-417ad1da31c1,0.0,0.0,0.0,0.0,0.0,0.0
5061c857-4be9-4a39-af68-d32047d0e7da,0.0,0.0,0.0,0.0,0.0,0.0
e2c4e7b5-fa9c-40af-ae22-809f113c2ebf,0.0,0.0,0.0,0.0,0.0,0.0
791141f7-8994-4a9c-b2f1-c094e1528b07,6.8984798666666665,53.10152013333333,11.3286693475,2.654663985833334,348.42587525472226,0.0
4ec84d9f-c933-42ab-a728-86cbbf4839b6,31.758422983333332,28.241577016666668,12.165319948333332,1.8344022738888897,366.83435062999996,0.0
03118ec9-5801-4663-a44c-95693f606318,0.0,0.0,0.0,0.0,0.0,0.0
de8d03db-d3c5-46f4-8810-2123347a4a63,0.0,0.0,0.0,0.0,0.0,0.0
0c068ab5-ffef-4c88-956f-542dcd168504,0.0,0.0,0.0,0.0,0.0,0.0
995c8b61-fd1e-45c2-a332-15a288fcb8bf,0.0,0.0,0.0,0.0,0.0,0.0
f5f90cfb-ddb0-4172-a34e-d25ca4914f2f,30.43508175,29.56491825,12.120830731666667,1.8788914905555552,354.6835949363889,0.0
705f0e39-2827-46ca-9fee-67b1499a741c,0.0,0.0,0.0,0.0,0.0,0.0
f43c80f2-4b41-4664-9825-d29041742e9f,0.0,0.0,0.0,0.0,0.0,0.0
08771e13-f497-4842-8a04-73e16c0474b1,18.1798204,41.820179599999996,12.307405201111111,3.6925947988888885,410.2148307108334,0.0
927173ff-f84d-414f-931b-2a85f930cea3,0.0,60.0,0.0,17.0,0.0,119.0
d952e2c7-c16e-4cfe-b7fa-b45fe7aaad8e,13.6821715,46.3178285,17.088755199722222,0.0,507.6058843580555,0.0
6eb4f195-076f-405b-bd7f-de46985b8589,9.983001216666667,50.016998783333335,11.44817255111111,2.051549671111111,348.8712190013889,0.0
403d0a99-6651-48c1-a134-4125e141309c,0.0,0.0,0.0,0.0,0.0,0.0
c7a9d57e-ea9b-4978-b141-863e4cc45345,13.3253827,46.6746173,17.07583687611111,0.0,507.5452793544444,0.0
94702331-673f-41d8-ae90-7e62c41a730f,0.0,0.0,0.0,0.0,0.0,0.0
a7ac531d-96e9-4f5f-9bba-4eabfed4af25,0.0,0.0,0.0,0.0,0.0,0.0
0e2cd555-0ca8-4db3-99b2-0b54f969eaa2,0.0,0.0,0.0,0.0,0.0,0.0
1ecd34a9-b024-4e6f-b5e9-58d49e67e3b3,0.0,0.0,0.0,0.0,0.0,0.0
e016f83b-66ff-499b-a137-da0be925de4f,30.46651985,29.53348015,10.6218456575,1.8781543424999998,343.2592359033333,0.0
5ab1021d-ff82-4822-a029-4599e5c707e7,0.0,0.0,0.0,0.0,0.0,0.0
be9d5501-bfcd-4cee-985a-4a7fc1d948ac,39.18237366666666,20.817626333333337,6.645256588888889,4.354743411111111,249.43760555361112,0.0
a522ccf7-5a94-459c-86ac-dfbd5706e0c3,0.0,0.0,0.0,0.0,0.0,0.0
94f66d20-3539-48a0-978c-2e872b5c42db,0.0,0.0,0.0,0.0,0.0,0.0
c4849173-0001-4793-b655-081ff92bf607,0.0,0.0,0.0,0.0,0.0,0.0
b74e3d67-0986-446e-9c7c-1abc3addee30,26.520107066666665,33.47989293333333,11.974701105,2.0086322283333335,366.11393266916656,0.0
cc629734-fe17-457e-a434-0295d24343a7,9.981561033333332,50.018438966666665,6.153569988888888,4.346430011111112,244.45152172500002,0.0
498816d1-bec2-430f-839c-57e3128ac5d5,31.791487016666668,28.208512983333332,12.166297438055558,1.8334247841666649,366.83297348944444,0.0
ccc5362a-0715-483a-bac0-c42cc5494bbe,0.0,0.0,0.0,0.0,0.0,0.0
234a5ff0-3e8e-45f9-b71b-b3d5ab73ebb4,0.0,0.0,0.0,0.0,0.0,0.0
6d9dca6c-8778-436a-9d00-15d1c7f8a1e4,0.0,0.0,0.0,0.0,0.0,0.0
9a6f73e4-264e-4b44-8c43-f2f7e381fd27,0.0,60.0,0.0,10.416666666666666,0.0,75.41666666666667
1c026037-4d1f-4970-8cf4-3f8cd3c0199f,0.0,0.0,0.0,0.0,0.0,0.0
b76906bc-ad71-45e6-8241-ce1239fb602b,14.81731345,45.18268655,17.12654848,0.0,492.66980002194435,0.0
cf96ebde-e9f7-47c6-8b9a-f12d69399cbd,22.190690166666666,37.80930983333334,11.850733921666668,2.148988300555555,365.52747501138896,0.0
71e9fb02-c674-4b81-9b31-ca7c11f715f0,20.753810533333333,39.246189466666664,6.33337384,4.66662616,245.73708743527777,0.0
fa1002c9-cd56-465e-a620-46867baab7d1,19.25238415,40.747615849999995,6.308295950277777,3.6917040497222238,245.55326444805556,0.0
dea630c5-08b0-487f-a928-105d0072f712,31.613184033333333,28.386815966666667,10.660010462222223,1.8399895377777769,343.4139674866667,0.0
7db5c949-cbda-46a3-a4fc-c447c7f10a58,16.814404966666665,43.185595033333335,6.2674539750000005,4.2325460249999995,245.26052566416672,0.0
d8e6d3ed-cc36-4d86-acf1-a4d811ca1820,28.6050085,31.3949915,10.56140554,1.9385944599999998,343.0054211702777,0.0
63cd76fb-e29e-42ad-8bfd-a843588d4c06,18.919672216666665,41.08032778333333,10.24442544861111,2.2555745513888885,333.6966017558334,0.0
6b6ea0df-0ba4-46f0-b608-1c24d5bc2329,6.372971433333333,53.62702856666667,9.828277784722223,2.6717222152777764,339.9381838658333,0.0
ac8b4b83-fcfd-4c0d-9063-0415e8b09a72,34.65968476666667,25.34031523333333,6.565056477222222,4.101610189444444,248.3867858886111,0.0
85a124b6-ae67-4313-933b-990cbeb38eef,4.441569316666667,55.558430683333334,10.263444095833332,2.236555904166667,341.1402366311112,0.0
a5583bd3-c8ee-41d4-ab13-a82a10a0a7c4,0.0,60.0,0.0,13.499722222222223,303.4546693461111,0.0
55f8b153-57fa-46d0-bd91-357148ac2940,28.96202806666667,31.03797193333333,6.470476115555556,4.196190551111111,247.70819574500004,0.0
ce7cd782-cd43-4b55-987b-2430629f723a,0.0,0.0,0.0,0.0,0.0,0.0
cdfc9a63-2a90-4710-bb12-9d492e70f94a,27.93074573333333,32.06925426666667,15.056945249722222,0.0,435.52765214916667,0.0
1be9a10b-d09c-47e2-be2d-8b8f636e79e2,0.0,0.0,0.0,0.0,0.0,0.0
63cb9137-cfde-443a-9f33-33204c78e0f4,16.61120705,43.38879295,10.168055501666668,2.3319444983333315,339.3450166747222,0.0
671c2d9b-b1d3-467d-858c-ad51a0214788,0.0,0.0,0.0,0.0,0.0,0.0
ce6d39f5-f3f6-40fd-aab4-a55382064977,11.761652816666667,48.23834718333333,10.341247078888891,2.492086254444443,340.9616405191667,0.0
bddf5ed5-2f69-4e62-9773-8d7ef104ccca,37.945809733333334,22.05419026666667,9.871399553888887,1.1286004461111123,335.2940390080555,0.0
c990bb3c-6a0e-43ab-a99b-0b197e8dabe8,30.758493733333335,29.241506266666665,12.131934474444444,1.8677877477777778,357.69525314305554,0.0
ac5cfabb-5825-46d0-b588-b0e4c0fa75df,0.0,0.0,0.0,0.0,0.0,0.0
428e98de-f8e0-49e3-81e1-1bd401251869,0.0,0.0,0.0,0.0,0.0,0.0
1130a7d2-843b-4956-ba42-ae4513053b37,0.0,0.0,0.0,0.0,0.0,0.0
6639fa38-3fa3-46eb-9c4e-21fab39500ee,17.221048383333333,42.77895161666667,6.27415629,4.72584371,248.3121647877778,0.0
0158621b-c033-47e1-98c0-14be931d7670,17.576412866666665,42.42358713333333,10.200386001666665,2.299613998333334,341.41086927888887,0.0
d47fc872-e1d0-4f21-848b-cf3c424260fb,0.0,0.0,0.0,0.0,0.0,0.0
bf3cc4c5-65dd-4bdb-b777-233df6bc08c8,0.0,60.0,9.125557834722223,7.874442165277778,470.8695564655556,0.0
b9797987-ee11-47de-b60a-f6e31f70b945,19.726058233333333,40.27394176666667,17.287187641666666,0.0,514.4274793799999,0.0
07d9fb33-a177-4018-b1c4-a8dc71a1cc69,0.0,0.0,0.0,0.0,0.0,0.0
e1efe899-e176-414a-801b-d81e60e98b7c,0.0,0.0,0.0,0.0,0.0,0.0
40d7d9ff-b8cf-49bb-b3eb-69370f9c8737,0.0,60.0,0.0,11.0,0.0,77.0
b6373386-4057-4762-bf1a-f07b4c47c3bd,0.0,60.0,0.0,13.166666666666666,0.0,92.16666666666667
b526f120-264a-4b72-ae86-3afd3fcc6560,41.64259681666667,18.357403183333336,10.991098420555556,1.5089015794444438,342.7685035511112,0.0
d686e5f3-c46b-4689-b7f0-5ce6146f72bf,8.051650166666667,51.94834983333333,16.901265738055553,0.0,512.8724188194444,0.0
8e5321bd-074c-46e6-a706-b7de57817752,50.855138133333334,9.144861866666664,19.769677578055557,0.0,450.1393139227777,0.0
2cc76d80-acb3-48a7-a402-ea21a701c564,0.0,0.0,0.0,0.0,0.0,0.0
bab4c149-1f42-4aa6-911b-1d14c00091fa,0.0,60.0,0.0,9.75,0.0,74.74944444444445
0dc5a4f0-f020-4ff0-b1ac-f6b64936e24f,0.0,0.0,0.0,0.0,0.0,0.0
95b66a1f-11e5-4f8c-8723-a4bb72be841e,16.403388083333333,43.59661191666667,10.161661819166667,2.3383381808333334,341.2406875516668,0.0
c86be0e4-6aca-4fe7-ae10-967463fe1002,19.03275796666667,40.967242033333335,10.247242802222221,2.2527571977777794,339.6727877905556,0.0
0ae10fd2-556d-4db1-abc4-41acd095e9bc,33.46252835,26.53747165,11.188210010277777,0.0,267.0942603575,0.0
ae95a608-76f0-4038-a9dc-43069229a03d,14.62209535,45.37790465,17.120326107500002,0.0,509.2330559147223,0.0
607347ef-9fd2-408f-8876-cf65df4053c0,16.4384338,43.5615662,6.261567252222222,4.405099414444445,192.6723018286111,0.0
3bc558fb-e7dc-42a8-933b-90667a8686aa,32.50978056666666,27.490219433333333,12.190333198888888,1.8093890233333332,357.94041221083336,0.0
7cc13c05-ba2f-4ba5-ac64-f2f32f669d84,23.137703816666665,36.862296183333335,6.372915328333333,4.627084671666667,249.00033186972226,0.0
05ed635e-3c11-423b-9800-721455624627,0.0,0.0,0.0,0.0,0.0,0.0
a160909a-70a9-469a-9945-617765ad847c,18.248382333333332,41.75161766666667,3.266282723611111,20.733717276388887,3.266282723611111,164.7337172763889
fbcf2fbb-648e-48e5-ae4b-aaf2b6870913,17.846049666666666,42.153950333333334,11.691852401944447,2.2914809313888873,364.91164553777776,0.0
ebe09aeb-700d-421b-a944-cd2866502ae0,36.7949465,23.2050535,10.83314844638889,1.6668515536111106,271.1002041627778,0.0
90f9d96a-53f0-49bf-b541-962181b39006,13.664031016666666,46.33596898333334,16.08764390416667,0.0,506.6009549330555,0.0
20b042e6-ecbb-4243-a9ae-2538f16125b1,0.0,0.0,0.0,0.0,0.0,0.0
659af10e-912d-4a7a-a778-21608d5455e7,0.0,0.0,0.0,0.0,0.0,0.0
c192d043-1c05-49a9-87bb-800d31829d64,0.0,0.0,0.0,0.0,0.0,0.0
e3bc3008-3ef1-45a4-88f5-d1cf45ddc49f,0.0,0.0,0.0,0.0,0.0,0.0
dece6049-caa2-4447-a608-858531dd652d,9.812515883333333,50.187484116666674,6.150659808611111,6.349340191388889,321.88140651583336,0.0
cbd176a5-a71d-4ddb-8153-eed4fe1c883d,34.86240421666666,25.137595783333335,10.7681645125,1.7318354874999993,341.87247687694446,0.0
85febafc-a8fc-457c-9cd6-217923577964,14.87939175,45.120608250000004,17.129151791944444,0.0,513.7629888847223,0.0
3821f617-f9da-46f8-9585-b2b180698bb0,18.558455849999998,41.44154415,10.231953377777778,2.2680466222222218,339.5428633733333,0.0
8466aa8d-d7ef-4de9-a3e6-d5e16c2dc2ab,0.0,0.0,0.0,0.0,0.0,0.0
8967a0a9-8d7a-404a-872b-699b60faf149,40.10632328333334,19.893676716666665,11.162480811944443,0.0,297.1187997880555,0.0
bcf8b190-b281-49b5-a980-4fcd903fbc0a,0.0,0.0,0.0,0.0,0.0,0.0
c171ad84-4f0a-4353-bc53-4bf08ae8ceb3,0.0,0.0,0.0,0.0,0.0,0.0
de38ac78-d3e6-4138-8cb5-d7904370a629,0.0,0.0,0.0,0.0,0.0,0.0
3feb998a-56a2-44ce-af85-8548f9d081a6,6.934597566666667,53.06540243333333,9.846707953055557,2.6532920469444434,316.29799850055554,0.0
ed0ded74-276b-4972-9269-d4aa91adad98,13.830295383333333,46.169704616666664,10.075823606388889,2.424176393611112,338.96926978749997,0.0
dc63305e-e737-42d4-8731-b07425561ff6,16.120855083333332,43.87914491666667,11.635792364722219,2.3475409686111135,364.6788680894444,0.0
fc98d60f-8fea-4560-aed6-d4a7ce6128c3,0.0,0.0,0.0,0.0,0.0,0.0
3cedaa03-37cb-42a0-a3d5-188084872732,5.647993333333333,54.35200666666666,6.081172294444445,4.418827705555555,245.55243921361114,0.0
ee7e7e58-cf14-43d4-8ad5-f7ff1f7d5c88,0.0,0.0,0.0,0.0,0.0,0.0
295b7694-fff7-48af-968f-1f9463882115,0.0,0.0,0.0,0.0,0.0,0.0
5ad6ae7c-9c37-45f3-bb50-f6c431de8872,14.799967033333333,45.20003296666667,17.125690285833333,0.0,513.7526781975,0.0
351bad07-4d64-4af1-8b91-c8441c2633c0,31.826490266666667,28.173509733333333,12.16753134527778,1.8321908769444417,322.2241001875,0.0
6a4cf130-9f92-4a72-86f9-41521caf43ea,0.0,0.0,0.0,0.0,0.0,0.0
e35833d0-52cb-4ead-a589-646a75e7c48a,0.0,0.0,0.0,0.0,0.0,0.0
ca89bbe5-4c38-4913-be2b-038d75d90faf,0.0,0.0,0.0,0.0,0.0,0.0
3e6fb25e-214a-4c93-b86b-da29c6064881,12.104809033333334,47.89519096666666,6.188943943333332,4.477722723333334,245.70064060222222,0.0
593ea6c5-600b-441f-b526-c3259c67415b,14.30600565,45.693994350000004,17.109396715833334,0.0,550.899681496389,0.0
69bdc39b-f884-4c37-b435-331c53f64a29,0.0,0.0,0.0,0.0,0.0,0.0
11ed5b1d-4939-4c5e-9da0-cbd28fbf2c03,40.92105718333333,19.078942816666668,6.668008145833333,3.9986585208333336,249.12112856444443,0.0
b339f6b9-a74c-4ea2-9f8b-544568c007c7,6.003353533333334,53.99664646666667,6.087058801111111,4.412941198888889,243.9698564866667,0.0
2bbf2382-69e0-4391-a7b4-f69aa607231e,23.189121133333334,36.81087886666667,6.373769131388889,4.126230868611111,263.0970790147222,0.0
39179787-f698-4307-b32a-bc9f249d35ce,17.045168433333334,42.95483156666667,10.181948275555554,2.318051724444447,339.4057374269444,0.0
2688d999-1a11-4ecf-943e-a28698edb1cb,0.0,0.0,0.0,0.0,0.0,0.0
88b7dfaf-6a15-4554-b20c-41b1ab479427,14.41086845,45.589131550000005,17.11270075527778,0.0,513.7109271311111,0.0
2ba599ee-9a2f-44d1-9ceb-aa0bcd635a87,0.0,0.0,0.0,0.0,0.0,0.0
edc6de1a-ddd4-4dc2-b7ec-c0b339963780,0.0,0.0,0.0,0.0,0.0,0.0
6dae80e7-525c-42c0-ad7a-1f94fce38126,0.0,0.0,0.0,0.0,0.0,0.0
56775fc8-c40f-476a-a0db-a5c0cc368e40,28.571326683333332,31.428673316666668,12.042470821944443,1.4408625113888895,351.3796797202778,0.0
1f958478-2f27-46bf-82aa-6d6bab8dab37,33.389787633333334,26.610212366666666,14.219865487500002,0.0,428.1385376361112,0.0
8d6a6bdc-e1d3-4243-9ddb-d4e52fd380ec,25.46924196666667,34.53075803333333,10.458661224722224,2.0413387752777754,342.4949510338888,0.0
88be4682-2af7-4549-900b-92a77ddf0c1b,0.0,60.0,0.0,11.0,0.0,77.0
5572d4e0-589f-4f75-bddc-13b2e511c683,0.0,0.0,0.0,0.0,0.0,0.0
1f39576c-5b15-44c6-b8f3-5404c797015a,19.164790283333332,40.83520971666667,17.269338127222223,0.0,514.3582973002779,0.0
84bd34e5-1300-411a-9360-aa128c053d1f,13.9867741,46.013225899999995,17.098609928888887,0.0,507.6331239819444,0.0
587545b7-eeee-4e34-ac03-c575659ca357,0.0,0.0,0.0,0.0,0.0,0.0
e8f1a06d-3df9-4e47-b65a-a2f620638ff4,0.0,0.0,0.0,0.0,0.0,0.0
a6a65f8c-7d89-4748-a9a7-7466be829ef3,29.2683402,30.7316598,10.58226628638889,1.9177337136111094,341.0949203127778,0.0
68614a19-b896-4178-af35-69abf7ec66c9,36.64201896666667,23.35798103333333,10.828086279722221,1.6719137202777792,342.1149874280556,0.0
e95f7e52-6b54-4837-8991-31e63a9c2084,4.80187345,55.19812655,6.0670550216666665,4.4329449783333335,243.82837205750002,0.0
d2db4296-674a-49e9-83ad-26c3babc7c6d,9.355495233333333,50.644504766666664,14.961275812222219,0.0,418.5939970238889,0.0
204ebd9f-dc35-4740-8a9d-961213def165,30.162343316666668,29.837656683333332,6.490246066944445,4.343087266388889,245.85098637138887,0.0
277aae44-f2f0-48c2-9101-091df751de91,0.0,0.0,0.0,0.0,0.0,0.0
c9b38f1e-a4cf-42c2-97fb-5996f80a5d2a,0.0,60.0,0.0,23.99972222222222,0.0,167.99805555555557
82188eb1-65ef-4de6-a5df-98fd8d305056,18.87991895,41.120081049999996,17.25922429527778,0.0,514.326962356389,0.0
784f4829-ca35-408e-9f93-6645861bb122,0.0,0.0,0.0,0.0,0.0,0.0
9653da2b-c820-47f2-93ca-d9d12ad65304,0.0,0.0,0.0,0.0,0.0,0.0
0c52395c-c649-4bb6-9966-17af81d5d1fe,0.0,0.0,0.0,0.0,0.0,0.0
1e719786-d040-4ead-94c7-dd308c7c3cfd,29.80517555,30.19482445,12.100262313611113,1.8994599086111097,366.5642884288889,0.0
4ee40a3d-4ed8-488f-acc7-44b090615105,21.33869445,38.661305549999994,12.359931187777775,3.6400688122222244,341.9185295861111,0.0
56ad3df4-1999-49f4-9dc4-e72b17672aff,7.00250915,52.99749085,16.866326768333334,0.0,512.7301374727778,0.0
2704df0a-4442-4e0f-87ec-f003c177d1fc,38.26722183333333,21.73277816666667,9.882250647777779,1.1177493522222217,335.3339812911111,0.0
8ab78b9a-78a6-407c-9828-09fbe4ff4a44,10.009166066666667,49.990833933333334,6.154136076944445,4.345863923055555,261.53065639333335,0.0
153c0236-08ac-4f69-9543-720125d15b5f,7.305238950000001,52.694761050000004,16.87584690277778,0.0,512.7711238711111,0.0
1d618bae-5560-497a-9013-6682278dc0e3,14.848724533333332,45.15127546666667,17.1281193975,0.0,513.7609356613888,0.0
a02a8241-167b-487e-b214-14b264781485,18.911794583333336,41.08820541666667,17.260690376388887,0.0,502.34062129472215,0.0
2ca17e3e-8f9c-479d-9cb4-2f6536b5d3dc,9.793788933333333,50.20621106666667,6.150346133333334,3.3496538666666664,241.41439971388897,0.0
d9c25e0e-a96b-40de-bf0b-0da2c0b1c73a,0.0,0.0,0.0,0.0,0.0,0.0
e6a86b3f-d1ed-49a1-a970-ea658e0d25a4,0.0,0.0,0.0,0.0,0.0,0.0
fb77321b-4401-45d0-b6ab-06e795367d00,32.42575515,27.57424485,12.170697878611112,1.8126354547222219,366.93711803722226,0.0
ad30ae93-a289-43c7-b4e8-0561eb03854a,8.80533415,51.19466585,11.392744419722224,2.59058891361111,348.6877186602777,0.0
47573cdd-41b1-45de-99f3-ca9868f5c684,31.015798383333333,28.984201616666667,9.640164460277779,1.3598355397222217,45.59550599305555,31.40449400694445
8d8f8897-d1fb-4ba1-a595-8257f7ccc05b,0.0,0.0,0.0,0.0,0.0,0.0
e31cadf9-25d8-4e5b-b4dc-a670ced3f35c,27.93102265,32.06897735,10.538751962222221,1.9612480377777783,342.82797417833325,0.0
10c81ddb-a95f-4205-ab40-8413a52d5175,11.749115733333333,48.25088426666666,6.182987926666666,5.650345406666667,248.95648953111112,0.0
d9fe4152-03f9-4b2d-8d17-152b46e50a79,0.0,0.0,0.0,0.0,0.0,0.0
43e1aa2b-eaae-41e3-8e98-ae897b8454f1,0.0,60.0,5.987038776111111,5.012961223888889,246.97643971527782,0.0
e5d03d93-75db-4508-b79e-a8d6574d6965,40.987712933333334,19.012287066666666,10.969580469444445,1.530419530555555,342.69565141249996,0.0
8d6ebd64-cff3-4ac7-827d-0eac4a4aac7f,26.012717983333335,33.98728201666667,1.6666666666666667,0.0,0.0,177.53779627499992
452012a8-697b-4bf6-8798-937228c1ed8b,32.26205456666666,27.737945433333334,11.147558910555555,0.0,267.0511934961111,0.0
35664c5c-a4c5-47dc-bc0e-194c07ece5cb,22.64659203333333,37.353407966666666,6.364744798611111,4.635255201388889,248.95535970972225,0.0
689be64a-7d3c-440d-88dd-db05a0d20b07,0.0,60.0,0.0,10.5,0.0,73.5
72cdc554-3948-431b-9112-8abe61ba5376,8.627203733333333,51.37279626666667,11.402988301944445,12.596733920277778,369.8847956513889,0.0
809a26a3-64c4-4278-8b78-3255e96c9381,32.763584566666665,27.23641543333333,6.5337169063888885,4.1329497602777785,239.16053533166664,0.0
c9048b87-be08-4f20-a45d-92a663846932,0.0,0.0,0.0,0.0,0.0,0.0
363bb990-16bd-4d37-b59f-e019b196846e,4.084498333333333,55.915501666666664,6.0551199066666666,5.7782134266666665,248.7369209672222,0.0
cef98c3c-3f8d-40e0-982c-fc0cddd550b0,0.0,0.0,0.0,0.0,0.0,0.0
40519ecf-50c3-4aa7-af45-86c1903952c9,38.88537708333333,21.11462291666667,6.639886003611111,4.360113996388889,267.72670260694446,0.0
2791fa63-22c5-4ec2-83fd-1aa0d6b80c3d,13.004018216666667,46.995981783333335,17.065546918055556,0.0,507.5074417063889,0.0
5cf5b91f-418e-45c2-995a-152566516274,0.0,0.0,0.0,0.0,0.0,0.0
221a2ee0-9dc6-4151-aa4a-6c1756c69794,0.0,0.0,0.0,0.0,0.0,0.0
0b4d7373-372a-4719-8ff9-2d6eddfc4249,6.6472933,53.3527067,6.097829305555555,4.902170694444445,247.03255555027778,0.0
9b480687-5489-4f40-a657-2ef2ecd07f88,0.0,0.0,0.0,0.0,0.0,0.0
8f7074c9-d9e5-440f-bcb7-6138cff51525,0.0,0.0,0.0,0.0,0.0,0.0
1d5f9b9e-b771-4e9d-a397-e1ad9fc98c0f,0.0,0.0,0.0,0.0,0.0,0.0
2e75359e-7871-4156-b943-986d45f904ae,23.1199238,36.8800762,11.863756986944445,1.3695763463888881,350.62574575,0.0
3291377e-38d3-4d2c-8fd6-2e122914e9e9,29.166076966666665,30.833923033333335,12.062111776388887,1.921221556944446,348.49419133416666,0.0
9dddaaf7-b18a-4b41-b652-9f7583c7cd00,0.0,0.0,0.0,0.0,0.0,0.0
81dfa18e-1327-409e-98af-b5860254519a,38.657759733333336,21.342240266666668,6.631692549166666,4.368307450833334,249.4770101852778,0.0
43b0ab6f-e5c4-410c-b7cd-bf401b70a9e6,13.234317416666666,46.76568258333334,17.073534760555557,0.0,394.06883467805545,0.0
4592d296-b37a-4f0e-8c2d-323260c53ec8,14.563007566666666,45.43699243333334,12.247311203333332,4.752688796666668,451.1640450675,0.0
0efe4eb0-4769-4a30-81ff-19fac0f571d0,0.0,0.0,0.0,0.0,0.0,0.0
d84a4552-3668-4075-ad1d-16840294f818,0.0,0.0,0.0,0.0,0.0,0.0
3bf7c9f7-a6ce-48d4-949c-f853b0adfe48,0.0,0.0,0.0,0.0,0.0,0.0
8d7ee308-2e89-446d-aac4-92276869036c,15.843409549999999,44.156590449999996,11.626226829444445,1.857106503888889,349.6200866530556,0.0
c5272cc6-e503-42a1-a424-536d02c109eb,16.949717916666668,43.05028208333333,10.179444737777779,2.320555262222222,339.39069276611116,0.0
40b59f43-b5ca-412f-acf0-6baa77692ffe,38.940664549999994,21.059335450000003,10.904155042222223,1.595844957777776,309.1578177461111,0.0
7760f2d1-43c4-42d5-93ea-eda59de4ecde,21.615250916666664,38.38474908333333,10.331089058055554,2.1689109419444463,340.0411106744445,0.0
292934b9-4a5d-44a4-8b1a-de01664498f6,22.292492083333332,37.70750791666667,11.853545537777777,2.1461766844444456,365.5426228286111,0.0
2915f491-91cc-4536-abe5-a61df4a9b61e,28.1201223,31.8798777,12.044267948888889,1.9554542733333335,366.3076808697222,0.0
ed9bb4a5-1b1c-4aeb-bc5c-bb57efcc8389,0.0,0.0,0.0,0.0,0.0,0.0
993c19a5-5140-42b6-a410-da7eee517c67,0.0,0.0,0.0,0.0,0.0,0.0
c1ca4bc6-db2f-48fd-a811-e70d9779d1e7,19.31864211666667,40.681357883333334,10.256730355555556,2.2432696444444447,341.7123652605556,0.0
5f78fc63-3eb1-48c6-b4f7-02f3159322c9,13.784794533333333,46.21520546666667,17.0918888675,0.0,513.6248456569444,0.0
13d62256-77a7-442d-a118-69778560f5fa,0.0,0.0,0.0,0.0,0.0,0.0
20fc6d2f-a1b1-47a7-b9d4-7144d3b2c727,28.574444266666667,31.425555733333333,12.059490004166667,1.940232218055555,366.4030906830555,0.0
92025936-2067-4940-b940-f559088129cc,0.0,0.0,0.0,0.0,0.0,0.0
77a75446-9148-4189-9725-45c647020500,17.50897516666667,42.49102483333333,10.197896395555556,2.302103604444443,341.3851706255556,0.0
846ac1c8-7539-4a77-b779-1bf37b30b9d6,0.0,0.0,0.0,0.0,0.0,0.0
6f8857b0-07cf-4f09-b786-508107ef88c1,0.0,60.0,0.0,23.99972222222222,0.0,167.99805555555557
895c1b96-ec4f-4c74-ad26-638c6374962e,35.84689985,24.15310015,6.585265051666666,3.914734948333334,247.52109934777778,0.0
75a566db-5527-4a43-b2e3-9ce8ce3e6e40,32.781325233333334,27.218674766666666,6.533717915833333,4.466282084166667,249.36364692777778,0.0
b10b99c4-94a5-456a-941e-93396832913d,14.842228483333335,45.157771516666664,6.234712496944444,4.765287503055556,248.02870909611113,0.0
55894bda-92d1-4d89-85b8-1d6c725e13e3,35.626547433333336,24.373452566666668,14.79459304138889,0.0,431.8988978238888,0.0
f3bc3ebb-e78e-4135-99ec-402252c7418f,16.5095225,43.4904775,11.648214553055556,2.3351187802777775,364.7275320872222,0.0
00f2912a-17b6-4d61-b817-5fd2aee16403,0.0,0.0,0.0,0.0,0.0,0.0
bc5673c0-d505-4ac8-b04d-efb757bc0bdb,0.0,0.0,0.0,0.0,0.0,0.0
9d78b097-8d46-473c-bfa5-cd2bd6dbba4f,0.0,0.0,0.0,0.0,0.0,0.0
0f6cae78-502d-416b-870e-c2b86ab151ca,4.51264265,55.48735735,6.062245651666667,4.604421014999999,244.78454597777778,0.0
af5fe186-f8dd-4175-aee6-24edbe2a758b,0.0,0.0,0.0,0.0,0.0,0.0
20ad8a48-43ef-47b4-bdfc-6d1a466330ce,0.0,0.0,0.0,0.0,0.0,0.0
d2b46d42-5229-4d3f-ae28-833edb986bb6,11.868898466666668,48.131101533333336,10.009980158055557,2.4900198419444437,338.69898154777786,0.0
c4cea598-d44b-4fb5-8a74-4c9768719209,10.109142183333335,49.89085781666667,9.9533802275,2.5466197725000006,340.4537013569444,0.0
8bd33f23-8238-4908-9b13-7aacf1737e49,9.524373316666667,50.47562668333333,11.415531532500003,2.567801800833331,357.7967926258333,0.0
b0fb3532-a4ca-4c3a-a7ef-8bac7508444b,18.845986266666667,41.154013733333336,17.258969966944445,0.0,503.3957530880556,0.0
8c670828-156a-41fb-952b-23dd798ce354,38.32599631666667,21.674003683333332,11.218356193888889,1.614977139444444,344.5473820077778,0.0
0fb4daf9-d8dd-47f3-80e2-0d4b84822bcd,31.115228750000004,28.884771249999996,11.146115301666667,1.8538846983333335,349.76411530972223,0.0
fc5b61c3-f1d8-4698-bdca-14eda273fec1,0.0,0.0,0.0,0.0,0.0,0.0
463ffd0f-7924-4a49-8498-69e8ef840bb8,7.324028683333333,52.67597131666666,6.109110035555555,4.890889964444445,247.1228971675,0.0
31408b7f-8058-41ed-9619-b4e6d3bc7cff,14.067829416666665,45.93217058333333,17.101675889166668,0.0,544.6432839677777,0.0
bf95d2ad-2530-4e3a-9c32-04b28448a372,0.0,0.0,0.0,0.0,0.0,0.0
4a8ee730-5ca5-457c-b143-55b3479736cc,31.260285633333336,28.739714366666664,12.636073375833334,0.0,329.815659476111,0.0
00505ad5-7cf5-42f1-a7e4-252e42273e77,38.182642699999995,21.817357300000005,12.362278355,1.1210549783333328,352.7084711052778,0.0
bab045a1-aaae-41fe-a21c-68f210b08b51,15.067385083333333,44.93261491666667,6.238380992777778,4.4282856738888885,246.05525388499996,0.0
fbe80898-c780-4b5a-b355-17bcb61494d0,0.0,0.0,0.0,0.0,0.0,0.0
25be2166-f35c-446a-a3f8-cc11ae96ae65,0.0,0.0,0.0,0.0,0.0,0.0
01b363c7-9360-413f-9d81-560519758d27,0.0,0.0,0.0,0.0,0.0,0.0
7742a763-b509-435b-bdb6-f92d0da07661,0.0,0.0,0.0,0.0,0.0,0.0
e85d6245-24cf-41bc-ba2a-c5f447bd417b,0.0,0.0,0.0,0.0,0.0,0.0
7ce35467-0119-46c7-b42b-c7da5d5b793e,15.204159299999999,44.7958407,10.121984629166667,2.3780153708333334,339.14876882888893,0.0
20e51f29-5d95-4891-bc10-e9c539c7351b,33.93178186666667,26.068218133333335,14.737699066944446,0.0,431.7069143774999,0.0
8b627159-0c6a-4807-a825-c220e808db16,39.445786633333334,20.554213366666666,9.924356463333334,1.0756435366666666,335.51779427611115,0.0
2ed42d63-93bd-4783-acfa-bd0b878ef42b,5.865398633333333,54.134601366666665,6.084835734166667,4.415164265833333,215.83995976833336,0.0
2125c2d1-809a-402d-b17c-77da526515e8,15.053488233333333,44.94651176666666,10.117128168333332,2.382871831666667,339.072151916389,0.0
18637f6f-1316-4971-a8a4-24316408e65f,0.0,0.0,0.0,0.0,0.0,0.0
46fdd242-69d2-43e5-b3f7-470f665f27a6,18.585483416666666,41.41451658333334,11.23319668138889,2.26680331861111,346.54777412416666,0.0
fc3aaaee-b3a0-4adb-877e-f4df6ddbb349,7.5612021333333335,52.43879786666666,6.113063081666666,4.886936918333334,247.1335931475,0.0
ff7b6d7a-a407-4f57-b6c1-91cf7f84c1be,27.403869316666665,32.596130683333335,12.021093376111114,1.4786288461111083,351.25658415833334,0.0
78a1757f-e39f-453a-af95-62fa9c2ea887,0.0,0.0,0.0,0.0,0.0,0.0
898da184-3738-424e-b08f-35735b856bf5,0.0,60.0,0.0,11.0,0.0,77.0
cf3131c6-3180-4298-b22e-9ab06a31dc14,0.0,0.0,0.0,0.0,0.0,0.0
93e33e37-7258-49df-94c3-9acee042b6f9,0.0,0.0,0.0,0.0,0.0,0.0
c6087b7c-93ef-40d9-b8fe-78a7005fa78e,0.0,0.0,0.0,0.0,0.0,0.0
d83679e3-4ec9-479a-8e8a-a1fad651b94f,36.135228283333326,23.86477171666667,24.281575388611106,0.0,688.3800559241668,0.0
188c1b61-4dd0-48db-b94a-52b147481c81,0.0,0.0,0.0,0.0,0.0,0.0
c39fdc3a-6cb5-4570-915e-3f08c3768039,0.0,60.0,0.0,24.0,0.0,168.0
2f9b7e72-3016-4bf7-9ffa-8fd2845abac8,3.78351645,56.21648355,16.759245095277777,0.24075490472222252,506.2495944575001,0.0
9a30bfe9-819a-4e69-91f2-5368227e1882,0.0,0.0,0.0,0.0,0.0,0.0
f077f6f8-8be4-4a2f-b858-cc2182f2c458,4.2409105333333335,55.759089466666666,16.7741180975,0.22588190249999873,512.3157577008335,0.0
5d9abbcb-e34e-414a-9d20-0e7e0e80237a,0.0,0.0,0.0,0.0,0.0,0.0
12a763ec-85c5-479a-a6b6-a398869ee39e,0.0,0.0,0.0,0.0,0.0,0.0
48991fb5-9ba8-416e-a380-5a455d3ea4b0,18.7450148,41.25498519999999,17.255354423333333,0.24464557666666628,514.2940138494445,0.0
fe27167f-66cb-414a-b9f2-0ddfb4ddbbed,0.0,0.0,0.0,0.0,0.0,0.0
540cea1a-6bff-423b-8de6-00db6f322362,0.0,0.0,0.0,0.0,0.0,0.0
53770deb-f280-4cdd-92d7-a6050b40a7b3,30.51975978333333,29.48024021666667,14.634681241944444,0.0,431.3488012180555,0.0
50f6a54a-c549-4803-a297-6eb55754387d,11.251863233333333,48.74813676666667,6.1747502025,5.658583130833333,248.94793145138885,0.0
9e67161a-1af8-4027-87e0-8bfa59a6874a,0.0,0.0,0.0,0.0,0.0,0.0
f7b11ae0-72be-4161-990d-388720005ce7,0.0,0.0,0.0,0.0,0.0,0.0
c5e4880b-c99b-404c-baf4-a39e338bed47,26.083665399999997,33.9163346,6.422027161944445,4.077972838055555,263.4397617838889,0.0
b0a287ef-7f1d-4f47-8679-b66c3afd9d3f,0.0,0.0,0.0,0.0,0.0,0.0
fe1a340e-928a-483a-8ec6-8ab0d48d3793,7.182853533333333,52.81714646666667,6.107122943888889,4.892877056111111,247.10431258388886,0.0
71ddc5cd-0642-4c53-95cb-01a3e64cbb57,3.8856210666666664,56.114378933333334,16.762066404722223,0.2379335952777789,512.2585567719444,0.0
9e75c5a7-db29-4741-a1c8-2de7b4006be1,0.0,0.0,0.0,0.0,0.0,0.0
baa17d5d-989f-4bdf-9ede-505bda85c671,23.982585200000003,36.0174148,11.891688646111112,2.091644687222221,365.7655172663888,0.0
0243e64c-623b-454f-bb57-e3fda1f46373,13.272543616666667,46.72745638333333,17.07489910611111,0.0,513.5539594200001,0.0
d673a8ea-0c61-4c2f-929d-177faa2cd111,4.1400136666666665,55.85998633333334,9.753628942777777,2.7463710572222224,337.5974958727777,0.0
13fe35b8-ae29-4ccb-9abf-0f180e3b4dbd,37.471383583333335,22.52861641666667,10.856256495,1.6437435050000002,344.10821948111106,0.0
cf737fea-3cb6-43ef-9947-ee3cf14afbd9,5.225386216666666,54.77461378333333,6.074117179722222,4.425882820277778,260.95186025027783,0.0
3a054cb5-03b2-4ff5-ad4a-a0b7231483eb,0.0,0.0,0.0,0.0,0.0,0.0
b46cedd2-2d2f-450a-a020-638cea19da30,0.0,0.0,0.0,0.0,0.0,0.0
151506ec-0fac-4a0b-9dfd-25c4d96bb0a2,6.544811333333333,53.455188666666665,6.096132394722222,4.903867605277778,247.01804670166666,0.0
e32aa7c1-e7ac-4481-9f15-b386acc62af4,0.0,0.0,0.0,0.0,0.0,0.0
fc5d22e6-595a-4cab-9abe-6ed539d17a6a,24.867741983333335,35.13225801666667,11.92185261888889,1.5614807144444443,350.87738281888886,0.0
2d6f9713-9dba-4631-ab3f-2c806b95556f,14.816315116666667,45.18368488333333,11.592325273333332,2.3910080600000017,364.50695183888894,0.0
bd1a986d-9452-4db9-ac71-23f190a4565c,42.39746301666666,17.602536983333334,11.489660463888887,0.0,299.1991034441667,0.0
7f65e51d-94c2-47d0-a30f-6cfedcf4ff30,0.0,0.0,0.0,0.0,0.0,0.0
d6a493ff-c2f5-4c87-bb5f-154678891ea6,0.0,0.0,0.0,0.0,0.0,0.0
81454fe4-bfba-4055-ba23-1635a0d45bca,0.0,60.0,0.0,11.0,0.0,77.0
9947460d-9d7f-44e6-9adc-fca9b001c1de,0.0,0.0,0.0,0.0,0.0,0.0
33769911-76cd-4c6c-83e8-1a68160af63d,0.0,0.0,0.0,0.0,0.0,0.0
f8ed9dd4-e81c-4623-86e3-089f153242e1,12.599986033333332,47.40001396666666,10.534268449999999,1.4657315500000003,344.262163408611,0.0
499694be-885e-4321-af6d-f22e33bb00fc,29.333124133333335,30.666875866666665,9.584624949166669,1.415375050833332,327.96791880638887,0.0
b2d9a889-f73c-4839-b91d-bed2b28b5d61,34.55524873333333,25.44475126666667,10.757765404166665,1.7422345958333345,341.830535045,0.0
90132906-8554-4b05-a020-476926f2ff41,34.42702538333333,25.57297461666667,11.220785999722223,0.0,255.09678739027788,0.0
04cf1138-d28a-47e2-8cbe-d13c924bcc9c,0.0,0.0,0.0,0.0,0.0,0.0
645ec50d-b371-42b4-aa16-14b654b9f650,5.562530949999999,54.43746905,10.30067808138889,2.6993219186111106,341.32833553000006,0.0
44e894af-a642-4380-9375-9c7357fdd961,7.847807283333333,52.15219271666667,10.377527542777779,2.6224724572222216,343.61120503694445,0.0
5871bb77-b06c-4e16-981f-5356934b520e,5.17487435,54.825125650000004,6.073249633333334,4.926750366666666,246.87523967111107,0.0
3998f452-28ab-416f-8ce6-d460de08ca42,29.979909799999998,30.020090200000002,12.106451411388887,1.8932708108333343,354.5876792172222,0.0
2d031c07-78ec-451a-b6d6-191811634b72,30.267048833333334,29.732951166666666,12.115975974444446,1.8837462477777767,366.6340002469444,0.0
f2f347e1-cda9-4b80-be9c-2eb0a4491d5a,22.256250983333334,37.74374901666667,10.852188143888888,2.1478118561111113,345.55906055777774,0.0
84a79881-d0cd-4251-80b2-8259c76a53e9,0.0,0.0,0.0,0.0,0.0,0.0
b9e10eb3-39f8-4cd2-8f8b-cab08ee361fe,27.660293066666668,32.33970693333333,10.530565461388889,1.9694345386111107,342.78673509111115,0.0
b54105d3-ce9b-4c4c-9d0b-a7dba4bc48be,0.0,0.0,0.0,0.0,0.0,0.0
ea1b7ba9-148c-4efe-8fca-24506f6d78c4,36.963212516666665,23.036787483333335,14.839416448333333,0.0,460.47906178111106,0.0
51bdc7d2-1c6a-4567-bcf3-e7e147c93b4a,0.0,0.0,0.0,0.0,0.0,0.0
a41abd17-9adb-4bb5-b358-95d406cc68cc,27.14976005,32.850239949999995,9.846303418333333,1.9870299150000008,336.03812990388883,0.0
815190bd-a015-4403-9471-6443f7cdf9c2,17.931835216666666,42.06816478333334,6.286542279722222,4.713457720277778,248.38631617472225,0.0
31175472-60cd-44f4-9928-0c7e10aff8e4,0.0,0.0,0.0,0.0,0.0,0.0
c103171f-1f50-4418-9a37-d1475e62dad2,0.0,0.0,0.0,0.0,0.0,0.0
2dfc14de-ae62-464b-8c73-52090df1c534,41.57880475,18.421195249999997,9.989098856944445,1.010901143055556,335.76400200694445,0.0
ef62ad72-2290-4557-b762-577b6fc58ec8,33.01749785,26.982502150000002,9.706665459444446,1.2933345405555539,328.68178925416663,0.0
ed777f9d-f702-4b26-b099-c8da00c04f9e,6.204878483333333,53.79512151666667,6.090324065833334,4.909675934166666,201.99451666722223,0.0
1c4364f5-5966-4e35-9de1-5ca239f3a3a9,29.349946483333333,30.650053516666667,10.918992906111109,1.9143404272222244,331.3614694705555,0.0
1774678f-d060-4a26-b18b-c7e40d8ce82e,29.48396143333333,30.51603856666667,6.478951092777777,4.187715573888889,247.76794346916668,0.0
c26fd3d0-d97e-4417-8437-6810e9a3e1b1,0.0,0.0,0.0,0.0,0.0,0.0
26e55648-95f3-4fc7-b368-c8e1493748ff,24.556677516666664,35.44332248333333,11.927224623333334,2.0724975988888885,365.8498962958333,0.0
3c729b49-2659-41e8-a3c7-83327e578d63,0.0,60.0,0.0,13.499722222222223,236.81938177083333,0.0
27191d33-003c-4d5a-9352-9b33cad3a0ca,0.0,0.0,0.0,0.0,0.0,0.0
2b435ebb-9174-4fb4-8c45-11691264f572,0.0,0.0,0.0,0.0,0.0,0.0
7fdb85cb-5e61-4f8c-bd91-e6baafa58212,0.0,0.0,0.0,0.0,0.0,0.0
281f49d1-7710-4dc2-baa1-aac6b08823ba,19.650126616666668,40.34987338333334,6.315069871944445,5.184930128055555,248.5992914338889,0.0
9c8ff64b-e83d-42b7-a85f-e4da4ab88fdb,0.0,60.0,12.808343477500001,0.0,450.0625664719444,0.0
1b18be45-78be-4d9f-9eb9-04ae4ebe6dd7,0.0,0.0,0.0,0.0,0.0,0.0
81ec6a19-4afa-4262-846f-d984bdf4943e,9.8281272,50.171872799999996,6.150923675555556,3.3490763244444435,249.9201379225,0.0
765ad595-5bde-4c7a-b6b3-badd8d3b277c,34.8120501,25.187949899999996,10.100646038888886,1.7326872944444465,337.0979166036111,0.0
89f8a31a-bf86-4202-9d6d-7bac9a1b9b58,0.0,0.0,0.0,0.0,0.0,0.0
ae76e5c1-329f-41e1-b917-420267a4bf2b,36.335030716666665,23.664969283333335,6.593452817222222,4.156547182777778,249.08540077361113,0.0
306ba7e7-ec1c-4735-a230-5ee3a48e83aa,0.0,0.0,0.0,0.0,0.0,0.0
cdcff29a-e257-48b2-a765-35f552e81a39,18.23594245,41.76405755,10.221373414999999,2.278626585000002,341.5009328625,0.0
9754b5a6-6af9-4e81-addb-ed0ba91fcb10,0.0,0.0,0.0,0.0,0.0,0.0
6bdcefc7-ba4e-4df1-869b-de3871fda39a,16.679379266666665,43.320620733333335,0.27798965444444446,10.722010345555557,62.60247849888889,14.397521501111106
9e107b58-e11a-4110-80f9-e8d3b46a14de,35.27129456666667,24.728705433333335,10.781654804444445,1.7183451955555553,341.92379692805554,0.0
c3f09552-f2af-45af-90e0-bf7e31dfd6a5,31.466032416666668,28.533967583333332,12.15565654611111,1.8440656761111112,354.80232797888885,0.0
19421767-1c18-4fc0-937c-eb8dfdb29634,18.101587,41.898413,6.288977014444444,4.711022985555556,248.40695879277777,0.0
d1dfc8df-53a0-4697-ac30-a309a6826503,0.0,0.0,0.0,0.0,0.0,0.0
9d27d66b-52c3-43b2-898c-bbfb8ed50eac,0.0,0.0,0.0,0.0,0.0,0.0
af4b6705-7466-43a1-a847-500426fd00b3,11.469402666666667,48.530597333333326,10.331285629444443,2.502047703888891,340.92546379027783,0.0
8cfc69d4-634e-4dd5-a330-a9f10b93f32c,0.0,0.0,0.0,0.0,0.0,0.0
a6c767d6-c476-4f5d-93c1-dff5e6d00964,0.0,0.0,0.0,0.0,0.0,0.0
d39e26ea-cd3a-4a1f-8b01-0bd1e0b6d14a,0.0,0.0,0.0,0.0,0.0,0.0
8176efab-e4d4-4c2e-889d-b83d11c16d35,0.0,0.0,0.0,0.0,0.0,0.0
131994eb-d652-444f-a6b6-6e3e954a1fd7,5.5271576,54.4728424,9.799591749166668,2.700408250833332,337.8199054580556,0.0
af808835-7d03-445b-8a01-3cf98a2f3431,26.487935483333334,33.51206451666666,10.990738132222221,2.0092618677777785,346.1748072741667,0.0
de2d13d8-8a73-46fb-9d4a-b846e5a4149d,29.198423933333334,30.801576066666666,6.474078028888889,4.025921971111111,263.8163074172222,0.0
82e6565a-e7e3-4948-90b5-61684510a2be,26.185852216666667,33.81414778333333,6.423744547222221,4.576255452777779,249.2323868286111,0.0
ae5ade88-f2d4-4b1f-b960-d1829e5e0cb1,0.0,0.0,0.0,0.0,0.0,0.0
1434a6c7-cc2b-4ac0-9e9e-c5ebc70692bb,0.0,0.0,0.0,0.0,0.0,0.0
c1bff582-1dc5-489d-802b-d328ab0518ac,8.978792349999999,51.021207649999994,9.914887839999999,2.5851121600000018,340.25940774472224,0.0
b5e0bf37-913e-40a4-9f1e-fd873de02553,0.0,60.0,0.0,7.921868626388889,0.0,48.0
32093fe1-c86c-45b9-9a14-e409fd828e48,20.015607833333334,39.984392166666666,17.297271793611113,0.0,514.4751362394444,0.0
6535cadf-3a86-44b2-98d3-18330a7d0855,0.0,0.0,0.0,0.0,0.0,0.0
f8e62b3f-c624-4597-9bcf-c11514bb1224,22.9867812,37.013218800000004,17.39271729472222,0.0,514.9606009347222,0.0
d47111a8-c418-4655-9725-bed8a09fbf92,7.2356716,52.7643284,11.34024794861111,2.643085384722223,333.56368123777776,0.0
8e1da636-2e94-410c-b563-ede2ed2ba290,0.0,0.0,0.0,0.0,0.0,0.0
892e7b35-8e9a-4d31-9109-7db03387e57a,24.651414916666667,35.34858508333333,6.3982407072222225,4.6017592927777775,249.1796587677778,0.0
0dbaefcd-2552-44b3-a2fe-7cb10ee8a672,0.0,0.0,0.0,0.0,0.0,0.0
5bc5adcf-865a-48c5-80ef-6290262241ea,17.153266966666667,42.84673303333333,10.186636349444447,2.3133636505555537,339.35924789138886,0.0
77a23329-b2af-40a0-beff-f45f64083795,0.0,0.0,0.0,0.0,0.0,0.0
6121f61c-7ea2-4d23-8093-c697907b74cd,0.0,0.0,0.0,0.0,0.0,0.0
c3384292-265b-4823-801e-94414bed3bb5,12.802659216666665,47.19734078333333,10.041625450555555,2.458374549444444,338.81899366083326,0.0
5653b426-adf7-4f4f-873a-0366ed56148a,35.33916561666667,24.660834383333334,12.267733227222221,1.7156001061111117,367.3327813341667,0.0
5e26df28-48cf-4c85-b9d9-a9a3afe96415,18.35308738333333,41.64691261666667,17.241983421944443,0.0,502.31872635888874,0.0
6902674a-c5b1-4fcc-bfa1-dd967da82d3f,31.578104616666668,28.421895383333332,11.158917717222222,1.8410822827777782,346.82519668611116,0.0
2a0b5f6d-edde-4080-a68d-ec0c5aa643df,0.0,0.0,0.0,0.0,0.0,0.0
162d8345-cae8-4692-bb02-77a44a657388,13.204861166666666,46.79513883333333,17.072423094166666,0.0,509.0377044319444,0.0
937a75f9-c296-4e95-992a-6a7320a9d349,0.0,0.0,0.0,0.0,0.0,0.0
d9d4920f-5568-4ef0-b9ad-a047013e1557,0.0,0.0,0.0,0.0,0.0,0.0
b153906f-e9c9-4873-811e-21a4d4199a43,0.0,0.0,0.0,0.0,0.0,0.0
4efbdc24-f885-4da2-a9f1-3da31fbdd25c,33.7938671,26.2061329,10.732379807777777,1.7676201922222228,343.7219815625,0.0
241157ac-8149-4c3d-8182-20d0326400f7,14.478909033333334,45.52109096666666,6.228423594722222,6.271576405277778,335.1818532944444,0.0
f89c5820-db74-4798-ab14-ada78d5277c8,22.611097966666666,37.38890203333334,6.364150166111111,4.635849833888889,248.94774801249994,0.0
8caef280-81a5-4718-892a-8fa58b757ad8,37.471624033333335,22.528375966666665,14.856569680000002,0.0,432.11425177166666,0.0
6b7d8b57-844e-4c19-af4c-d2af174fade8,7.270595116666667,52.72940488333334,9.857996432222222,2.642003567777778,338.06412373638886,0.0
73e5e814-3673-45c4-8741-f088d3b4d864,25.30057448333333,34.699425516666665,11.952103352222222,2.0476188699999995,365.96240540250005,0.0
47a6bcbb-dfc5-467d-9f34-1aef298e559f,0.0,0.0,0.0,0.0,0.0,0.0
437cd23b-c69c-48f8-8a90-fc6106d71dc4,27.1167631,32.8832369,11.011794004722223,1.9882059952777773,352.1948845908333,0.0
28aef638-de55-40bf-a6b7-a7a02848a271,0.0,0.0,0.0,0.0,0.0,0.0
3c6c10ca-a68f-424c-b167-b241911415fc,0.0,0.0,0.0,0.0,0.0,0.0
cb8cd7d7-431d-40c8-86dc-08bd23d534b3,25.559662533333334,34.44033746666666,10.460930664444444,2.0390693355555554,342.50645338777775,0.0
323bfda1-2b62-440a-a6fe-bad643d10cfa,0.0,0.0,0.0,0.0,0.0,0.0
e525d900-c41c-4a6d-ac3f-846425729567,4.9949148999999995,55.005085099999995,11.264927535555556,2.2184057977777774,348.16518519833335,0.0
2dbf589f-dc31-438f-835c-48e8f2c728b6,33.8965256,26.1034744,6.552363106666667,4.11430356,248.2922856627778,0.0
216d082f-b747-496f-a200-a71244da6e01,11.59784155,48.40215845,6.180460633055556,4.819539366944444,247.6410616933333,0.0
e2ee905b-d3f3-4127-b280-430c924a2906,13.5607621,46.4392379,17.083215380555558,0.0,513.5778768836111,0.0
6a2b72c3-34fc-45e9-85a4-2985f198decc,0.0,60.0,0.0,13.499722222222223,0.0,94.49805555555555
464b2474-e256-459b-8870-978c0eb76ca3,31.85913265,28.14086735,12.168511328055557,1.331210894166666,351.86722307416665,0.0
998908df-83f0-4f4e-b144-b7ffa7729eca,0.0,0.0,0.0,0.0,0.0,0.0
4bec7469-65bc-48b6-9e3a-cf2ae2f1f1f3,29.911526,30.088474,11.104140865555555,1.8958591344444438,352.58272545805556,0.0
cd707fec-44da-4b64-97d9-4db0c294f76c,0.0,60.0,0.0,11.0,0.0,77.0
c3934de0-ef85-4c16-be43-b341adfba0aa,0.0,0.0,0.0,0.0,0.0,0.0
2dbaf239-da4b-4f55-b1ec-620f4d42cfde,0.0,0.0,0.0,0.0,0.0,0.0
b133d8f7-b646-4de8-86ce-d33844dadd51,0.0,0.0,0.0,0.0,0.0,0.0
a72bd6d7-740a-489b-8bb8-5b94ae19d1e9,0.0,0.0,0.0,0.0,0.0,0.0
07ac5d39-ff8c-4d99-87d7-3376c65aa834,15.305401383333333,44.69459861666667,11.608631743611113,2.3747015897222203,364.5630892619444,0.0
c358d514-9862-42d0-84f3-4ddb33a33481,34.18588663333333,25.814113366666668,6.557160835833333,4.109505830833334,248.33113072305557,0.0
44916656-baf7-4a94-816e-a9dd53ec18c5,22.545410416666666,37.45458958333334,6.363047259166667,4.636952740833333,93.4543915513889,0.0
1130ba0c-9cf2-4403-ab9e-fd79c6135cc8,27.59095855,32.40904145,10.527406443055556,1.9725935569444442,324.83393125027783,0.0
1be20229-6d59-4535-ad12-8d1807b572cd,41.4739016,18.526098400000002,14.98667536277778,0.0,367.3138623152778,0.0
c60dc5fc-c56f-4f79-bb47-0ee185973138,25.13499691666667,34.865003083333335,10.781662128333336,2.051671204999998,342.78188765805567,0.0
3e7859bd-9a16-487c-9b46-115082dd74a5,5.8005982,54.199401800000004,6.083669988333333,4.416330011666667,261.0182611061111,0.0
044f0666-228e-43a8-ae30-05c01adf6c9c,0.0,0.0,0.0,0.0,0.0,0.0
6db82974-f41b-40a6-9b8d-9680fbb822a6,0.0,0.0,0.0,0.0,0.0,0.0
bb542533-4057-47fb-b59f-67e997a7628f,26.659209316666665,33.34079068333333,10.83021878166667,2.0031145516666644,342.98514887999994,0.0
61923be3-9858-406b-afdf-77f51b9e98d8,0.0,0.0,0.0,0.0,0.0,0.0
2591428b-1aea-4f14-a377-c26a40298798,0.0,0.0,0.0,0.0,0.0,0.0
b7717077-fb1e-48d3-bef9-248eb8d73426,33.93740638333333,26.062593616666668,11.556857700555554,0.0,300.56203084777775,0.0
ca45847f-e63f-40df-8107-6f59c5686d6d,0.0,0.0,0.0,0.0,0.0,0.0
df93d952-7b50-4155-a517-9928b838a0f1,29.031693800000003,30.968306199999997,11.075028705,0.9249712949999997,346.4799906730556,0.0
694f0ec7-28b8-4317-9a9e-7ca8e15b8e39,37.01444888333333,22.98555111666667,10.840731905000002,1.6592680949999987,344.06881126999997,0.0
906f0a38-75ac-4987-b75b-05805172f8d6,35.06533876666666,24.934661233333333,6.572177402777777,4.427822597222223,249.4092060105556,0.0
9cedf614-ae9b-48d5-9de9-96f04b128bb6,0.0,0.0,0.0,0.0,0.0,0.0
6e18d070-46e6-4503-b554-355d253ae9f1,30.13164985,29.86835015,24.08173239027777,0.0,687.5499720530556,0.0
89fbf1ca-327a-4c1f-9a76-c1190e51cb08,0.0,60.0,5.987838715277778,5.012161284722222,248.82357575416665,0.0
f03c26f0-c115-445d-a92f-58ea44359bb7,25.52349855,34.47650145,10.45974697138889,2.0402530286111102,342.5003417147222,0.0
3adc76eb-5a19-4e78-82f1-017fec45801d,0.0,0.0,0.0,0.0,0.0,0.0
638a62fe-6721-4bca-bb7a-c231b4f26862,35.72802755,24.27197245,11.130907593055555,1.7024257402777787,344.2200378527778,0.0
e14f061b-dbd8-4b22-b4a8-ff28071fdbd7,0.0,0.0,0.0,0.0,0.0,0.0
9f84465e-a400-4b32-b69d-43674798afd9,0.0,0.0,0.0,0.0,0.0,0.0
36867347-480e-4978-a7fd-3772fc62c9e4,12.494350083333334,47.50564991666667,11.5152701775,2.4680631558333332,364.18229465805564,0.0
1ccb66be-f42a-40d7-a0ed-aba7dc44d389,24.63790825,35.362091750000005,16.947214835555556,0.0,511.6917942819445,0.0
54ccbfd7-911a-4f0b-8727-2126827f6084,0.0,0.0,0.0,0.0,0.0,0.0
ac743a32-0342-4990-83d6-e8da44119455,20.794316483333333,39.20568351666667,11.78763803361111,2.1956952997222228,365.3284811175,0.0
95fbb78d-44be-4d41-a768-45982beade5e,37.8443767,22.155623300000002,10.868085412777775,1.631914587222224,344.2767046372222,0.0
bdbc6796-2f3a-4ba8-86f9-c06c2fc4efaa,8.676104683333334,51.32389531666667,9.905078340555555,2.594921659444444,338.25826580333325,0.0
a0756125-4bb7-4503-a671-c4a1a75a927c,0.0,0.0,0.0,0.0,0.0,0.0
bc62b511-f08d-47cf-a432-3f15f85530b6,0.0,0.0,0.0,0.0,0.0,0.0
1633cf4f-8956-44ab-93c4-4b1d014977b0,0.0,0.0,0.0,0.0,0.0,0.0
4dbda443-84a8-444e-a372-d527f9402b30,0.0,0.0,0.0,0.0,0.0,0.0
89481847-6ef9-46ce-91f9-4c12cb742855,39.379621416666666,20.62037858333333,10.921628114444443,1.5783718855555566,342.51164172194444,0.0
a4cc3642-7df9-4328-b6b8-0e21fd34de20,17.86133308333333,42.13866691666667,6.28526612861111,4.71473387138889,248.3760150038889,0.0
68cf5d76-5ddf-488b-a561-956cfdbe2385,5.021891366666667,54.978108633333335,6.070722433333334,4.429277566666666,243.83615905194446,0.0
25948430-096b-47a7-a606-374dfcd8cf3c,32.082756366666665,27.91724363333333,12.176337295,1.8233849272222222,322.2603501599999,0.0
d08e5163-32c8-47a9-afff-e9946b23df37,0.0,0.0,0.0,0.0,0.0,0.0
d51685e5-4838-47d1-9eeb-91a0eb283d5b,27.964794050000002,32.03520595,24.025690905277774,0.0,645.6329759330556,0.0
4e2f0b4c-90bf-463f-8897-140139a4c1d8,0.0,0.0,0.0,0.0,0.0,0.0
a03c04ec-2a54-4eb0-a204-c8d03ce7fefa,7.104609783333333,52.89539021666667,6.105444706944444,4.894555293055556,247.09259800111113,0.0
23c209c1-6604-4814-983d-8d64027c5c9b,0.0,0.0,0.0,0.0,0.0,0.0
0a4f04d6-63c3-4ba7-a854-4256e36b902f,0.0,0.0,0.0,0.0,0.0,0.0
0dcdb4e9-9acf-4c24-a588-314ebe8395d2,0.0,0.0,0.0,0.0,0.0,0.0
f3ee2f9b-ec02-4419-971e-28d1c0ce026c,20.0312828,39.9687172,14.334469400833331,0.0,511.58998515916653,0.0
0eae8642-9aea-49d7-bf56-ab99114f0a8a,34.45615971666667,25.54384028333333,14.73897168111111,0.0,431.6463808172222,0.0
96107799-f967-4ddb-a484-02a47d6fb046,0.0,0.0,0.0,0.0,0.0,0.0
c014af8e-e90f-456d-871b-eac3446683e4,0.0,0.0,0.0,0.0,0.0,0.0
ab658249-73d8-48e1-aa3a-346bb22cbc9d,0.0,0.0,0.0,0.0,0.0,0.0
241933e3-4b01-4aa9-902f-05744d7d1824,28.720539133333332,31.279460866666668,12.064810189722222,1.9349120325000007,366.4120177152777,0.0
377e9255-f392-4b8d-b1e2-1443176dfd6e,9.1013544,50.8986456,9.918586125277777,2.5814138747222226,338.2547126744444,0.0
8405d850-4359-4b24-b382-c820691135ce,0.0,0.0,0.0,0.0,0.0,0.0
e511445a-9ec3-4f26-833a-e4f3f77d232d,4.896185883333334,55.10381411666666,12.779752955000001,0.0,421.3422220005555,0.0
12381e87-a967-44d9-ab36-2929a53ad1ba,21.061288750000003,38.93871125,3.3761981625,7.123801837499999,224.7552404547222,0.0
b8bd678a-0f65-4a95-afb2-c969c3f34db5,29.398715066666668,30.601284933333332,6.477521121388889,4.522478878611111,249.3031625116667,0.0
147e3a95-671f-4c6e-8608-d0da0a2e16d9,28.02657995,31.97342005,13.542464782777776,0.0,405.45240782750005,0.0
3176c09f-ff91-4f14-a95f-f359eb2414f6,15.274054733333333,44.72594526666667,11.62455919111111,12.37516303111111,349.60564835861106,0.0
89aaeaf7-c824-4102-822b-63e0d70810a1,19.33427345,40.66572655,17.27414733472222,0.0,556.4083920036111,0.0
0f721b99-b645-44dc-bf6d-a5b9a417d4e4,0.0,0.0,0.0,0.0,0.0,0.0
48735b3a-f163-4ebe-8cda-315074a48639,26.33472,33.66528,6.4265645,4.0734355,263.46787118805554,0.0
efc918a0-fbdc-48a5-9277-b4953f5b23f7,24.688154,35.311845999999996,10.431492418055553,2.068507581944446,342.39590216694444,0.0
d9b56b58-92d0-46af-b835-cee0814d532a,0.0,0.0,0.0,0.0,0.0,0.0
a48efbe9-6cd9-4f3a-9749-7ea05bee6f50,0.0,0.0,0.0,0.0,0.0,0.0
a677e7c4-0e41-4543-8077-ddb19eaaaf85,0.0,0.0,0.0,0.0,0.0,0.0
773405fc-008c-4317-9543-5ff2a6cef03c,18.828428783333333,41.17157121666666,6.301214766111111,2.1987852338888882,236.50318144027776,0.0
6b2814ed-59b1-4dc6-a414-49cc2b5320fa,21.89879115,38.10120885,10.840552836666667,2.1594471633333323,360.56603445972223,0.0
940c4769-42fa-4045-88c4-ade09a6d12a2,17.590234416666664,42.40976558333333,6.280466429166666,4.719533570833334,248.35541138194444,0.0
b532537a-1c1c-4b01-9e73-a25e2a2dc3d9,28.896279083333333,31.103720916666667,12.053258186111112,1.4300751472222206,351.4261333086111,0.0
fe545592-47c3-4d31-8c56-32ebc6b540fa,34.03351753333333,25.966482466666665,14.741512626111113,0.0,422.7175141269445,0.0
64788a52-e4c1-40cc-b0ce-29e627985eb4,34.52490801666667,25.475091983333332,6.562849249722222,4.603817416944445,248.3643380316667,0.0
a5e34c97-d0ac-4cfa-a5f9-ed6b841a10f5,39.34980168333333,20.650198316666668,6.647492025555555,3.852507974444445,194.4400668547222,0.0
3453fe5c-5068-4493-8e1d-5335c649f556,0.0,0.0,0.0,0.0,0.0,0.0
93a0e034-d09c-40dc-93be-736dbcb1c5fd,0.0,0.0,0.0,0.0,0.0,0.0
933a1f6f-32ef-44dd-81c7-bc35c08b2c98,0.0,0.0,0.0,0.0,0.0,0.0
d03bbffc-ec2c-4e8d-a476-aaf1df18484f,0.0,0.0,0.0,0.0,0.0,0.0
cf432ddc-a5d7-4b57-86f4-4d12f08e1c6d,12.563535483333334,47.43646451666667,6.196528524444445,4.470138142222222,245.75344690305556,0.0
9b51ba1f-527b-4ab8-b2e1-8c48fa2fffc7,29.062732633333333,30.937267366666667,11.07619451388889,1.9238054861111111,346.48026314944445,0.0
f3dcee45-b22e-4ebf-aab2-64020efeb33b,34.23629246666667,25.76370753333333,10.747691749166666,1.752308250833333,341.6950078947221,0.0
84987111-2e3a-4a46-905d-7de56d8e07f3,0.0,0.0,0.0,0.0,0.0,0.0
6725b078-44c6-48d4-8f38-d60b0277a310,13.631561833333334,46.368438166666664,16.586790202222222,0.0,510.0886985566667,0.0
757882ce-7cdf-4376-aa1a-d0fb88f22f0f,32.11968815,27.88031185,12.177481436111112,1.82224078611111,357.8803913413889,0.0
8659afde-1ded-4a2b-9492-a6a9b35fda5f,0.0,0.0,0.0,0.0,0.0,0.0
e3ac51f7-c0a0-4702-a745-4776fdca63cc,0.0,0.0,0.0,0.0,0.0,0.0
7a7f47db-2ea6-49a6-9583-14ae81f98a9f,25.59368668333333,34.40631331666667,6.413816261388889,4.252850405277778,247.30360177833327,0.0
1144009c-9a88-49c7-bd8a-6c80fa5e2fc7,36.066785683333336,23.933214316666668,12.291936754722222,1.6913965786111111,358.4370101661112,0.0
c5e4b48a-2424-457c-a49f-c29b9a25b3dc,7.172008616666667,52.827991383333334,9.854435506388889,2.6455644936111113,338.04630110722223,0.0
6cefa2bb-39df-4150-9ecf-355cf98ed97e,35.86423241666667,24.135767583333337,10.802253547500001,1.697746452499998,342.00671297611115,0.0
313ac91d-fe9b-4f44-82e8-58f7a2ab3f10,30.331830500000002,29.668169499999998,13.103422233888889,0.0,332.6914345597222,0.0
19f6cf69-8773-4a73-a487-fcc94cebc95c,33.3906289,26.609371099999997,6.543897979444444,4.456102020555556,222.37375292944446,0.0
19a4b41d-602b-4ea3-b04f-9c7d22e11cd8,30.40068565,29.59931435,12.119930094166666,1.879792128055556,366.64923935749994,0.0
dd4d46a7-bfe4-48cd-8d8b-9879614128a5,0.0,0.0,0.0,0.0,0.0,0.0
532e4e35-21c2-4dc7-ae7c-5f05449624b7,11.717629616666667,48.28237038333334,10.339122834166668,2.4942104991666647,340.95202099583327,0.0
246ce3b5-e00a-4459-9b15-bab57a2e40fb,0.0,0.0,0.0,0.0,0.0,0.0
931c2b27-8a6d-43ef-9def-2c840d18bfc8,0.0,0.0,0.0,0.0,0.0,0.0
d2100073-fd01-4a8e-91eb-e572f36f45e8,0.0,0.0,0.0,0.0,0.0,0.0
bad8cf9f-5201-4da2-a1c8-87787537a0be,0.0,0.0,0.0,0.0,0.0,0.0
a148bdeb-c9d4-40f4-ab97-cc8b477bef9b,31.510972816666666,28.489027183333334,12.139373682499999,1.3439596508333347,351.78664979555555,0.0
a6545d60-dff8-44c6-81da-8b3f60347165,42.997661533333336,17.002338466666668,11.509003412222224,0.0,293.4433231022222,0.0
d7573288-d6c4-4b52-bd8f-ad61239f7d56,24.943934249999998,35.05606575,10.440498138055554,2.0595018619444456,342.40650886388886,0.0
bf803178-8bd1-4dd9-896e-de69a6900ce1,0.0,0.0,0.0,0.0,0.0,0.0
bbfc5e32-5e37-405e-971a-8d75f505a9e2,30.82444931666667,29.17555068333333,12.127510710277777,1.8722115119444445,432.80280505388885,0.0
27761282-601b-4c91-800f-08e01bdaa116,27.0488058,32.9511942,15.030042841111111,0.0,435.32853735472213,0.0
156fda04-ad40-491e-9e50-58d97d433609,28.184135949999998,31.815864050000002,12.046110174166666,1.9536120480555574,363.3480787138888,0.0
63a300a4-c2bc-4a40-b2c3-be79406583fb,0.0,0.0,0.0,0.0,0.0,0.0
e004727a-5d21-4fc1-9a64-68892222a0a1,8.770408533333333,51.22959146666667,6.133528323611111,4.866471676388889,247.3050377427778,0.0
b666183d-975d-4f08-9474-949042d07a59,35.88910308333333,24.11089691666667,14.803712034722224,0.0,431.9348874055556,0.0
96e37e01-714e-4b48-96e0-5f832608403b,34.82538565,25.174614350000002,12.250053132222222,1.2332802011111117,352.24570843638884,0.0
1427aed8-3f67-4323-a874-2547ae18670a,5.9324564,54.0675436,16.83061044,0.0,512.5844968113889,0.0
01611b02-d799-4a60-840a-38f16fdaf84b,42.452783716666666,17.547216283333334,11.491520049166667,0.0,299.19954652222225,0.0
3b93b050-5deb-4835-a557-3f3448980b33,0.0,0.0,0.0,0.0,0.0,0.0
ac65db1a-e7ed-45c4-b44a-870145046abc,0.0,60.0,0.0,11.0,0.0,77.0
9cd1f216-9187-41c0-89e6-63b039969b2f,0.0,0.0,0.0,0.0,0.0,0.0
1bf6eac4-9d89-41b4-9bb4-d6c1a720d055,0.0,0.0,0.0,0.0,0.0,0.0
791ca00c-2b70-480f-937e-b110740d1b6d,26.31976165,33.680238349999996,6.426494307777778,4.573505692222222,216.4783280163889,0.0
443d835a-b166-409f-a9c0-4c91eaffa6db,27.229097449999998,32.77090255,10.515050143888889,1.9849498561111107,340.81172562305557,0.0
38e95069-490b-4454-94d1-ea2d971839b8,0.0,0.0,0.0,0.0,0.0,0.0
ebf8a4c0-5ab0-4049-9f6a-6d0313692ea3,29.552407883333334,30.447592116666666,6.480065421944445,4.519934578055555,243.37276368194443,0.0
4a6aa079-5f0c-4ba7-810b-6710b1cadbef,9.337913483333333,50.66208651666667,6.142761339444444,17.857238660555556,26.97829008166667,0.0
dec93156-d3ae-4cc1-9d14-641021c13c71,0.0,0.0,0.0,0.0,0.0,0.0
9da33cff-1673-4ea2-9cf6-e512ee9cf5c6,0.0,0.0,0.0,0.0,0.0,0.0
545beba5-93d1-4cdf-81b0-d83bd5a41a32,12.328432566666667,47.67156743333333,11.525954590555557,1.9737676316666652,349.18729635027773,0.0
6bd38597-e8d8-439d-8f3a-12d130908a5c,28.168020000000002,31.831979999999998,10.545261891944445,1.9547381080555553,340.9456523491666,0.0
3d3e3f5e-cbe2-4c46-b024-dca9f60d11a4,0.0,0.0,0.0,0.0,0.0,0.0
ddd5673e-f108-4214-9bbb-664bf6b48eb0,31.692374933333333,28.307625066666667,6.515888745000001,7.4838334772222215,340.5168098119444,0.0
e9d2e6e3-dfbe-4c51-a7d9-8e9d3d11255c,22.575432316666667,37.42456768333333,6.363528679166666,4.636471320833334,248.93464546666664,0.0
7fb2880c-f753-4e92-93e0-aaf665934746,24.121497716666667,35.87850228333333,6.389581703055556,4.610418296944444,249.12300177361112,0.0
46ad81a9-d7c5-4168-b392-74833df72073,0.0,0.0,0.0,0.0,0.0,0.0
0ae91163-7078-420d-9c9f-25e96d2127ea,0.0,0.0,0.0,0.0,0.0,0.0
cfab682d-b72b-4d6d-90a5-21e30b01b2aa,0.0,0.0,0.0,0.0,0.0,0.0
34089a9c-0531-433b-b465-6e1694071e2d,0.0,0.0,0.0,0.0,0.0,0.0
5a5aea09-68ca-4c1a-bd99-84b3b990ed8d,0.0,0.0,0.0,0.0,0.0,0.0
981dd0dc-1b9e-4549-ada9-07467c793851,14.377510733333335,45.62248926666666,17.111941910000002,0.0,513.6975686477778,0.0
937f4bf6-532f-4bca-bfe6-85ad32a2c29d,39.104083016666664,20.895916983333336,14.914646970833333,0.0,432.3200838627779,0.0
1bc5b267-137e-4983-87dc-3bba68f491b3,16.708257149999998,43.29174285,6.265761327222222,4.734238672777778,248.2372847483333,0.0
fd347892-e02a-4936-9b62-d899223047b3,35.35274023333333,24.647259766666668,17.802568824444442,0.0,516.6000712774998,0.0
dc6a297e-6636-430a-98d1-2089526a01ed,0.0,60.0,0.0,11.0,0.0,77.0
813277b6-0ada-4dee-ab61-08c350bb61e7,18.938735866666665,41.06126413333333,17.26173185277778,0.0,514.3156790758335,0.0
8633ea65-f7e6-40b3-8c87-47b67817ad80,0.0,0.0,0.0,0.0,0.0,0.0
44b41f60-a63f-4b5d-84f2-3e43032d4e29,0.0,0.0,0.0,0.0,0.0,0.0
e0fec729-14ff-4d27-8e35-8bcebfb1a15c,0.0,0.0,0.0,0.0,0.0,0.0
d2bf1630-d799-45a6-ad7b-5ae7fc575ec7,0.0,0.0,0.0,0.0,0.0,0.0
eb63f178-98d1-4cfe-8f6a-7117dcf3de72,9.298581366666667,50.70141863333333,6.142287895277779,5.357712104722221,247.36373094972222,0.0
daafb9eb-f119-4c24-bda4-37256d941709,8.268451316666667,51.73154868333334,6.125061114166667,4.874938885833333,244.24161667305552,0.0
a31f541e-f061-4ec9-a623-e5cd836fd0a0,31.4378292,28.5621708,6.5114128694444435,4.7385871305555565,248.51597364583338,0.0
7893b681-501f-477d-9d1d-d6e3856e6831,35.66016025,24.339839750000003,6.5818679030555565,3.918132096944444,235.5111107127778,0.0
27b89ac7-c072-416e-b0b8-bf1f54c7b854,25.9824278,34.0175722,11.956766154444443,1.5265671788888904,366.04657463277783,0.0
0eca5ab1-7eef-44cd-8cd3-207a198409c6,0.0,0.0,0.0,0.0,0.0,0.0
d7f4a564-c183-4264-a9a3-bc965187e038,35.134465549999994,24.865534450000002,6.5733208055555545,4.4266791944444455,237.41208901555555,0.0
1271d4a9-a307-471b-9685-0d3cd4d3ea6e,29.945350533333333,30.054649466666667,12.105356673611112,1.8943655486111108,354.5954894355556,0.0
565a74a8-fda2-4c50-8aa2-ca78555bd95e,0.0,0.0,0.0,0.0,0.0,0.0
90be7e04-1e26-4589-b25b-95ccc2df1295,0.0,0.0,0.0,0.0,0.0,0.0
efe84b1b-beae-459b-8fa8-3850a424df8c,0.0,60.0,0.0,10.5,0.0,73.5
bae161a4-6583-46ed-8671-c8473e43af1c,0.0,60.0,0.0,24.0,0.0,168.0
f4ed03a0-1b52-41ee-877a-c6505c890927,19.180908916666667,40.81909108333333,10.252536863888889,2.2474631361111115,339.6979802358334,0.0
9d939044-4693-4371-b749-c7a02464aabc,40.45267585,19.54732415,9.95154841,1.0484515900000002,335.6302140616668,0.0
478d5262-56de-4497-bc23-c497c6ab8f3a,41.48673143333333,18.51326856666667,8.684585630555556,0.2372829958333326,252.60695785749994,0.0
6a2018a1-697d-4ba9-bd16-fc190f17b554,0.0,0.0,0.0,0.0,0.0,0.0
9e124f6c-92ce-40ce-a1eb-221ad9d1ecb3,0.0,0.0,0.0,0.0,0.0,0.0
e2d210b9-a22b-40b4-bf2d-2031d6f36400,0.0,0.0,0.0,0.0,0.0,0.0
f1b6c9a6-5c5b-4eeb-8ac8-ed9961523318,0.0,0.0,0.0,0.0,0.0,0.0
8f88bf06-8df3-42c0-98bb-47fbe09fa349,0.0,0.0,0.0,0.0,0.0,0.0
6667a0e6-c8a2-45b3-a6fe-ac04aaae7a0c,0.0,0.0,0.0,0.0,0.0,0.0
965a2b36-65fa-42d3-a768-e21d6de34218,0.0,0.0,0.0,0.0,0.0,0.0
71a3c89f-18de-498c-89f9-8dae731600b7,0.0,0.0,0.0,0.0,0.0,0.0
b984c966-d7ac-4a42-8211-775ed9b41881,39.22639341666666,20.773606583333336,12.400918394166666,1.582414939166667,367.8987516683333,0.0
572b44f5-251f-443e-a0ad-8e992ca1962e,0.0,60.0,0.0,24.0,0.0,1.0
740ef134-df6b-4517-b1bb-843fee3c2e4a,17.0859221,42.9140779,6.271891200277778,4.228108799722222,262.3718456113889,0.0
bcd9b42a-e828-41ab-8065-dd0b099b580d,9.880497850000001,50.11950215,6.151736553888889,4.848263446111111,247.43595989777776,0.0
e22b98f6-266a-4d61-aa6b-24667e389abf,0.0,0.0,0.0,0.0,0.0,0.0
8bb9776c-696f-4b36-b87c-985b7ef0ce42,19.45588165,40.54411835,17.278897446666665,0.0,514.3968513775,0.0
1cded64b-aa02-4435-bb57-cb3333641199,0.0,0.0,0.0,0.0,0.0,0.0
52216e3c-bdb3-429b-b833-635814946581,0.0,0.0,0.0,0.0,0.0,0.0
ea5a8158-21e1-4253-ab62-5381b49a5e16,20.20180505,39.79819495,0.0,2.5781313736111113,188.38581472555558,0.0
f20aed39-019f-4d8a-9877-3c564efbbd29,41.241850883333335,18.758149116666665,9.977162781944443,1.522837218055556,335.7310834813889,0.0
535059b5-566b-446b-b87e-1fc6661ff48b,16.473358466666667,43.52664153333333,6.261829819722222,5.238170180277778,248.2192327077778,0.0
d090cf31-065f-44f2-9664-258f84ef682d,21.547191783333336,38.45280821666667,10.328661390277777,2.1713386097222225,340.02925781472226,0.0
14369046-5c65-4602-a571-6edbd3e8d47f,18.70710508333333,41.29289491666667,17.25487948027778,0.0,508.29005805472207,0.0
7ac8bc4e-4bc1-4cca-b6b3-466c73c22b57,0.0,0.0,0.0,0.0,0.0,0.0
4752ad41-f745-4048-bd37-53014fd1f444,24.189110316666664,35.810889683333336,6.390702051111111,4.609297948888889,249.14194736750002,0.0
0810fe78-d90a-4fcd-83e9-b6ed9fa7f721,0.0,0.0,0.0,0.0,0.0,0.0
72a29afd-0b6b-4b47-858e-3658a453df95,39.042414099999995,20.957585900000005,6.6427041283333335,4.3572958716666665,249.4354807427778,0.0
b2dd0ff3-d16b-4e34-a59e-1da68c39c80b,0.0,0.0,0.0,0.0,0.0,0.0
a0458e17-79d9-4516-97eb-6832fe728c2e,0.0,0.0,0.0,0.0,0.0,0.0
ab651c82-026e-4e92-8ce1-5cb8f3faf64a,0.0,0.0,0.0,0.0,0.0,0.0
6dac7d97-f4ee-4195-8d99-e77fb782a2ae,0.0,0.0,0.0,0.0,0.0,0.0
649a6207-6682-4a76-91b2-bae56fb9226f,28.337792333333333,31.662207666666667,6.459752990277778,4.540247009722222,246.63166510805559,0.0
177023c2-cbe3-4180-9b20-b1ef76514772,19.755252433333332,40.24474756666667,17.287724137222224,0.0,377.57676523805543,0.0
1b6b9b2b-4cf6-49eb-9562-bbfea9dd6256,31.531676566666665,28.468323433333335,11.122772938888888,0.0,267.03381738,0.0
d26299c6-8b83-4240-99f9-dc4391246595,19.89349916666667,40.106500833333335,10.77583902361111,2.2241609763888888,364.2146943808333,0.0
9fe98b65-b812-45d7-8193-f3ddfc2dafd2,11.014408366666666,48.985591633333335,10.316458325555555,2.516875007777778,340.84251258250004,0.0
8f7fbd7d-1e8f-4960-a724-143fccde681a,0.0,0.0,0.0,0.0,0.0,0.0
631cf039-4b0f-4aa2-9244-350ae01118a9,0.0,0.0,0.0,0.0,0.0,0.0
0482449a-75a3-4eb9-bafc-0a47ec179c2d,38.13450635,21.86549365,6.623503372777778,4.376496627222222,249.46331561527782,0.0
1fa3e8bf-82db-48a8-9c7a-91465851ec24,0.0,60.0,5.987428426944445,18.012571573055556,62.930462126388875,105.06953787361113
07b75ac2-241b-4a1d-80af-e8252e5495e8,0.0,0.0,0.0,0.0,0.0,0.0
83a4534f-1637-497d-bb85-266063000dfa,25.170099049999997,34.82990095,9.781197566666666,2.0521357666666677,299.0817270836111,0.0
ccd66941-01b4-4d28-8cf7-f8695cb07d85,0.0,0.0,0.0,0.0,0.0,0.0
9de56629-db31-40bc-be76-e1c451dfab6d,0.0,0.0,0.0,0.0,0.0,0.0
c70e08c2-08a7-499b-b291-07dadf0cc6bd,0.0,0.0,0.0,0.0,0.0,0.0
33ba3ed4-6585-4e15-9349-fd0f82d0403b,0.0,0.0,0.0,0.0,0.0,0.0
ead1d797-772d-4bdc-af67-bb87f7a0329f,35.49118186666667,24.508818133333328,6.579328443055556,6.254004890277778,321.6810140977778,0.0
0bd9e1f0-4f56-466b-a229-9d6ed262ec6f,30.264278100000002,29.735721899999998,10.616001229166669,1.883998770833332,341.2324859208333,0.0
8f920bff-bba7-4b2c-a5a3-c6c14add3c2a,14.104112233333332,45.89588776666667,11.569037815555554,2.414295517777779,364.4045741738889,0.0
46b9c5e7-72d2-442f-8c9e-19274800e4bb,0.0,0.0,0.0,0.0,0.0,0.0
9c573b1d-d256-4bfe-86fe-bfa4161522bf,9.456824116666667,50.54317588333333,6.144822416666666,5.355177583333334,247.38749286138892,0.0
ec950f40-e230-4f7e-aac1-b7a54b2c3bde,42.12180681666667,17.87819318333333,10.006753800277778,1.4932461997222224,335.8254198577778,0.0
0bab2448-2ab5-49f3-ab34-28f34b5eaaf9,9.318513016666666,50.681486983333336,9.92554355388889,2.5744564461111095,338.3496056030555,0.0
e847b666-c68b-4b12-a110-4de044a4f52a,14.336646033333333,45.66335396666667,17.110601109444442,0.0,513.7001924405557,0.0
ebef8ab1-5345-41cb-9b6d-1abe5e80e89b,34.45598735,25.54401265,10.755076953888889,1.7449230461111114,331.7284625733334,0.0
2229d382-1683-4c73-964d-2cb2844c1db1,0.0,0.0,0.0,0.0,0.0,0.0
850494bb-dab4-4607-b856-fb17b43fabda,25.400019433333334,34.599980566666666,11.955254118055555,2.0444681041666666,356.96407180138885,0.0
fb961b68-4f75-4304-9a30-80b714559f63,37.64118571666667,22.35881428333333,16.37864744,0.0,410.2899771569444,0.0
71ef2a22-ff4e-4205-b464-9a05e8bf7648,0.0,0.0,0.0,0.0,0.0,0.0
c22f53eb-83e5-4bf1-8f07-81f4c4e6c5a5,0.0,0.0,0.0,0.0,0.0,0.0
b287c291-b2ea-433f-a822-700c09f269cc,0.0,0.0,0.0,0.0,0.0,0.0
0684c0f7-7b0a-421e-9c59-6886a225f925,4.354645883333333,55.64535411666667,9.760714768888887,2.739285231111112,339.6649144263889,0.0
0dc2139c-9540-4c8d-aab0-bf90bd0dd9ff,24.15083845,35.84916155,6.389854558055556,4.860145441944444,264.7138445380556,0.0
67fc9b55-e723-4e26-8a6f-3d162a88d134,0.0,0.0,0.0,0.0,0.0,0.0
12c621b7-30ac-482e-9b86-6fd523eee3c7,0.0,0.0,0.0,0.0,0.0,0.0
667445a4-e9ef-41eb-a22c-bd4ec7dcda18,36.5572473,23.442752699999996,14.826487804444445,2.1735121955555545,431.6057128355555,0.0
b91bae62-438f-4549-bd46-45580704b5fe,42.1338374,17.8661626,11.697869344999999,0.0,300.69650587611113,0.0
7a2e74ae-7f5e-4382-a6a2-2e5e2119655a,6.422543216666667,53.57745678333333,6.094162947499999,4.572503719166668,245.0089218861111,0.0
9b0dd774-9ae3-421c-92c0-18523bf4df2d,28.99064145,31.00935855,12.073471741944445,1.9262504802777767,366.4603668480555,0.0
c0e9f7fc-c154-4a20-b7b9-5a2522e0222c,28.675059400000002,31.324940599999998,12.062903374722223,1.9368188474999988,357.4093909872222,0.0
fdef76a8-0736-4559-a597-54c075a0ecb2,0.0,0.0,0.0,0.0,0.0,0.0
d3f52fb6-a253-4253-866a-f3110887472d,0.0,0.0,0.0,0.0,0.0,0.0
112b09ab-0dcc-4e3a-aae2-3d6c093caabc,31.714586383333334,28.285413616666666,12.147035535833334,1.8362977975000003,366.8387859758334,0.0
dd91756b-e695-4ca1-aa23-7771e67701f6,0.0,60.0,5.987614231944445,2.0123857680555557,167.94915753888887,0.0
bf3b64ec-e4e2-4bb1-84dd-78a050880668,0.0,0.0,0.0,0.0,0.0,0.0
5ff4f817-e978-49a1-acac-20f4b1a886e0,27.014176733333333,32.985823266666664,9.841834460833333,1.9914988725000007,324.03546044916664,0.0
05f9c84d-2aa9-4d8b-a0c6-b6238a7659dd,16.577572166666666,43.42242783333334,10.167254687222222,2.332745312777778,341.2745251852777,0.0
a36f470c-34bf-4226-adb3-b3a98b21c6bd,0.0,0.0,0.0,0.0,0.0,0.0
018edf6f-2170-440d-be6b-4b71a2c64079,0.0,0.0,0.0,0.0,0.0,0.0
b6510d6d-37b6-4c9f-a08c-730960768afd,16.83125625,43.16874375,6.267776436944445,4.732223563055555,230.42320060194442,0.0
5720d985-2843-4e65-bae2-e12df5315af7,0.0,0.0,0.0,0.0,0.0,0.0
9a81e798-43ae-4147-9402-361f02b98689,10.219078633333334,49.78092136666667,11.43876767166667,2.5445656616666645,357.8920400522222,0.0
daf7f2b2-ff1c-40f6-a774-32992f7b2fdf,13.202638433333334,46.79736156666666,11.538821685277778,1.9445116480555549,349.2662723152778,0.0
d1af2f84-a307-4b98-877d-9e614899663f,14.512828416666668,45.48717158333333,14.613936366666668,0.0,433.69333514499993,0.0
1cf54e47-070e-48a7-9e3b-995551d42fc1,0.0,60.0,0.0,24.0,0.0,168.0
c464706e-76c7-4951-8c2d-68777f84115c,37.14980931666666,22.850190683333334,10.845322795277779,1.6546772047222214,342.0831486675,0.0
00bfac82-9546-429a-b137-39797e9dbe6c,7.07005615,52.92994385,6.104859887499999,4.895140112500001,247.09020041416665,0.0
e026fbba-abba-45dd-a13e-f09842b25179,34.259095699999996,25.740904300000004,6.558577996388888,4.441422003611112,249.39133741111107,0.0
4d30c79c-9e9e-47f5-805d-9c020eed9808,0.0,0.0,0.0,0.0,0.0,0.0
058fa7c5-7188-4f3f-887d-5b57961ba6bd,5.834710933333333,54.165289066666666,6.084258029166667,4.415741970833333,245.55604617694448,0.0
6243d5f4-a9a2-4841-bf44-0dce6cec93a0,12.547995333333335,47.45200466666667,11.53370018138889,1.9660220408333327,349.2394885033333,0.0
a8c11879-e0a0-4dc9-9596-3d6897c34de3,0.0,0.0,0.0,0.0,0.0,0.0
86d7f038-ae47-4c3c-a683-a6d632c51ea2,33.35668006666667,26.64331993333333,10.71788819222222,1.7821118077777787,341.65101535694447,0.0
fc0bc6de-6bf6-41c8-ab34-a178a9a82781,37.336397049999995,22.66360295,6.610254161944445,4.056412504722221,248.6930917475,0.0
9d7ef1f2-f19d-431b-aaa2-e70f3e4e1d91,9.372682300000001,50.627317700000006,9.927458647499998,2.5725413525000014,340.2937580647222,0.0
85a9a2c5-9aae-4dbc-b533-36016be1a4be,29.916469866666667,30.083530133333333,12.12411894611111,1.8756032761111117,366.6681460227777,0.0
9fbbe308-d991-4c63-b9bd-9303a0c45a05,0.0,0.0,0.0,0.0,0.0,0.0
e2d9e92a-e0c8-454a-bd9e-603a4086d5c3,0.0,0.0,0.0,0.0,0.0,0.0
2e303477-c7ba-414e-98ca-13763f3c06ef,0.0,0.0,0.0,0.0,0.0,0.0
f7812b3c-0c0c-448b-8574-f17b29c64ca3,20.092509600000003,39.9074904,9.782163726666669,2.217836273333331,336.33129454888893,0.0
59ae2b5e-31e1-4869-800b-7a72d33fa8ac,38.86600851666667,21.13399148333333,6.636780926388889,3.863219073611111,212.1987039161111,0.0
5b524929-1ba3-4b4b-a71a-e684b1b992a8,7.0343514,52.9656486,9.849627119722223,2.6503728802777773,338.02446980361117,0.0
4f87be5b-e3b2-4acd-a208-dcbc3a139868,0.0,0.0,0.0,0.0,0.0,0.0
4439819e-ee25-4bf3-b3b7-ec037eb0cf51,5.614437966666667,54.385562033333336,6.080386429444445,4.419613570555555,245.55214877361112,0.0
b5819caa-9716-488c-8d0b-fda1b9893b56,0.0,0.0,0.0,0.0,0.0,0.0
c7df090f-bb36-4b77-badd-ff1159f669e3,23.59327096666667,36.406729033333335,6.380544593333334,4.619455406666666,249.06348139999997,0.0
da5de28a-bac8-466d-9aba-9881842f3492,5.731778633333334,54.268221366666666,6.082532213333333,4.417467786666667,243.93156077722227,0.0
b2ec5809-4b9f-458f-a902-e2115136867c,27.563117050000002,32.43688295,14.528198939444444,2.471801060555556,430.4700718119445,0.0
8ba86163-346d-4781-987a-f2053bd77f67,0.0,0.0,0.0,0.0,0.0,0.0
fac46099-349f-42f9-b9f1-2a74404b6247,3.8510158,56.1489842,16.762116862777777,0.7378831372222218,512.2632496747221,0.0
52b36107-56a6-4ad8-990a-fc908ca42e23,0.0,0.0,0.0,0.0,0.0,0.0
197f94a7-43ed-4329-acc0-000741e4f086,0.0,0.0,0.0,0.0,0.0,0.0
363a5f68-83f2-4c8f-b0c1-cbd85e67c766,4.49269825,55.50730175,6.061973262222223,4.938026737777777,246.79112624111113,0.0
53dcf1b3-9681-4ee7-811e-cd8de2138cdf,32.92888865,27.071111350000002,11.037711735833334,1.7956215975,343.82643913277775,0.0
f4031478-c362-4564-a7e1-b786351f8858,14.307526083333332,45.69247391666667,17.10924652666667,0.0,513.6965930255556,0.0
0c920bb4-d41d-4bc3-823b-936ed9c9b385,13.1071293,46.8928707,17.0688062925,0.4311937074999999,490.7171074202778,0.0
bfa1b473-8816-4f72-8dac-4160e6b5c246,4.173151466666666,55.82684853333333,9.755202003888888,2.7447979961111115,339.6032150416667,0.0
42432667-4526-492c-9e3d-28de48c6f862,0.0,0.0,0.0,0.0,0.0,0.0
1005b33b-0c44-4968-9aae-5655d9a40574,0.0,0.0,0.0,0.0,0.0,0.0
5b9d9f2c-d43a-48c9-9339-25eff04c82e6,0.0,0.0,0.0,0.0,0.0,0.0
dab96043-e270-44cf-983c-35a2597bf448,0.0,0.0,0.0,0.0,0.0,0.0
80eea17d-c3ea-4772-b1cf-487bbb1d3c6f,0.0,0.0,0.0,0.0,0.0,0.0
b8d97b60-54a2-4dd2-b8df-8f1d377129f8,0.0,0.0,0.0,0.0,0.0,0.0
85e0eac2-4393-497c-8bf4-96c0323736c3,0.0,0.0,0.0,0.0,0.0,0.0
c4c8a2fa-421c-49b4-8e6f-fb064f3b2463,4.122778983333333,55.87722101666667,10.252570423888887,2.747429576111113,343.1018116019445,0.0
bc65d2ff-41d3-410d-b690-638dc41e7725,35.23523405,24.76476595,9.781030123333334,1.2189698766666657,334.9193816761111,0.0
ebf009fa-e787-4e8c-ae27-5149a6857e67,36.049713383333334,23.95028661666667,6.588364745833332,3.9116352541666672,264.6095366405556,0.0
b73cfab1-b68a-4ab4-875b-67c3ed0d37a4,0.0,0.0,0.0,0.0,0.0,0.0
fd97abfa-6522-4f4a-b567-b7c077c24b93,0.0,0.0,0.0,0.0,0.0,0.0
0206379e-d0cb-4afb-95ad-4518d07316de,7.57644415,52.42355585,11.351725730833332,2.6316076025000013,348.5208228672222,0.0
56be2beb-5b36-4f56-8439-1e0da359cbe3,13.462858433333334,46.53714156666667,17.08135955944444,0.0,550.7533237127778,0.0
41df169e-3c44-474a-9bd0-8dabd0f9cad1,0.0,0.0,0.0,0.0,0.0,0.0
308f6c4a-6156-45be-959f-52e7abadf6d2,0.0,60.0,0.0,11.0,0.0,77.0
52933f5a-25e1-4e3b-9220-7decdc325a41,0.0,0.0,0.0,0.0,0.0,0.0
aecefe43-c64c-4ed0-9e57-5830f806af21,0.0,0.0,0.0,0.0,0.0,0.0
76671c67-4b5e-4002-9d36-4ebe9cfe6b75,0.0,0.0,0.0,0.0,0.0,0.0
065820d9-397c-48e6-8f26-8033dc60ac49,0.0,0.0,0.0,0.0,0.0,0.0
191fb850-b106-4025-b5fb-d7b926033d9d,0.0,0.0,0.0,0.0,0.0,0.0
d45ae8f2-819a-4172-ad4f-7b75c1fd127f,10.253265966666667,49.74673403333333,6.1580798575,4.8419201425,247.48353133444448,0.0
22c6fea5-462e-491b-9a22-cfadedbc2cf5,9.406298833333333,50.59370116666666,9.928567151111112,2.5714328488888873,338.3059329791667,0.0
f7c32817-52f8-4d1d-ad34-bf53bce0a08a,37.318262733333334,22.681737266666666,6.609661383333333,4.057005283333334,248.6920930188889,0.0
dfa3ba28-0fcb-45d7-b83e-53d369ae364e,0.0,0.0,0.0,0.0,0.0,0.0
8eda543d-8c89-4a96-a0e7-f2a33b96ddb0,33.93209723333333,26.06790276666667,6.553170833055556,5.780162500277777,237.39268883833333,0.0
ab95e433-96e3-4b98-b595-704556af1b34,30.588743466666664,29.411256533333336,11.126628600555556,1.8733713994444448,334.70757892055553,0.0
7904db16-64ec-4fa3-98c9-0cd5d9fb1069,0.0,0.0,0.0,0.0,0.0,0.0
d24d662f-2453-424b-8b2d-0942b8a9ea68,0.0,0.0,0.0,0.0,0.0,0.0
bddfd551-379a-492d-8a3b-27495dbfec68,10.947290766666667,49.05270923333333,6.169624280833334,4.830375719166666,244.5622581713889,0.0
4c4ef46d-7f77-4bc8-bbe5-570bfcd46706,22.072010900000002,37.9279891,10.346089185555556,2.1539108144444437,340.1054654813889,0.0
8a504135-378e-486a-aa81-546c500acc11,11.801715833333333,48.19828416666667,6.1838148252777785,17.799518508055556,204.43078375388887,0.0
f660ed62-e1d2-4e4f-ab29-9104fb0224e3,12.5824558,47.417544199999995,11.534059876944443,1.9656623452777786,364.22591821944445,0.0
7060f86a-de0a-4aa6-b9f9-0cf66c8e0071,0.0,0.0,0.0,0.0,0.0,0.0
f264161e-c919-4bfe-b0db-12d28c51d069,0.0,0.0,0.0,0.0,0.0,0.0
3639cc43-5dbc-4878-838a-0c751f8674e6,0.0,0.0,0.0,0.0,0.0,0.0
4ce59db4-1d13-4307-95ba-df379b568c7f,0.0,0.0,0.0,0.0,0.0,0.0
1a00835d-c478-46f0-ac90-898c238ed51d,0.0,0.0,0.0,0.0,0.0,0.0
d07cd380-7079-4bb1-ab09-e503b9a3c62f,0.0,0.0,0.0,0.0,0.0,0.0
ae27e21e-35e8-4e85-8b79-5a0e0a6ec82d,18.421641733333335,41.57835826666666,6.294429189444444,4.705570810555556,248.4579055211111,0.0
f4ea0362-6040-4e5d-be0e-8e1c4edfc2f9,14.950976233333334,45.049023766666664,10.113758120555556,2.386241879444444,328.2665173038889,0.0
5a930bdf-1f65-4e9d-81e7-ca53d6e44227,4.258105133333333,55.74189486666667,16.774408858888886,0.0,512.3496521341666,0.0
d07f1454-682f-44c5-840f-35e99919b42b,6.256910599999999,53.7430894,6.091334615555556,4.408665384444444,243.98666957083336,0.0
3a79a5fa-5bab-4088-be2a-72d30672c575,13.814396016666667,46.18560398333333,17.093035140833333,0.0,513.6249994197223,0.0
d43719f4-a173-49a0-8db5-6beaf3f702ad,0.0,0.0,0.0,0.0,0.0,0.0
79cfb8ca-69f2-418d-97dd-bcfbae9ea548,10.963561233333333,49.03643876666667,10.314357501111111,2.5189758322222224,340.84647548333334,0.0
65fb05b5-8772-420b-9265-441db118fed9,19.30256808333333,40.697431916666666,17.273195361944445,0.0,514.372348776111,0.0
940771c8-a9d0-4251-bc6e-77689618bb0b,0.0,0.0,0.0,0.0,0.0,0.0
68e38998-8d0b-49f5-bcbf-bf0fa4fed692,27.997766316666667,32.00223368333334,1.6666666666666667,0.0,0.0,180.64142280222228
71815c12-8f4f-40ad-bb53-6a91dc7cd983,29.064754166666667,30.935245833333333,14.576717019722222,0.0,431.1570444991666,0.0
885465f1-c30b-4d6a-ac0f-6df7b7081f8e,18.522312783333334,41.477687216666666,11.714141527222223,2.269191806111111,365.0080522902779,0.0
a04c187e-3d91-4474-bf8c-2e6cb5c0159b,10.997572683333335,49.00242731666666,10.315442697777778,2.5178906355555553,340.85916687194447,0.0
fac24a1d-15ef-44a7-80e1-6de6a108189f,0.0,0.0,0.0,0.0,0.0,0.0
84ebaea8-818b-41c8-8be0-f5c60c96f4b3,0.0,0.0,0.0,0.0,0.0,0.0
891b5516-a123-4daf-b724-4994aafebe9e,0.0,0.0,0.0,0.0,0.0,0.0
b20d425e-f7e0-4478-a3c3-5ef1f4c59852,0.0,0.0,0.0,0.0,0.0,0.0
70c0740e-c9af-48d0-8110-f7defd33345a,0.0,0.0,0.0,0.0,0.0,0.0
d9c03d5b-07e4-4b86-bd88-f6c4fcf3bf3e,19.489741033333335,40.51025896666667,6.312250145555556,4.187749854444444,245.58026560749997,0.0
cfdb3ee8-8f08-456f-a227-d27a4b3835e4,35.09858011666667,24.901419883333332,6.5724313980555555,3.927568601944444,229.7722475177778,0.0
76f4ea55-0d2c-4e51-b86f-5cd992daa81b,16.403339966666667,43.596660033333336,6.260710645555556,4.739289354444444,248.2146957775,0.0
b8d95168-60d0-42b9-b63a-d839ecb5aefb,16.54363335,43.45636665,11.648985835277777,2.3343474980555565,364.73359112583336,0.0
6a0ceef1-6ef3-44f7-8f35-75048597dafc,39.19052535,20.809474650000002,10.91633072111111,1.583669278888889,342.4850464827778,0.0
ae479e27-2ee1-42b9-a1e3-c582fe1cb6ed,0.0,0.0,0.0,0.0,0.0,0.0
e022795e-9c69-48d6-885b-044f6d380e71,0.0,0.0,0.0,0.0,0.0,0.0
83addca9-a515-478b-abf3-62277a1f2ef1,16.374726533333334,43.62527346666666,6.2604172741666675,4.4062493924999995,246.19050283138887,0.0
b6362115-39e3-4f66-8a62-8bd949e7770b,0.0,0.0,0.0,0.0,0.0,0.0
abb61108-0c16-4131-b50a-df3a1ad41494,0.0,0.0,0.0,0.0,0.0,0.0
f810e7be-8bff-44ea-a7e2-e6106fe7664e,8.45242895,51.54757105,11.397883876388889,2.1018383458333343,348.67428736,0.0
ecc729d1-62c9-4ed0-ac09-2d9a7bea0f53,5.0536604,54.9463396,6.071254081111111,4.428745918888889,260.92733665222227,0.0
0a85b680-2a3a-423e-be02-8df70a941e88,0.0,0.0,0.0,0.0,0.0,0.0
abfc60a6-04e1-4822-bf2d-117f98c0936f,15.206475416666667,44.79352458333334,10.122537822777778,2.3774621772222213,339.08663206583327,0.0
af45b5e0-dce8-4772-a7c3-3382b3d107a5,18.63847901666667,41.361520983333335,17.25262975388889,0.0,514.2916242038889,0.0
7cdc6325-7fde-4f46-93fe-e4f9ff21811d,36.61783035,23.382169649999998,6.598258306666668,3.9017416933333324,247.63508594027778,0.0
d7c3d711-b603-49b9-ad4d-4870dbbe2858,0.0,0.0,0.0,0.0,0.0,0.0
2d1caf71-3931-44b4-9391-680762640e6d,0.0,0.0,0.0,0.0,0.0,0.0
1a9a55b0-9336-42c6-b69e-1afdcb4bf755,0.0,0.0,0.0,0.0,0.0,0.0
6a1c78b0-23c9-44bc-9563-77a2c191e64a,0.0,0.0,0.0,0.0,0.0,0.0
c4c44665-96f9-4cc0-b510-68e8f85db17e,17.54291753333333,42.45708246666666,10.198865952777778,2.301134047222222,341.39875760805546,0.0
3cb5c22a-19d0-4c38-840b-6a7bb3f6cbf3,6.324288866666667,53.67571113333334,2.9854897705555556,7.514510229444444,219.79430459555556,0.0
33195faa-176e-45ed-b87f-2b83fb3f5be8,30.431659850000003,29.568340149999997,14.615860835,0.0,431.2915371936112,0.0
70545b51-59db-41bb-9cbd-cd1c7342ec95,17.91489431666667,42.08510568333333,6.281379313611112,3.7186206863888884,242.3792875088889,0.0
712550e4-5368-4640-aa77-686a41e86c02,33.153385183333334,26.846614816666666,6.539836754722222,3.960163245277778,264.2856887077778,0.0
10d59c9c-e83a-4ec0-b17f-d86544470cf6,20.201784316666664,39.79821568333333,17.302630574444446,0.0,514.5765871258333,0.0
3cb70e70-21a8-4102-8073-f95024b7160e,20.127759316666666,39.87224068333333,10.283486351944447,2.216513648055554,339.83597700777773,0.0
f99a850b-3f44-40e2-80e0-403c899fd18d,0.0,0.0,0.0,0.0,0.0,0.0
32be539b-8e96-4b9e-a18b-eafa5dafea62,0.0,0.0,0.0,0.0,0.0,0.0
e581769b-49ae-42ea-aee5-36b9ff7b0de5,0.0,0.0,0.0,0.0,0.0,0.0
b55f1e03-2bcc-4849-be51-9ccc64162c90,30.665984283333334,29.334015716666666,12.109432035833333,1.873901297500001,366.6910071888888,0.0
fb40c5ca-ad68-4e11-a689-a7a7a72896f8,29.30121988333333,30.69878011666667,24.05410038361111,0.0,663.3700243397221,0.0
cf8ae6d5-980d-463e-b362-eebc99d399a5,16.84903711666667,43.150962883333335,11.659317388888889,2.324015944444444,358.7111895911112,0.0
e5fbcd06-c54e-4de2-af32-cf98e93d6be5,16.915115283333332,43.084884716666664,9.677643588611112,2.3223564113888884,335.88369481722214,0.0
c5e163c4-905f-4a17-a591-1743bbb3f0bf,18.79478625,41.20521375,17.256519799999996,0.0,502.4336301058334,0.0
f02204d9-0fa5-49f6-86c8-83a65792f28b,0.0,0.0,0.0,0.0,0.0,0.0
2e229f67-8450-4876-8f55-f895da8b7c14,0.0,0.0,0.0,0.0,0.0,0.0
d65e03aa-1130-4001-8344-2471fe15f846,26.185833433333336,33.814166566666664,6.4237477675,4.742918899166667,249.21717346361115,0.0
564089bb-f131-4487-95d5-6c7f00776ced,0.0,0.0,0.0,0.0,0.0,0.0
c02881b6-a9fa-4b51-a208-9d15046ba43c,0.0,0.0,0.0,0.0,0.0,0.0
ea730bc6-ec35-4b10-b19a-0952a58d4649,34.38886803333333,25.61113196666667,6.560579400833333,4.106087265833333,248.35160392999998,0.0
6babdccd-fac1-405a-8ff2-a5bc9a51380b,38.7167927,21.283207300000004,6.632819605,4.033847061666666,248.87093325,0.0
7249049f-c91e-4525-95e0-46dd4301a6f8,15.102219766666668,44.897780233333336,6.238961238055555,5.261038761944445,248.05830328361108,0.0
f413f1b7-81c3-4fd8-8fa6-1eba51365b59,8.235147916666667,51.76485208333334,6.127838223055556,4.872161776944444,247.2683760077777,0.0
59c1e9a4-86d4-497e-a86d-203f837e7379,27.75521878333333,32.24478121666667,14.533656697777777,0.0,431.0059110138889,0.0
3b57c75c-34cb-4697-b2de-612e0beb4823,18.03343991666667,41.96656008333333,6.287943971111111,4.712056028888889,248.39194983388893,0.0
3863ef66-4623-4986-aa86-63540dfca6f2,24.620792616666666,35.37920738333334,6.397721292777778,4.602278707222222,249.17023501027776,0.0
6761bad4-0440-4a36-8a42-3ffe8bb94bd8,42.64502661666667,17.35497338333333,13.514323509722223,0.0,334.2715841455555,0.0
465d2715-ad48-49e8-b734-916643473456,34.135315999999996,25.864684000000004,6.556303003611111,3.9436969963888884,214.24715157333335,0.0
2e9dc7d8-85f4-4cb1-b72b-977df5a05170,22.782377049999997,37.21762295,6.366987111666666,4.633012888333334,248.9542400855556,0.0
4e9fdd12-9de6-4151-afb1-7b4b527ac2a4,21.507825866666668,38.492174133333336,11.827790411666667,2.1719318105555554,374.43783462305555,0.0
77bd453c-218b-4f20-8265-2123f6779f41,17.102848783333332,42.897151216666664,10.184284108888889,2.315715891111112,339.3466091144444,0.0
104c6e2a-5377-4fc9-8822-a118d7868d7c,0.0,0.0,0.0,0.0,0.0,0.0
c31cc191-5032-4a9a-a18a-f5fa4af33483,0.0,0.0,0.0,0.0,0.0,0.0
28b7a3ec-6926-4a8b-ab2b-5b1f4b55f1a1,28.461682616666668,31.538317383333332,6.461982359444444,4.204684307222223,247.6486509177778,0.0
6503b988-d21e-46c1-ab71-7109cdedfa84,10.421344633333332,49.578655366666666,6.160870431666667,4.505796235,245.4990395072222,0.0
06ab3e18-1b73-461a-8c53-68ddcbbd997e,0.0,0.0,0.0,0.0,0.0,0.0
c62a7bfd-5d07-4cd4-a962-01a4844d20e3,4.632238733333334,55.36776126666667,6.064235334166668,4.602431332499999,244.7999097269444,0.0
3abe77b7-4be5-469b-bb77-ed748de1aeeb,7.967016766666666,52.03298323333333,11.382279553611111,2.117442668611111,348.61116664,0.0
4f2b8d0a-79bb-4925-a83c-37b34d753b01,4.828662483333333,55.17133751666667,6.067602446944445,4.599064219722221,244.8223519475,0.0
a9edfd00-83c9-47a2-9087-c406f1c242e5,0.0,0.0,0.0,0.0,0.0,0.0
dc256c1c-0727-4a06-b7ac-c8c79a5fef79,15.536849516666667,44.46315048333334,6.2462564425,5.2537435575,338.24347174083334,0.0
dfaed1b6-cda1-4514-9079-79bef777f622,0.0,0.0,0.0,0.0,0.0,0.0
9dc9895f-b202-431a-a6aa-16eb8723d5d7,5.43441555,54.565584449999996,6.077739993611111,4.422260006388889,243.89700201166667,0.0
dcd036e6-ba2a-48c2-838b-6b658801bb3f,0.0,0.0,0.0,0.0,0.0,0.0
3fcade3c-fb69-48dc-b38f-e7a1868f5d0e,0.0,0.0,0.0,0.0,0.0,0.0
4ed0cf64-5e02-4b24-9e4e-8b83861ea629,0.0,0.0,0.0,0.0,0.0,0.0
d6d980e0-27e8-40ff-992f-bf19c9f1cb86,41.37116691666667,18.628833083333333,12.466185396944445,1.5171479363888891,353.1241875919444,0.0
a9d56f89-0a00-401b-9c7b-6be813f954c6,10.489696433333334,49.51030356666667,11.44840787611111,2.534925457222222,357.9306768591666,0.0
1b6ab0a1-a7d5-400b-9dc9-a7ccec35e6a9,23.02000071666667,36.979999283333335,11.861103008055554,2.122230325277778,365.63853742666663,0.0
79b0012d-3276-4434-9988-af0d7353988b,4.0878217999999995,55.9121782,9.751112579444444,2.7488874205555556,337.6287771516667,0.0
d85e6f8d-6748-4319-99b6-4c3fddd8f639,27.722810499999998,32.2771895,15.0494778825,0.0,435.5038118727778,0.0
43ae85d3-2993-44c8-9dde-1ca4aec5edac,22.915745883333333,37.08425411666667,17.391188075277782,0.0,514.9510653719444,0.0
82f852ab-bcfc-49a6-b8a4-10a5ce585c26,0.0,0.0,0.0,0.0,0.0,0.0
1eed1b19-49c1-49c4-8033-9e71e2bafd3d,0.0,0.0,0.0,0.0,0.0,0.0
2aadc988-1be1-427b-baa0-bb14d2e44948,20.148942766666668,39.85105723333333,6.323238078888889,4.343428587777777,246.6494432783333,0.0
66d24c7f-2d10-4fa6-a72c-55e1ed70275f,16.611464183333332,43.38853581666667,6.264108827777777,6.235891172222223,331.43987356750006,0.0
021d0906-a2c2-4c3d-8920-085fb075879c,0.0,0.0,0.0,0.0,0.0,0.0
a858f1f0-efd6-4df3-892e-3d1aa6680189,12.231957450000001,47.768042550000004,17.04029560388889,0.0,513.4657001622224,0.0
38ad61f2-a790-475d-a3f1-1c24336608aa,31.5790086,28.4209914,6.513675127222223,4.486324872777777,249.34323317138887,0.0
40632bbd-78d8-48c1-96d1-f4b088314b65,19.591707116666665,40.40829288333334,17.28330895472222,0.0,514.4169155555555,0.0
d41d8b69-5425-4f96-bf63-721c42c83dd0,29.657957383333333,30.342042616666667,12.094952661111112,1.9047695611111097,348.5657253463889,0.0
dcc52dcb-7e9f-4014-be01-338a0886f5fa,6.4436776,53.5563224,6.094645126388889,4.572021540277778,245.01499391722228,0.0
ac5ea969-8f43-4cdf-9745-4a98028a949e,20.37142031666667,39.62857968333333,6.326818054166667,4.673181945833333,248.67098698,0.0
07c97831-a322-433b-8a05-2eb23ec5c459,32.4749648,27.525035199999998,12.189318681111112,1.8104035411111101,354.9487972691667,0.0
68f52e5a-3d6e-44e3-a002-cbfeec6a4d2d,0.0,0.0,0.0,0.0,0.0,0.0
9845e808-5530-4fc4-ac0d-f86da2b5d168,0.0,0.0,0.0,0.0,0.0,0.0
25f2c4c3-05f6-4954-82e6-07421e454528,0.0,60.0,9.0425715175,4.623817371388888,269.7059858758334,0.0
f94d54ba-9a35-4cf7-9df3-d672721ce377,0.0,0.0,0.0,0.0,0.0,0.0
ee36f53d-de2f-4939-b95e-2d976d606d80,32.25606703333333,27.743932966666666,10.681361430555556,1.818638569444443,108.936447505,0.0
65481df2-caa4-4a19-9e2c-8eb77e667c92,0.0,60.0,3.0008301986111108,10.165836468055556,289.7752069086111,0.0
d6fbc481-470c-4a8b-9a0b-9c6235d1d99e,9.486537516666667,50.513462483333335,11.432015772222222,2.067706450000001,325.5715722002778,0.0
0b5d3b31-6493-474b-9ef3-0b7447756616,24.298054333333333,35.70194566666667,6.392373004166666,4.607626995833334,249.1385571888889,0.0
53bd3b0e-c57c-4c68-b66f-099aab72e562,0.0,0.0,0.0,0.0,0.0,0.0
c291b8b9-70df-4f88-8d0e-53ab5ab861d8,0.0,0.0,0.0,0.0,0.0,0.0
248aab77-f662-4e58-bca7-f702f742d871,0.0,0.0,0.0,0.0,0.0,0.0
2d345027-e385-4d9d-9936-197523cbe4f1,27.897461116666666,32.10253888333333,6.452387376944445,4.547612623055555,312.8502050513889,0.0
505fce9f-eaa9-4d7d-b8f0-1ac14e7177b6,7.61159975,52.388400250000004,9.868968125,2.6310318749999997,328.37924419222225,0.0
9bd7eda7-0bfc-4565-9471-061f680f2847,17.746201733333333,42.25379826666667,6.283019572222223,4.716980427777777,245.37059310555554,0.0
2105b641-db38-4f8d-93a7-26f269a74327,18.219921250000002,41.78007875,6.291026587777778,4.708973412222222,245.42927561999997,0.0
ea26a67e-0d01-4cdd-9487-659e6d43f445,31.05123455,28.94876545,11.11017818222222,0.0,304.6561212080555,0.0
8e1b4a5d-bcfc-4a43-bd46-79c713c702ec,28.388433983333336,31.611566016666664,12.053546791111112,1.9461754311111104,354.38451707750005,0.0
094bc999-9283-4d07-a937-16fbd3fe47f6,39.63027506666666,20.369724933333334,11.402486404444442,0.0,297.33247954,0.0
aee36120-f012-4320-ae54-d0112cd383ae,11.386289933333334,48.61371006666666,10.328182301388889,2.5051510319444446,340.90815705666665,0.0
09618efb-e8c3-44f3-83f2-5bdba16aedd5,0.0,0.0,0.0,0.0,0.0,0.0
76c445ef-3f6f-4597-b7b4-8317282d664d,41.91836421666667,18.081635783333333,6.684706788055555,3.9819598786111117,249.21362921777776,0.0
2b082223-c375-4384-afc5-4f9e7cf0e005,15.5048964,44.4951036,6.245635341944445,4.754364658055555,248.1061181338889,0.0
b9f82035-2d7c-4d12-a5c6-8f1b65d5fdb1,6.4109059,53.5890941,16.84599203166667,0.0,512.6489671588888,0.0
5f6a9be2-a3e2-49c8-a46c-48f778417ee9,32.895962000000004,27.104038,11.0362150325,1.7971183008333336,343.8312360188889,0.0
1a61dd95-de99-49f3-b4cb-2121d6b06d44,5.89679495,54.10320505,6.085381736944444,4.414618263055556,245.5672489975,0.0
c308103b-7f0f-4438-8e44-d72c3d4109c6,0.0,0.0,0.0,0.0,0.0,0.0
94cfd25a-abbb-407c-9aec-6f74ec7f5f50,33.72868141666667,26.271318583333333,10.730746834722224,1.769253165277777,341.7132877902777,0.0
3fff565b-6362-4a24-991a-8824b58329c8,40.11251661666667,19.887483383333333,6.655700879166666,4.344299120833334,248.0309004780556,0.0
e3de046b-aada-43bf-9a02-016a4cb5dbdc,33.45788186666667,26.542118133333336,14.722206779444443,0.0,431.6496886530556,0.0
f462e19d-77ba-43f6-aae6-41bfaaddcbfd,4.833897983333333,55.16610201666666,11.260097656666668,2.7232356766666657,348.1344479419444,0.0
2e799ce5-4242-490e-b17c-b699ef5c871e,41.44476395,18.55523605,12.467663783888888,1.5156695494444445,368.1479786244445,0.0
74c41600-06b0-43e5-9b82-6d7b2d6f6ac6,6.05388865,53.94611135,6.088230029444444,4.411769970555556,243.94545026527777,0.0
7295b968-7dd7-4868-8350-bbe4a781eaed,18.06647298333333,41.933527016666666,6.288460012777778,4.711539987222222,248.3972845666667,0.0
e0cd42b0-ae8c-44c1-a7cb-11ffb821029c,0.0,60.0,0.0,11.0,0.0,77.0
37406d01-540a-4376-97df-a9878fceaba8,0.0,0.0,0.0,0.0,0.0,0.0
42cc2fa6-500d-4464-b2c1-81bb255c7a77,0.0,0.0,0.0,0.0,0.0,0.0
5b44418f-40b2-4d13-b484-02ce648e5c68,31.680055333333332,28.319944666666668,14.663017900833333,0.0,431.4458516472222,0.0
6111b692-f3df-44cc-a183-13efd5b51197,18.081136766666667,41.91886323333333,11.699509925555557,1.7838234077777775,349.9279482936111,0.0
5eaff432-fd9c-4362-8431-8cc02950d6a3,29.234424349999998,30.765575650000002,14.582356208333335,0.0,431.1697609566666,0.0
4f24f4ac-0fdb-4a95-a0c5-073ca9d1a0a6,20.168132916666664,39.831867083333336,17.301564941944445,0.0,514.5707039180555,0.0
85456dcf-2b6d-4d7e-a16a-ba5c413493d9,8.610432699999999,51.389567299999996,11.3854529475,2.0978803858333332,348.6276369216667,0.0
1da779e0-4ea4-46d8-8472-7a8d1fe2bd58,33.88186236666667,26.118137633333333,6.552088455555556,5.031244877777777,231.36883027361114,0.0
d9049e17-4f76-4a27-abbc-01d0c029966b,38.95274405,21.04725595,6.640990266666667,2.8590097333333335,241.87896253277776,0.0
70fff745-cd3e-4589-af31-833b80d510d7,30.130047466666667,29.869952533333333,12.111418391666668,1.888303830555554,366.6039583872223,0.0
83b5cc8d-5d48-40ec-8f5e-f28796005c25,0.0,0.0,0.0,0.0,0.0,0.0
e9024ecd-a311-4754-9e8b-73ff30150924,37.50272398333333,22.497276016666667,10.857009726388888,1.6429902736111115,344.12480184944445,0.0
a344d289-12e2-4b6e-9885-2f9aa66acafe,0.0,0.0,0.0,0.0,0.0,0.0
1eb5a04d-bbf9-4c24-9448-7ed253efde2f,0.0,0.0,0.0,0.0,0.0,0.0
1156a33e-c1d2-470f-b28a-2b77418ae23d,38.3133156,21.686684399999997,6.626333852777778,4.040332813888889,239.83485689861112,0.0
64582f59-fa51-4151-bd0b-91e5ff8b7c45,0.0,0.0,0.0,0.0,0.0,0.0
acab3e3c-6354-41ba-9cd7-94f83b43c5cf,0.0,0.0,0.0,0.0,0.0,0.0
84993347-058a-4e0a-9433-5ed7b579aaa4,0.0,0.0,0.0,0.0,0.0,0.0
fb5d4428-9c5c-41e4-8af2-6a1e7b07d0fd,24.7470612,35.2529388,11.916609536666666,2.0667237966666674,365.8689665555556,0.0
33ff353b-7c77-4c2f-b3bf-4a2a1428ecd9,28.828408000000003,31.171591999999997,12.050137558888887,1.933195774444446,366.4336541502778,0.0
c0563a3e-e110-43af-89ec-d32b31db6490,0.0,0.0,0.0,0.0,0.0,0.0
8ff3f8a4-1156-4d2b-ba64-924b608a0618,5.3093171833333335,54.69068281666667,6.075631855833333,4.424368144166667,243.86914883055556,0.0
67d400ed-6169-4864-8e9a-c3683ac7262f,43.21220045,16.78779955,11.515819572222224,0.0,299.3013899713889,0.0
0cb41153-7e91-4952-8e41-97ca90ad50a2,0.0,0.0,0.0,0.0,0.0,0.0
a9530e1b-d375-4795-a611-1f17d3f6f26c,0.0,0.0,0.0,0.0,0.0,0.0
1e307901-2ea2-445e-b6e5-64a33efa3bc6,34.79469138333333,25.20530861666667,11.26598655138889,1.7340134486111107,347.32301101055555,0.0
291bd814-b6a9-447c-bd63-da5f5961c2c8,36.269759349999994,23.730240650000002,6.5920494072222215,3.907950592777778,264.6517046680556,0.0
18ed6394-580e-46ae-a6c4-415c9fee0a68,38.30178876666666,21.698211233333335,6.626058076944445,4.040608589722222,248.82059011361116,0.0
5a754edf-df2a-4701-88d6-34def56b02aa,13.394818366666668,46.60518163333333,17.078951781944443,0.0,513.5622510208333,0.0
1265e7fb-5374-4bf0-8a09-f6ce0fbd0ee4,21.4090352,38.5909648,11.825215792499998,2.174506429722223,365.4230100622222,0.0
2398c429-0cf0-4e6d-bf5c-5b1fe7cb2845,0.0,0.0,0.0,0.0,0.0,0.0
4966ced9-5774-4d86-b8ad-a076b8723c20,0.0,0.0,0.0,0.0,0.0,0.0
f1ccff15-0a3a-4862-904d-bf97e87a7c52,0.0,0.0,0.0,0.0,0.0,0.0
23ae0fef-a5cd-4a37-9a56-b163813035e6,13.90309485,46.09690515,6.218862998888889,4.447803667777778,245.91137687166673,0.0
803922a6-4ff1-4cc9-8d2e-1efacb8e6e3a,23.325435083333332,36.67456491666667,6.376309503611111,4.623690496388889,249.03617918722225,0.0
9b14143a-91ec-4e57-8b14-8e32ae3a68dd,0.0,0.0,0.0,0.0,0.0,0.0
8b05153d-8403-45a6-8e0c-a40efe6bd5cb,6.57973495,53.420265050000005,6.096690346388889,4.903309653611111,247.02957193055553,0.0
3e6a4976-bb58-40b9-a2be-37b5ef78e6f1,20.726040333333334,39.27395966666666,10.302593556388889,2.1974064436111114,339.9154472202777,0.0
a0f6b38a-7ccc-46fa-9ed9-ef4fa134ba52,18.558178783333336,41.44182121666666,13.232814879444446,0.26718512055555443,404.2345179547222,0.0
90f09793-e6a6-4dec-a1f7-516b9777eb99,38.0646239,21.9353761,6.622108247777778,4.044558418888888,248.76526049083336,0.0
c0ffafd1-0c41-4d13-82fc-f2aa9e033f3d,0.0,0.0,0.0,0.0,0.0,0.0
368d8cc2-f1ec-40df-9dec-618232391f2e,0.0,0.0,0.0,0.0,0.0,0.0
c28f2d5a-8e02-4b37-ab99-bba402d96b12,0.0,60.0,0.0,9.75,0.0,74.74944444444445
35ae94d0-e2ef-4aa6-bcfe-cae4df5b0bc0,17.87731285,42.122687150000004,6.285213681388888,4.381452985277778,246.39172164527778,0.0
4dcb61cc-91ac-4457-9e2d-2ffcec7ba3bd,41.33778651666667,18.662213483333336,10.980576651666667,1.5194233483333341,342.73452870833336,0.0
6e6a0f42-331b-4c76-b7b8-3e38ef711f18,35.01547593333333,24.98452406666667,9.773380543055556,1.226619456944445,289.4275444061111,0.0
2f8037a0-b519-4ba0-8efd-31e9aa260be9,0.0,60.0,0.0,11.0,0.0,77.0
0e492798-c008-4a44-94ad-ec799e2bfa5d,0.0,0.0,0.0,0.0,0.0,0.0
9db9935b-b21a-4084-851e-ed6e21096543,28.606487566666665,31.393512433333335,11.060588882222223,1.9394111177777773,346.468848606389,0.0
434061a0-cfb1-4e74-b521-49cad2d5cf2b,39.26658093333333,20.73341906666667,10.920355207222224,1.5796447927777768,331.24275303388896,0.0
01bba31b-d858-4fc2-9768-47b9bc394441,0.0,0.0,0.0,0.0,0.0,0.0
b9fc8a4e-d753-4850-a494-c29a03794d42,0.0,0.0,0.0,0.0,0.0,0.0
66aa3d2b-fc8c-4a5b-9e47-4102cce2de2d,33.49148705,26.50851295,11.055897313055555,1.7774360202777786,343.9138378191667,0.0
cfd6d5bf-d404-433d-8596-72c62a8fe5d3,0.0,0.0,0.0,0.0,0.0,0.0
72aef997-14ae-45e2-8ebc-2e6ff4059e01,0.0,0.0,0.0,0.0,0.0,0.0
200b8a83-ac57-4862-8135-0eb1e90930b4,0.0,0.0,0.0,0.0,0.0,0.0
afcd0e1f-a8dc-4f43-b665-74921473be47,0.0,0.0,0.0,0.0,0.0,0.0
638a06b8-6a75-48d5-a943-54bc05f573cc,21.747379083333332,38.252620916666665,6.349791549166667,4.3168751174999995,246.8519592875,0.0
b117361e-92d7-4d6c-9ad7-b7f887c9c021,12.76791665,47.23208335,17.057484293055555,0.0,513.5382636566667,0.0
f7315382-429c-41d5-8537-1c8922fd850c,19.59098655,40.40901345,10.265386246111111,2.2346137538888877,259.79438379083336,0.0
63e2f724-48a5-4599-8cc0-5b779f9bf762,25.727875200000003,34.2721248,11.948743778888888,2.0345895544444446,366.0014723688889,0.0
133ab296-520a-409b-b381-18178bc0b2fb,0.0,0.0,0.0,0.0,0.0,0.0
098e5a0d-9cb3-4dcc-a1cc-2bd7677ed9c7,0.0,0.0,0.0,0.0,0.0,0.0
18606b1d-fa73-4ae2-992a-bc148c752505,0.0,0.0,0.0,0.0,0.0,0.0
f1c8d9fc-c386-45ab-bd13-bb0bad43d7af,40.51901148333333,19.48098851666667,11.426681999444446,0.0,297.43596307805564,0.0
3a919bbe-22a1-4cd9-89ae-5830837078e7,11.113434683333333,48.88656531666667,6.172428354722222,5.660904978611112,248.94144780388888,0.0
bd3de5ab-89e2-4416-896f-2120a5b5528d,0.0,0.0,0.0,0.0,0.0,0.0
b1489119-cbe1-4327-8d8d-dd5ed68d59ec,0.0,0.0,0.0,0.0,0.0,0.0
2e43ed52-caa2-485c-a085-8f61d0e984d9,12.039379616666668,47.96062038333333,6.187620361388889,5.312379638611111,247.69167130083332,0.0
fab54695-0d3a-47cf-87c1-a074b5ec222f,0.0,0.0,0.0,0.0,0.0,0.0
ae2483af-617e-484a-9f03-1bb4f8fca65e,17.81328351666667,42.186716483333335,6.284141502777778,5.215858497222222,248.3837103686111,0.0
30bffd19-70c3-492e-9099-963c4c664265,0.0,0.0,0.0,0.0,0.0,0.0
899c10d3-e06c-42f2-8ea3-bdb9d7ffcdb1,30.48327456666667,29.51672543333333,12.135486697222223,1.8642355249999996,366.7044127233333,0.0
524e7ebc-604f-4e3f-a47b-62c855d45296,19.360426949999997,40.63957305,17.274977691944443,0.0,514.410774143611,0.0
a6c53cb7-049a-40af-bccb-6527402de547,30.656625566666666,29.343374433333334,12.128715250555556,1.8710069716666657,357.68798121277774,0.0
81efe672-70f3-4e5b-8b06-777dae0d5864,19.0159378,40.984062200000004,17.26351277222222,0.0,514.3388068391666,0.0
a80ac32b-614a-455b-89b6-cec65c167620,16.89937765,43.10062235,6.268897656666667,4.731102343333333,248.26656377777778,0.0
77a3213d-e29a-44ec-9a41-eca0c1ef9d3e,12.363001216666667,47.63699878333333,11.510296621666667,2.473036711666666,364.1655714516666,0.0
9c6eea83-f1ef-47fb-ba14-34fa98cc55d1,28.91375706666667,31.08624293333333,10.070470384444445,1.929529615555556,337.54524740749997,0.0
bc638189-13f1-4f83-b1d6-d3ceecf2c6e8,28.692733283333332,31.307266716666668,6.465648749166668,4.034351250833332,234.68297702666666,0.0
9f21d406-65e5-4af0-bba4-36b5c2191087,40.53403743333333,19.46596256666667,11.176952474444446,0.0,321.6633604788888,0.0
04462056-c979-46a1-bd3b-f1ed1dad404b,6.744580366666667,53.25541963333333,9.84069867722222,2.6593013227777798,339.9911620683333,0.0
ad86629c-2909-4cea-bf15-5b9685fcb616,11.576930216666666,48.42306978333333,10.334227315277777,2.499106018055556,340.9285753155555,0.0
f83ee45f-6735-4679-9b8c-1fd83ac1d9ee,0.0,0.0,0.0,0.0,0.0,0.0
e414e09e-7155-468f-bc6e-dbaf12cbc4ac,6.003663633333333,53.99633636666667,6.087065062222222,4.412934937777778,261.0371625911111,0.0
b991edbc-8c4c-4ae0-9a6f-d9c41a6fca2a,0.0,0.0,0.0,0.0,0.0,0.0
480e3926-9c38-4fe4-8474-a71ce3f5b2c5,0.0,0.0,0.0,0.0,0.0,0.0
429501f3-5406-49cc-9717-55a7168ca08d,6.2907227,53.709277300000004,6.091858237777778,4.408141762222222,226.82441502916666,0.0
e2d11eb7-9ee7-46ac-8cc2-c2920a77f62b,0.0,0.0,0.0,0.0,0.0,0.0
1486afdf-8421-4447-8f09-271b54339e36,0.0,0.0,0.0,0.0,0.0,0.0
be4e4962-e131-42a4-9038-185d88d1cbea,0.0,0.0,0.0,0.0,0.0,0.0
db1a79a1-0900-4ea1-a7d2-059695dd0e08,0.0,0.0,0.0,0.0,0.0,0.0
05e1765c-23c2-4328-b480-720f4eb0216a,6.612557216666667,53.387442783333334,20.889356079722226,0.0,600.7797365,0.0
c3b37dc2-2975-4d71-9cb2-3642d49c2d15,12.289546316666668,47.71045368333333,6.1920018430555555,4.4746648236111115,245.7221407863889,0.0
0b543008-ece8-4811-94b7-243f3ee445d6,38.04711141666667,21.952888583333333,17.390846305833332,0.0,651.7701770491667,0.0
98d52fcf-9f0d-4df9-a6fc-3fb593286cdb,8.152380483333333,51.84761951666667,11.370796027777779,2.612537305555555,348.6028556052778,0.0
08af04ec-1d39-4792-9cb5-81a483348277,37.99449718333334,22.005502816666663,6.620982915,4.045683751666666,248.74906251611114,0.0
31585049-e145-41cd-82a0-35c640aa07ae,35.77283925,24.22716075,12.132833693333335,1.700499639999998,339.24223704888885,0.0
97f174ce-da22-42df-ae08-619a78ece4fa,0.0,0.0,0.0,0.0,0.0,0.0
cfcbb207-d714-454b-b911-eac8ef2f69d7,29.624416383333333,30.375583616666667,12.09408632888889,1.9056358933333326,354.55390530388894,0.0
5737d2ef-1296-43ec-af72-3a1b0ad6c28a,0.0,60.0,0.0,10.416666666666666,0.0,75.41666666666667
e667c064-d23c-4dbd-82cd-8b55f7267fcb,0.0,0.0,0.0,0.0,0.0,0.0
d89e5b97-3722-454e-ad23-142886f3ae32,0.0,0.0,0.0,0.0,0.0,0.0
c5935bc6-7dbc-43a9-b383-4b6827aba7c7,7.136776233333333,52.86322376666667,9.853504844444444,2.646495155555555,318.3248138747223,0.0
62c962bf-64bb-45da-ab98-86c1fdf87246,0.0,0.0,0.0,0.0,0.0,0.0
9d61846b-e534-4e11-b7f6-15ab5f5eb082,0.0,0.0,0.0,0.0,0.0,0.0
115284fb-c230-4471-b59a-6ad82a603088,0.0,0.0,0.0,0.0,0.0,0.0
bde8333e-2e73-498d-a4cb-df5972476205,9.622779366666666,50.37722063333333,6.147657500833334,4.352342499166666,244.37819905249998,0.0
d960338f-8248-46bb-8998-2232752c82f6,0.0,0.0,0.0,0.0,0.0,0.0
d42a6279-253a-41ee-b665-63ce8141b113,0.0,0.0,0.0,0.0,0.0,0.0
a8bf9ee9-babb-469f-917c-8a638579b695,30.11327418333333,29.88672581666667,9.624406630000003,1.8755933699999978,334.2691083886111,0.0
206d0fd6-196e-4500-85da-68eb7a5a381e,28.962380833333334,31.037619166666666,17.588678888055558,0.0,515.7987854763888,0.0
01da0a2e-7341-448d-a66f-920fccd80e37,32.085849116666665,27.91415088333333,9.676148424722225,1.8238515752777755,336.4846404030555,0.0
b8f8b20d-a8f1-4fa6-8f11-8e371e06d16c,0.0,60.0,0.0,11.0,0.0,77.0
85690cbd-c8da-49e0-b0eb-d6302eff0e0f,19.8053392,40.1946608,17.28997162,0.0,514.4636315119445,0.0
4584e4fe-de61-4402-a6b7-db50863fefdf,36.89590845,23.10409155,10.836365721388889,1.6636342786111102,344.0397648827778,0.0
4bf22749-3f8c-421f-9ecd-20c5402848b0,0.0,0.0,0.0,0.0,0.0,0.0
fbf38bdf-ff1c-4221-9442-7c13c72579fb,0.0,60.0,0.0,11.0,0.0,80.99944444444445
cf30ad0f-a305-46d9-92ef-4af5222d9bf7,29.5055033,30.4944967,11.090166928611113,1.9098330713888876,361.57708662277776,0.0
b2b3b8fa-0b8e-4243-b15b-316d73d111c2,0.0,0.0,0.0,0.0,0.0,0.0
9d07beef-b640-40ed-b291-c2cfea2bd1f5,38.969636916666666,21.030363083333334,6.641586606388889,4.358413393611111,249.432719015,0.0
610a4386-0630-40a8-b4fd-f884b951d2bf,0.0,0.0,0.0,0.0,0.0,0.0
d24be012-291e-4d57-8127-a52ec901b2ad,0.0,0.0,0.0,0.0,0.0,0.0
e7da3371-26c8-40bd-8e72-72b02ce5e59e,0.0,0.0,0.0,0.0,0.0,0.0
8470d787-d7a4-40b1-bf64-6248f2f27e79,4.0039585833333335,55.99604141666667,9.748869480277778,2.751130519722222,339.6128441411111,0.0
ddc792a6-d8e8-4eb8-804c-9e822a6993eb,32.945211916666665,27.054788083333335,12.188101826666667,1.7952315066666658,367.0003782652776,0.0
f63a2db2-b1c9-47d7-99b7-4b1252528458,25.94215386666667,34.057846133333335,11.95882402138889,2.0245093119444433,366.0496871438889,0.0
13ba1680-52de-4a0a-88a8-cebc0b0446cc,0.0,0.0,0.0,0.0,0.0,0.0
afb4d44f-8005-4ac9-ba2b-0e10700679fa,45.09608095,14.903919049999997,11.326696976388888,0.0,318.25106730527773,0.0
9e150c05-e66d-4dc4-a93a-7aaa6922c187,0.0,0.0,0.0,0.0,0.0,0.0
e1665084-d5f4-4006-9c07-203ccf933bce,30.098233683333333,29.901766316666667,6.4893273125,7.510394909722222,348.994509103611,0.0
3b4b47f2-183d-4876-8a81-3347d8887302,24.741156450000002,35.25884355,10.434088725555554,2.065911274444445,342.39232606499996,0.0
37d3df76-5d7d-4ca7-acc1-08ea73fea480,0.0,0.0,0.0,0.0,0.0,0.0
a6c90d09-3860-4605-9d66-010d948bdf9f,4.866493,55.133507,16.79578053138889,0.0,506.43286268611115,0.0
a0a31b95-d9bb-495b-83fc-108ff32708c9,26.996642950000002,33.00335705,10.506663383055557,1.9933366169444424,342.7858646461111,0.0
cde9b22e-3d8f-43b3-818f-4e0aba3ad5f6,32.63984096666667,27.360159033333332,11.027403600555555,1.8059297327777777,343.80229024944447,0.0
1c6a8874-2acd-4cda-a29d-8906d1e56994,0.0,0.0,0.0,0.0,0.0,0.0
88f4a0f8-2168-44c1-8540-77d9c75178ce,11.353340050000002,48.64665995,10.326475278333334,2.5068580549999995,340.9018223930556,0.0
0430dd56-c95b-405b-8fc2-3c4dda8b8367,0.0,0.0,0.0,0.0,0.0,0.0
e692650a-0d9d-47e0-bdc4-02db0c1f5035,0.0,0.0,0.0,0.0,0.0,0.0
b6a66c4e-9ac5-426f-a901-d7a053a4a36c,6.833001366666666,53.166998633333336,6.101218021111111,4.898781978888889,247.0643702233333,0.0
512afd4d-3a8c-43ee-ac05-f70f786778aa,0.0,0.0,0.0,0.0,0.0,0.0
ed574fb4-14b3-40f5-842e-07cf1077d842,0.0,0.0,0.0,0.0,0.0,0.0
b982a786-1f5f-4e8c-8cdd-974a4d6eea47,8.3609472,51.639052799999995,11.37813388111111,2.605199452222223,348.63023817111116,0.0
ca9e07ff-d79b-4e06-b10f-d31ba130775f,11.666723083333332,48.33327691666667,17.020604496666667,0.0,498.3878712805556,0.0
b8d52bde-de0c-415e-979d-f41b42ef884c,20.693534616666668,39.30646538333334,6.332275427222223,4.334391239444444,246.7210565972222,0.0
b681a138-c2f0-410f-8171-9bf1be8f6b56,0.0,60.0,14.134275613055557,0.0,430.9060744991666,0.0
e2d91feb-3e5a-4e49-9fa5-108528b28ff0,0.0,60.0,0.0,24.0,0.0,168.0
22f08335-3caf-4e04-9b37-6f614be33297,4.5310098000000005,55.4689902,6.062822131944444,4.6038445347222225,244.78572622000002,0.0
88cf02d2-6352-49f5-bde5-df0e3bf01bbf,14.58947085,45.41052915,17.119826453055556,0.0,538.7129875574999,0.0
ad70d0a7-08f8-4c1c-aebe-256d5f4d78b5,17.114938783333333,42.88506121666667,10.184957219722222,2.3150427802777793,339.3527918469444,0.0
e0b77406-f45e-4497-8a31-b14f9f29e7b4,0.0,0.0,0.0,0.0,0.0,0.0
1e76a537-fe7e-49fe-bc22-4b2a7b5cff0a,15.696178866666665,44.30382113333334,14.652521336944442,0.0,433.79437817749994,0.0
0525f62a-753f-472f-8f69-51d4c61fc257,0.0,0.0,0.0,0.0,0.0,0.0
2f5c1898-f025-4c14-9f2e-b83c4b57d0e2,19.689251633333335,40.310748366666665,17.285825269444445,0.0,514.4288926788888,0.0
dda82fcd-56f1-4dd2-b3fb-c004b121ed5a,38.02956681666667,21.97043318333333,6.621541767777779,4.045124898888888,239.79818885333333,0.0
5ccce930-a15b-4f14-a79a-a907f669ee18,30.554899016666663,29.445100983333337,11.125912022222222,1.8740879777777788,349.66987467666667,0.0
6a7d3b34-34b1-497d-b868-ff98372f4097,0.0,0.0,0.0,0.0,0.0,0.0
68d5caea-4ffe-435b-ac66-1c89fdc39a1a,0.0,0.0,0.0,0.0,0.0,0.0
adc9672e-23c4-4f7d-8416-a96504325c30,13.166413266666666,46.83358673333334,17.071322781388886,0.0,513.5364063919444,0.0
69d0b78f-7958-4d94-b6c6-dcf956888755,0.0,0.0,0.0,0.0,0.0,0.0
48223b72-7d56-4903-8261-08196263df5c,5.1897251833333335,54.81027481666667,6.0735523888888885,4.9264476111111115,246.86714512194445,0.0
3d019cab-8405-46ed-9508-a3ba061c35e1,0.0,0.0,0.0,0.0,0.0,0.0
c44d099f-a7a0-4af1-bcb2-e12c6c213161,0.0,0.0,0.0,0.0,0.0,0.0
a1320b77-7b49-42f4-8ad5-90bc69a79cbe,26.8354917,33.1645083,11.004368466388888,1.995631533611112,346.24053127944444,0.0
6cde01bd-3eb2-4ed2-a63f-c7e253c97730,27.50726835,32.49273165,10.5263946975,1.9736053025000002,340.85200666055556,0.0
64134207-fac8-4955-a7e8-1c0b229e67ee,40.6149973,19.385002700000005,6.6630279083333335,4.3369720916666665,248.08837969333334,0.0
4f15ca09-00d1-4a78-ba2d-a0519d322344,34.15188873333333,25.848111266666667,14.745633001111111,0.0,484.28083974305554,0.0
0415b056-3528-4711-a237-77126336b89d,0.0,60.0,9.249293143611114,1.7507068563888868,334.71309321888884,0.0
8e8192aa-0edf-4725-ad29-9a9b7e32a4de,37.13383893333333,22.86616106666667,10.8445297525,1.6554702474999996,344.1765172961111,0.0
8a82a6aa-d7e7-44b9-a2f5-7b7c803fa393,7.7122682,52.287731799999996,6.1156027225,4.551063944166667,245.1657811886111,0.0
f1e79545-6b78-4a8e-a531-0150cfe5334f,0.0,0.0,0.0,0.0,0.0,0.0
52b737ee-8b7f-49c1-87bb-ec2b94860ebe,35.27147608333333,24.72852391666667,10.782282196944443,1.717717803055556,343.82840958888886,0.0
c612ff3f-ec01-4a11-8e15-67a83ddc7f91,0.0,0.0,0.0,0.0,0.0,0.0
ce384bbc-4aec-40da-b192-5d77cbee27c0,4.7330645,55.2669355,6.065929156111111,4.600737510555556,244.81031213555556,0.0
42ec6d1e-9085-4014-b4e1-56de3e62537e,0.0,0.0,0.0,0.0,0.0,0.0
ece870a7-836b-41a4-91ab-6e44ed124218,0.0,0.0,0.0,0.0,0.0,0.0
931d95de-03ca-4e8e-85d8-95a6bb9e5d67,0.0,0.0,0.0,0.0,0.0,0.0
9ed04d15-fd34-4ba2-8ab7-55d32d1c44c4,0.0,0.0,0.0,0.0,0.0,0.0
53e94744-f0f5-4813-9a8a-20f26070fc56,0.0,0.0,0.0,0.0,0.0,0.0
0cf52b1b-ab1f-438c-95f6-9583bd62b853,0.0,0.0,0.0,0.0,0.0,0.0
6521fe60-b424-4a29-9a9d-f6e595256931,0.0,0.0,0.0,0.0,0.0,0.0
2c3d06cb-331c-4069-92aa-7bf268166f70,14.64577355,45.354226450000006,6.231347858888888,5.268652141111112,264.0825514297222,0.0
e3eaf74a-a2cb-4ef4-a966-586491d01aa4,40.679554966666664,19.320445033333332,6.664098196388889,3.8359018036111108,245.09700962111108,0.0
dc235a18-b1ab-4363-a79c-56b8fb82d301,15.882128233333333,44.11787176666667,10.144459435833333,2.3555405641666667,339.2421420325,0.0
3f968e02-f6e0-4c6f-a528-3a94653f3b85,18.96244565,41.03755435,11.728619059166668,1.7547142741666661,350.0482205269444,0.0
925f2c15-a4ee-4cde-853d-9a79b40f00a4,0.0,60.0,0.0,11.0,99.00310300333332,0.0
42a9992f-9026-4914-be4a-61916d84b096,34.76145841666666,25.238541583333337,6.566779780277779,3.933220219722221,264.4780398394444,0.0
41952bbd-4613-490c-b1c8-ff76f8325486,35.40670946666667,24.593290533333334,10.786262053611111,1.7137379463888889,308.7120491333333,0.0
3e7fbaaf-f294-4b50-90fd-13138d8cfd1a,0.0,0.0,0.0,0.0,0.0,0.0
e472f3b8-613a-4db1-99de-dc2ab79f31e2,36.92997695,23.07002305,11.83792823388889,1.66207176611111,349.05350191833327,0.0
f684b326-7ca2-46bb-a29e-69fcdf527392,5.375007800000001,54.624992199999994,6.076649999999999,4.423350000000001,248.98714020277774,0.0
59fa09f4-e14c-4e79-8d56-5a16ac9901b8,0.0,0.0,0.0,0.0,0.0,0.0
1a7df5ad-23e3-45b9-80a2-c7e8de5a53bd,0.0,0.0,0.0,0.0,0.0,0.0
f5d3443f-f91d-4ec2-953e-48d0c87a7607,0.0,0.0,0.0,0.0,0.0,0.0
6136024d-3ae2-4ade-837e-405c226217bc,37.0619432,22.938056799999995,6.605459763333334,4.061206903333333,248.6753943225,0.0
b10c488a-9b33-49f4-9621-c227becf03cb,27.488651533333332,32.51134846666667,6.445637875555556,4.22102879111111,211.78142107249997,0.0
03904864-f270-42c1-b993-9710c911509a,22.541609933333334,37.45839006666667,6.363245847222222,4.970087486111111,205.92230608222224,0.0
6e35935d-c15e-4527-8cdd-edb0a3e74cb5,0.0,0.0,0.0,0.0,0.0,0.0
403e48e1-cee6-4459-bed3-265f0b839533,18.453245133333333,41.54675486666667,17.24540952972222,0.0,514.3214971525001,0.0
813f2a57-bc88-4baf-a5a8-0475ac2d4fa1,26.55781688333333,33.44218311666667,10.49282904277778,2.0071709572222205,340.7188306072223,0.0
bb166fd9-8edf-486c-80c4-dd3bc5211245,0.0,60.0,5.987182068333333,2.012817931666666,167.94809258527775,0.0
27051b53-fc4d-40d3-b234-410b3e5172d6,0.0,60.0,0.0,10.5,0.0,73.5
d65ed7b0-dd0a-4638-adfe-7b9257e392dc,24.388734183333334,35.611265816666666,14.47653779888889,0.0,506.18967866277774,0.0
2a29016e-edba-4ff2-86b5-05e8d5b0ba50,31.967983216666667,28.032016783333333,12.171468671111112,1.82825355111111,357.86475967916664,0.0
cae5a716-fba3-41b3-8776-fad487c21df6,29.742960516666667,30.257039483333333,11.098397662777778,1.9016023372222217,361.5562572633333,0.0
fa22ab08-0cf1-44a6-9409-30df3dffee63,0.0,60.0,0.0,11.5,0.0,80.5
a4152362-4f47-4391-9a3c-d97881dadbde,6.223685133333333,53.77631486666667,6.090777470277778,4.409222529722222,243.9879579636111,0.0
d608c50a-4725-4c02-bbaa-3771509914aa,26.8952739,33.1047261,12.003802069166667,1.9959201530555544,351.1840204533333,0.0
02d16654-0bcf-49e1-9e3a-019555d6795a,0.0,0.0,0.0,0.0,0.0,0.0
98eb78c5-65d1-406b-977c-421c73b538c9,0.0,0.0,0.0,0.0,0.0,0.0
abbc2f70-45cc-406e-99b2-5e2910e5af86,0.0,0.0,0.0,0.0,0.0,0.0
71ce7053-9052-4a70-944f-674f281017f2,0.0,0.0,0.0,0.0,0.0,0.0
5d53ddde-fffe-410e-95a1-04a0193b1f48,22.003084316666666,37.996915683333334,11.826717663333334,1.65661567,350.5117487758333,0.0
731005e8-7812-46a5-a7a8-84d53771a7e4,7.712258816666666,52.28774118333333,6.115541783888889,4.384458216111111,245.74220180499995,0.0
64d10664-07bf-41a4-95f7-c56b6af4270e,9.87793665,50.12206335,6.152118516944445,4.347881483055555,213.26789380638888,0.0
367230a5-11d6-4023-bdaf-9474ba2febaa,31.98623243333333,28.01376756666667,11.173574369444445,1.826425630555554,344.87789159,0.0
d88a8573-cfda-4188-9914-8c539a0e0723,0.0,0.0,0.0,0.0,0.0,0.0
fffa45a6-0bb6-4c88-8c55-532354e7db34,20.890605666666666,39.10939433333333,11.807515381388889,2.1922068408333324,365.3574827016667,0.0
c7db4587-2966-4ce3-bbf7-d797ec2920ef,0.0,60.0,0.0,11.0,0.0,77.0
dad90fbe-5f27-4155-9981-a1d90f52b700,0.0,0.0,0.0,0.0,0.0,0.0
7160362f-aea6-455f-82f3-da6dac1a3b28,0.0,0.0,0.0,0.0,0.0,0.0
d9999281-5e77-438f-b200-f432d444ee24,0.0,0.0,0.0,0.0,0.0,0.0
e07a4753-ac94-44f3-b4a9-4dd8d46581e5,30.5027679,29.4972321,10.62317532027778,1.8768246797222208,341.2458531405556,0.0
8ee2c1ee-524e-4fa2-b72e-79f6d5e18b9e,0.0,0.0,0.0,0.0,0.0,0.0
66eb664a-29f0-404a-94cb-f6ddfa8bb4d6,0.0,0.0,0.0,0.0,0.0,0.0
e070116b-1b7d-4c8d-943d-e4caa3b6d755,0.0,0.0,0.0,0.0,0.0,0.0
24d1b709-d66d-42ed-bc1f-f46c186c1092,0.0,0.0,0.0,0.0,0.0,0.0
1d9f723e-bd9e-4dc4-afa0-8cb2ac45540e,12.206258083333333,47.79374191666667,6.190632439444444,4.809367560555556,247.71500023833335,0.0
982a4756-42b3-4e29-ae84-27ee5f50977f,8.503328849999999,51.49667115,16.916677642777778,0.0,512.9367518136111,0.0
c16794b0-f64a-49c1-b441-e071769aa7d3,0.0,0.0,0.0,0.0,0.0,0.0
5637412f-9fc5-47ad-b16c-ecb255ae6cf7,0.0,0.0,0.0,0.0,0.0,0.0
86d8983d-409a-41a2-8e2b-c75985acf2bc,0.0,0.0,0.0,0.0,0.0,0.0
e94cc620-62fa-483a-9f59-71b6664136e5,0.0,0.0,0.0,0.0,0.0,0.0
aff1241f-ebc3-4260-8f7a-ec0de25d3a35,0.0,0.0,0.0,0.0,0.0,0.0
8ee44f72-23e6-4e32-a9c4-e5d5eb5497fa,33.86437926666667,26.135620733333333,10.734670662777779,1.7653293372222207,341.726829825,0.0
7778c0a3-c600-4bb7-b992-3a7ea1f3f42f,15.341138366666666,44.65886163333333,11.610140074166665,2.373193259166668,355.55816881027783,0.0
ec42a2c7-fa28-43f8-89f3-7d79b9908b40,28.810421683333335,31.189578316666665,12.067162004444443,1.9325602177777788,354.43956088583326,0.0
70db5d61-63db-4100-83de-d17143dc6c29,6.745148133333333,53.25485186666666,6.099519882222222,4.900480117777778,229.06669068277776,0.0
bb7980a5-e7b3-407b-9044-8c924f83be0b,15.186628350000001,44.81337165,10.121560720833333,2.378439279166667,341.0954154791667,0.0
53e2c25c-c665-4966-bacb-f4c9c9a28784,12.106850883333333,47.89314911666667,6.188943111111111,5.311056888888889,248.9671930736111,0.0
b040c148-43f5-414e-912e-8f2260f5de6e,0.0,0.0,0.0,0.0,0.0,0.0
1dd311bc-bf43-4a96-b594-bb34b30486c9,0.0,0.0,0.0,0.0,0.0,0.0
c2f20672-753e-4383-ab51-009a962ead08,0.0,0.0,0.0,0.0,0.0,0.0
9c3f2ec7-8348-4e2b-a8b2-273eaa9f1b16,0.0,0.0,0.0,0.0,0.0,0.0
7b53c76b-c7ac-41d2-91f8-bc3ae860bf02,23.874344866666668,36.12565513333333,17.42152001722222,0.0,509.0799215202777,0.0
d04e656c-a6b5-48a4-b6a0-09d7b681e953,7.679947333333333,52.32005266666667,9.871569153055557,2.6284308469444437,338.12478620222225,0.0
6b4b5739-f8d3-4fc8-b737-39fe8742db16,20.625048699999997,39.374951300000006,10.299426499444444,2.2005735005555573,341.90694606277776,0.0
f059773f-90e7-4458-bafe-f9a2ba3cd31a,0.0,0.0,0.0,0.0,0.0,0.0
875611e7-659b-4839-aa48-78588aa0f666,7.39057415,52.60942585,6.110155386944445,4.889844613055555,247.1284497522222,0.0
4675ab73-bc03-4f85-b717-d354205d65b1,0.0,0.0,0.0,0.0,0.0,0.0
e5b062d2-9a01-4f6b-ba9b-af469cfb9bb1,24.810777416666667,35.18922258333334,10.43643008527778,2.0635699147222213,342.4046892333334,0.0
79ec537f-b161-46e0-9a18-726e634842f7,14.2083397,45.7916603,17.10645512,0.0,513.6824133538888,0.0
b29a3ebc-49f8-4580-997c-9a1b0f323fcf,0.0,0.0,0.0,0.0,0.0,0.0
1bee4f61-32b6-4957-bd43-f7ed4f371e5c,0.0,0.0,0.0,0.0,0.0,0.0
8b761505-c20a-4e34-b29a-4932e06dd03e,0.0,0.0,0.0,0.0,0.0,0.0
78104331-9242-4bce-8971-2e2b8cafc5b9,32.848018083333336,27.151981916666667,6.534744324722222,3.9652556752777772,247.17427063111109,0.0
910c2415-84e4-46a9-a977-ec56dd861fad,6.5794460500000005,53.42055395,11.317864359444446,2.165468973888888,348.3483014433333,0.0
94e19d12-3635-4e1e-885c-6c916597f272,19.286233866666667,40.71376613333334,6.308864007777777,4.691135992222223,248.55751795777783,0.0
8215e2ad-29a7-4cc8-acfc-7780fe512268,38.58489623333333,21.415103766666668,12.37562165388889,1.6077116794444435,367.78735081749994,0.0
63e11aaf-ffbd-41b6-8567-b2214abe15d6,19.419863516666666,40.58013648333334,17.277726439722223,0.0,514.3960834508333,0.0
e0023b51-c2cc-453a-ac0b-f07491b1873f,5.2586304,54.7413696,6.074639385833333,4.425360614166667,243.87807501861113,0.0
a31edf38-fdc9-4087-b9b4-f5d95727cb42,3.9862258,56.01377419999999,10.081546410833333,2.7517869225,339.90793359611115,0.0
46f582ff-26e0-4938-9f36-4e8b474dd4e4,33.45604735,26.54395265,10.055091805277776,1.7782415280555566,338.9126239638889,0.0
a7206731-e80d-4590-a3ce-99caa58d5dee,0.0,0.0,0.0,0.0,0.0,0.0
84ea7890-c125-4e40-b9f3-5474e6bcc9ca,0.0,0.0,0.0,0.0,0.0,0.0
1f4eea5f-82b1-4188-afe9-1569e9a86d6d,32.15336395,27.846636049999997,11.677996081388889,1.822003918611111,348.49032670500003,0.0
d9effe44-bb69-4e72-b193-3813885c436f,21.649288333333335,38.35071166666667,6.348084056944445,4.318582609722222,246.83684502888892,0.0
4c4c23ef-4719-46aa-b314-39a57f8c2782,33.99821105,26.001788949999998,6.554304985277778,4.779028348055555,249.30198186111113,0.0
3ff2347f-8f24-4216-8005-ddb7cc4befc8,0.0,0.0,0.0,0.0,0.0,0.0
663772ea-5d9f-48aa-b3c4-e519876fdb75,0.0,0.0,0.0,0.0,0.0,0.0
f3ba2008-50a3-4e30-b956-7f1bd1bb7188,7.813546233333333,52.186453766666666,16.8933128825,0.10668711750000107,512.7955457686111,0.0
399d1204-4ba4-45c3-b238-87aae30ae1f7,0.0,0.0,0.0,0.0,0.0,0.0
39ea2743-0b38-47bc-b35b-af2aec7cd834,0.0,0.0,0.0,0.0,0.0,0.0
dafa30c9-c001-44af-93ac-9de931272390,0.0,0.0,0.0,0.0,0.0,0.0
1b66e06b-7ae6-496a-87d8-de4d0f0abc9f,34.10088713333333,25.899112866666666,10.576483139444445,1.7568501938888887,340.5021780002778,0.0
d54fc3b1-502e-4015-95d2-332a664b6d39,0.0,0.0,0.0,0.0,0.0,0.0
82c61330-4b72-4724-920c-ca90873bad19,0.0,0.0,0.0,0.0,0.0,0.0
58c7fd4f-9e2e-4fe9-8d25-f4cb215c75ac,0.0,0.0,0.0,0.0,0.0,0.0
1e7e5377-9b56-494b-bcbb-b60c9ea75c36,0.0,0.0,0.0,0.0,0.0,0.0
7838a4bc-46a1-4def-90a4-bebebdaf18c2,0.0,0.0,0.0,0.0,0.0,0.0
0157421c-0a63-4941-a409-37dfe713c8dd,29.57294926666667,30.42705073333333,9.050508175277779,4.932825158055554,363.5046574791666,0.0
8298991f-f82b-47e8-b30c-1025a96bb57f,5.13838,54.86162,11.270021158888888,2.713312174444446,348.19024460111115,0.0
c3078de6-5b3a-4837-893b-036b0e870095,5.410393666666667,54.589606333333336,9.795926036666668,2.7040739633333315,337.8051461777778,0.0
9e95e624-f3ea-447a-81d1-225b9422fe70,21.16327301666667,38.83672698333333,10.81674395638889,2.183256043611109,360.4335974733334,0.0
efee00c3-fe4c-4dd2-a90f-71d18cafeb5a,5.699101799999999,54.3008982,10.305235787777777,2.694764212222223,358.3264359291666,0.0
32c5d6c8-fc68-4769-9137-811a1e88091b,0.0,0.0,0.0,0.0,0.0,0.0
f9e572e2-03b6-4052-b5f1-33ecf804f30d,0.0,0.0,0.0,0.0,0.0,0.0
0824fff2-c17b-49ca-9565-28882b07dc94,37.17803728333333,22.82196271666667,10.84600881111111,1.6539911888888896,342.0877459855556,0.0
8470013a-e463-4edc-83ab-c4b6780dde4c,0.0,0.0,0.0,0.0,0.0,0.0
94827789-bfad-4dea-9606-11afe26cf4b1,0.0,0.0,0.0,0.0,0.0,0.0
2614c49b-d3cf-48c4-a5a2-052e017117ae,0.0,60.0,0.0,11.0,0.0,77.0
e6cdaf9e-a96d-4466-a196-504e9b3ecb03,28.354729266666666,31.645270733333334,12.05222707388889,1.947495148333332,366.3676839802778,0.0
c80c40ee-25c8-4472-8477-86103463660a,5.865658016666667,54.134341983333336,10.810784284722223,2.689215715277777,344.8656446586111,0.0
6db8ef22-6948-4957-8558-45dc165e27f8,28.12804913333333,31.87195086666667,10.544216271388889,1.9557837286111115,340.9465596447223,0.0
78b5b775-99d4-4875-8803-cda775e254c5,15.6132835,44.3867165,17.152375924444446,0.0,455.09928643638875,0.0
f4a170d5-2b59-4fe7-bc3b-96d2d35a3da6,0.0,0.0,0.0,0.0,0.0,0.0
a6b5c2b3-d3b7-44f6-9ac5-ef49316b2c54,38.99396256666667,21.006037433333336,10.90886673027778,1.5911332697222214,342.44343426111107,0.0
cc9bdba3-e477-4a2a-9224-cc305b1f43eb,7.4244172,52.5755828,6.110802038055556,4.889197961944444,247.1383383661111,0.0
7a286bf8-07be-43d4-8bf0-d83d966cbe8d,40.77410331666667,19.225896683333335,13.201880673888887,0.0,332.28168262166656,0.0
e258f35b-deca-4ff8-984f-058e582d3fd4,0.0,60.0,0.0,11.0,0.0,77.0
75b09316-b29d-47c5-8f87-775a2238386e,0.0,0.0,0.0,0.0,0.0,0.0
0966252c-8aa8-4df2-9b5e-12d70133962f,16.086724450000002,43.913275549999994,6.255190993333333,4.744809006666667,248.15097299027778,0.0
82594a67-812e-478b-b28d-d3a18b9b9a91,0.0,0.0,0.0,0.0,0.0,0.0
a6507f5b-5c79-40c2-977d-ddb341a6b2e1,0.0,0.0,0.0,0.0,0.0,0.0
570a2590-b6b1-4618-8584-37f004781006,0.0,0.0,0.0,0.0,0.0,0.0
1a82b8e3-b0e4-4a87-a105-48ef9f99cb31,0.0,0.0,0.0,0.0,0.0,0.0
ff6503b6-820b-4bec-951b-07938c85f157,14.275413283333334,45.724586716666664,6.225138699166667,4.774861300833333,247.95637763472223,0.0
4792d006-6ed9-4adb-aec2-4542422af7d4,19.4539902,40.5460098,6.311628822777777,4.688371177222223,248.57425590027785,0.0
5150c4f1-dd49-47d5-84a7-0f65f5dfda07,21.41146558333333,38.58853441666667,11.807506591944442,1.6758267413888905,350.39547710138885,0.0
7cf2b177-a892-4a6b-adfc-72390d852a38,0.0,60.0,0.0,11.0,0.0,77.0
bf8c7687-f098-4076-8af5-da39ee6ceb13,22.64844263333333,37.351557366666675,6.364646313333333,4.635353686666667,248.92834076083335,0.0
a176929d-7275-424c-9247-8cd5dca3c0c2,15.826506266666666,44.17349373333333,14.65760026861111,0.0,433.82248490027786,0.0
d20e15d8-d5e7-456a-927f-6ea5ba5e00c8,0.0,0.0,0.0,0.0,0.0,0.0
e94e5f42-43e4-4a1b-be8c-d9bf2bf965bf,13.141459849999999,46.858540149999996,17.070183130833332,0.0,507.5317607908333,0.0
ea7ad756-e909-4c49-b13d-8c50b4bd48b5,0.0,0.0,0.0,0.0,0.0,0.0
8a66a10a-a8c2-4ccc-9364-bac9586d162b,24.774561783333336,35.22543821666667,10.435247478333332,2.064752521666667,342.40203209666663,0.0
4885fba1-28cc-4cbf-8845-ef62c3b81f8f,13.79486135,46.205138649999995,16.59205072888889,0.0,510.1778898655555,0.0
905092dc-8f5a-47f3-8b07-6add16b99580,0.0,0.0,0.0,0.0,0.0,0.0
300b7b73-997f-4e51-a494-f666a3aced9d,0.0,0.0,0.0,0.0,0.0,0.0
684c5df3-eb4b-4701-a5c4-275a9216b31e,34.49093628333333,25.509063716666667,6.562275049166667,5.021058284166666,237.40134682277778,0.0
30acc47e-8b1c-4cfd-9cf5-0852df68d9be,0.0,0.0,0.0,0.0,0.0,0.0
0469dabe-10a9-463a-ab77-d025da5d0dd1,0.0,0.0,0.0,0.0,0.0,0.0
23f9f7ac-75da-44e1-b683-598cbaf40db1,14.339246566666667,45.66075343333333,9.593155763333336,2.406844236666665,335.52961520916665,0.0
c7a75ce8-640a-4b5d-81a3-5d68e1e0e1dc,39.1633487,20.836651300000003,9.915769691388888,1.0842303086111114,335.4807823655555,0.0
12977046-2137-459c-892c-6fc6dededa10,8.97552385,51.024476150000005,6.136905148055555,4.363094851944445,241.33063886,0.0
5d1de3a3-b090-4ff6-b40a-4079321ecc29,5.933629233333334,54.066370766666665,6.085902290833333,4.414097709166667,245.56737790416668,0.0
6c9b0e45-54a7-48bd-b3bf-31618a06ae79,6.389066733333333,53.61093326666666,6.093581261111112,4.573085405555555,236.01122854055555,0.0
5d38ed48-35b5-4d8f-b4dc-b33035dca206,30.06331146666667,29.93668853333333,12.108999630555557,1.8907225916666661,357.6004862255555,0.0
29acd182-f9c2-49da-97ce-a63a5f0f095f,13.528433166666668,46.471566833333334,17.083235063055554,0.0,497.74284255888875,0.0
102ecc17-7364-4cef-bc8f-281a9111a3b1,0.0,0.0,0.0,0.0,0.0,0.0
b529aa9c-4ce5-422a-a5b4-3629f93f2699,0.0,0.0,0.0,0.0,0.0,0.0
14ba8a23-4b4a-45d9-8831-cf129a8ab4b3,37.963015850000005,22.03698415,6.620421156944444,4.046245509722222,248.7583552288889,0.0
f7a6b6d7-6de8-4f8b-8e08-2115bc6295f0,0.0,0.0,0.0,0.0,0.0,0.0
1b1ea6ee-d220-4233-94a3-8d0312712605,0.0,0.0,0.0,0.0,0.0,0.0
7e5e6564-eae1-4fe0-96ba-378cfd3f34f8,0.0,0.0,0.0,0.0,0.0,0.0
401d4b74-b07b-414f-ac79-ccba9a47081a,13.139569999999999,46.860429999999994,6.206206858888889,5.293793141111111,247.822230685,0.0
7d73479e-5a31-4498-97d2-44b774135b35,14.782369516666668,45.21763048333333,17.12486898166667,0.0,507.8148713508335,0.0
febbc75c-9697-445f-8cd5-b96b4c703470,30.4494197,29.5505803,11.086160756111111,0.0,266.98785571916665,0.0
966f1d0c-cc52-4250-9057-f6f39ae227d6,9.6944365,50.3055635,6.148779938611112,4.351220061388888,244.42004548,0.0
ad658f16-269e-4bb1-af8d-c29f47df6f00,20.538256466666667,39.46174353333333,10.629832939444444,2.2035003938888886,342.1671936544445,0.0
a19a8d90-b6a5-4743-988c-4a3f16828161,19.033006399999998,40.9669936,17.264736640277775,0.0,514.3478858411112,0.0
dbfe4d60-53ff-4d2c-bfc4-dffa8d0536e9,19.2352634,40.7647366,17.271201826944445,0.0,514.3648368205555,0.0
d49154d6-9d93-44f0-9bb4-6f4bd2a45164,22.478903433333336,37.521096566666664,6.362168820277778,5.471164513055555,249.16034303194442,0.0
beb16097-b931-4ddc-8993-46af608a85da,0.0,0.0,0.0,0.0,0.0,0.0
6b279d0c-9f51-4ee6-b4d9-1435dada0a1c,0.0,0.0,0.0,0.0,0.0,0.0
83881ca3-0129-4449-a482-f993a9b60d7e,23.88012855,36.11987145,6.385842865277777,4.614157134722223,249.09620084777782,0.0
341808f8-ec75-4e7c-b51e-0fd9ec667be0,0.0,0.0,0.0,0.0,0.0,0.0
9c86dde5-b712-4125-9e62-231d358d13f6,22.851146466666666,37.14885353333333,11.855287374722222,2.128045958611112,365.6155282947222,0.0
6a0b6f30-3393-4aac-a6f3-b76271ad87a5,25.559338033333333,34.44066196666667,10.460231681388889,2.0397683186111113,340.5668903361111,0.0
42b80028-65d7-4875-a737-1aa15c90e11a,4.5979089166666665,55.40209108333333,6.063657188888888,5.436342811111112,246.80914376444443,0.0
2c07d45a-7941-416a-9f60-7eb9244d0b5f,37.0989833,22.9010167,10.843426528055554,1.656573471944446,342.17739407833335,0.0
e7fdcecc-6e9d-4009-a174-de5186444904,39.226347483333335,20.77365251666667,11.393271223333334,0.0,297.25997775888885,0.0
52bf0ff4-4205-417f-a114-89a53210006f,11.18447555,48.81552445,6.17353594138889,5.659797391944443,266.2385708747222,0.0
02118686-3776-481b-89f1-a5cc03884878,5.3375215166666665,54.66247848333333,6.076330690000001,4.423669309999999,245.51656503361113,0.0
9b886a76-e306-4376-be5b-99ecbbcf496a,28.845084483333334,31.154915516666666,12.068308368611111,1.9314138536111103,366.44154260833335,0.0
a3b5bcef-dd0d-4159-979a-b96af3184dd8,15.078607466666666,44.92139253333333,6.238653024166665,6.261346975833335,335.1964493936111,0.0
2687d4f7-febf-4842-a027-bd5ae081a8b7,0.0,0.0,0.0,0.0,0.0,0.0
395448a0-eba5-455a-b2b4-8633eb212abf,0.0,0.0,0.0,0.0,0.0,0.0
1497912d-8a53-46f4-9e15-c21721e6680f,25.44099848333333,34.55900151666666,11.956528936388889,2.043193285833333,365.96666618583333,0.0
ff546a01-1076-4a32-940b-cdca27dee2b5,19.976091699999998,40.0239083,12.337599929166664,1.3287889597222238,297.81693750833335,0.0
255c49e9-7996-4313-9286-46a6fd6863d3,0.0,0.0,0.0,0.0,0.0,0.0
1cbbcded-fa3b-4cf9-bbfa-b85c638e2b1f,0.0,0.0,0.0,0.0,0.0,0.0
b01678a4-aa67-4618-89fc-8799574c36fb,0.0,0.0,0.0,0.0,0.0,0.0
ab6d58d5-d668-4417-9ae1-db042e9e57dd,15.443117833333334,44.55688216666667,6.244616269722222,4.755383730277778,248.1008864588889,0.0
4c30b594-f387-4e8f-852b-4f2f4760ed66,9.55208935,50.447910650000004,6.146515060555555,4.353484939444445,245.88294945500002,0.0
7bbeba14-6df0-4370-8595-4a70330bb337,9.13510075,50.86489925,9.920515732500002,2.579484267499999,338.2428361347222,0.0
fca22568-98bf-449b-89ed-15a37ab475e1,0.0,60.0,0.0,23.99972222222222,0.0,167.99805555555557
13838788-019d-42a6-a517-d228dc5be476,44.10556463333333,15.894435366666668,11.296416764166667,0.0,297.6875490841666,0.0
1d066778-1851-478a-b911-42e4f1f91c33,0.0,0.0,0.0,0.0,0.0,0.0
bc93b32e-3871-4b61-ade6-ebd5dfc3172e,0.0,0.0,0.0,0.0,0.0,0.0
a4feed1c-7b14-4aac-b379-3fff1a342c99,0.0,0.0,0.0,0.0,0.0,0.0
d3866435-17e5-46c4-900f-46f08785c85e,50.81871636666666,9.181283633333335,11.51936489916667,0.0,323.0082250952778,0.0
d9545095-b698-4992-9ad8-f477b6ae0cf4,18.2875723,41.712427700000006,17.240513651944443,0.0,515.7530148486111,0.0
09b607b1-5c38-4860-ae26-b5077e59c738,23.274137133333333,36.72586286666667,17.402497271666668,0.0,515.000382181389,0.0
a3c1074f-bfca-4e0c-bd8f-a8cebd415a18,31.045370133333332,28.954629866666668,12.141495985833332,1.8582262363888893,366.73548183916665,0.0
b071cd56-c96d-488a-82a0-1722ebc023b6,17.24932365,42.750676350000006,6.274790422499999,4.725209577500001,248.29545748888893,0.0
677bf2eb-e6e2-4613-9696-9ef0fcd1d53d,0.0,60.0,0.0,11.0,0.0,77.0
b266a869-6d88-453a-a4f0-24b9499dcad8,0.0,0.0,0.0,0.0,0.0,0.0
292b2ee6-b5e4-4ff4-af7b-08d440a053d4,0.0,0.0,0.0,0.0,0.0,0.0
b3607ede-0539-447a-a127-48773ae04848,20.648590083333332,39.35140991666667,10.300339827777778,2.1996601722222215,339.906383758889,0.0
a42f603c-fd5f-4690-afca-56a5847b428b,16.049781833333334,43.950218166666666,11.632524515277778,1.8508088180555549,349.6503698002779,0.0
80bfaa25-2f4b-4638-8cc9-b046766cd4ee,25.11967505,34.88032495,9.445603618888889,1.554396381111112,333.5150893413889,0.0
dcd39bd1-462a-414b-9e06-9fcd988226ac,32.45423726666667,27.545762733333333,10.688664085277777,1.8113359147222239,341.5315908819444,0.0
c1e8e247-373e-41cb-a395-565103fd024a,22.038331733333333,37.96166826666667,6.354581583055555,4.3120850836111115,246.87631101111106,0.0
1db9c601-12b4-4df0-8153-704353f691fe,32.322147083333334,27.677852916666666,11.184160099999998,1.8158399000000018,337.9229934325,0.0
9bfff6a7-a8f5-4a4b-8084-a1cc69e75cc2,0.0,0.0,0.0,0.0,0.0,0.0
7435dc0e-bb92-4f25-9f32-5cb6c70b8d5a,0.0,0.0,0.0,0.0,0.0,0.0
953e4c1d-b483-4d2f-a18f-53e8c59a38eb,0.0,0.0,0.0,0.0,0.0,0.0
57082a46-2294-4016-91e5-df206733ae25,8.40547035,51.594529650000005,6.127316928611111,4.872683071388889,247.2563614236111,0.0
cbbc8ff5-73f6-4499-bbe7-a379179ee5fc,17.491445933333335,42.50855406666666,6.278545615,5.221454385,248.33882266944443,0.0
bb16d6f5-ba5d-4c44-8386-afaa088465ff,29.8080237,30.1919763,7.638052893888889,4.861947106111111,340.2098717933333,0.0
c2331a14-2c79-4654-8400-2ffd1dab471d,31.121789383333333,28.878210616666667,12.126950466666667,1.8563828666666673,366.7505262033333,0.0
93f7d031-a50a-4a01-abfa-81f7ed6c2084,13.479087083333333,46.52091291666667,6.211859158333333,4.288140841666667,249.95940437111108,0.0
5b391cd2-c2a3-4399-851b-c004d855e70f,0.0,0.0,0.0,0.0,0.0,0.0
b570982e-701f-46b6-9dad-33020711f285,38.820823966666666,21.179176033333338,6.6387519425,4.3612480575,249.45149866861107,0.0
2c61f4dc-67aa-498e-baa1-e34a04359c1f,18.51368905,41.48631095,10.230854586944446,2.2691454130555537,341.5337565769445,0.0
b77e20a5-a915-4101-bc88-6591fc28cc06,0.0,0.0,0.0,0.0,0.0,0.0
c91f4dd8-7322-4849-b65a-9de8eea06488,20.112545599999997,39.8874544,6.322659924722222,4.344006741944445,246.63157851305553,0.0
afc35982-8d07-4171-b900-66a2288ab33f,32.04985031666667,27.950149683333333,12.175210093611112,1.8245121286111115,366.88028768305554,0.0
c716d0ce-f75d-45ed-9d87-6256bec40551,28.285597,31.714403,12.050099908888889,1.9496223133333337,366.35939948472236,0.0
3e692106-8bc7-4030-baaa-fed2994c2e8c,13.5964563,46.4035437,17.0852919625,0.0,513.5912343305555,0.0
af1a2a2f-41ba-4544-9cab-0f3bc690f3ec,0.0,0.0,0.0,0.0,0.0,0.0
1f1e3864-3b82-4cc7-90bd-b6cbfb914459,28.282605083333333,31.717394916666667,19.024318858888886,0.0,451.2293393680556,0.0
fdf52a02-7dc7-404f-9a9d-24ab40a20578,40.525851966666664,19.474148033333336,9.957261599444445,1.042738400555554,335.63799772972214,0.0
eaa2db83-c2be-47c7-a0fc-392cd29e763f,38.661415633333334,21.33858436666667,6.636223747777777,4.363776252222223,222.50692649916664,0.0
b466f9b6-9527-4ebb-bca9-e4893f280da4,37.691363450000004,22.30863655,12.632763454166666,3.3672365458333338,488.75730679666674,0.0
de9cfe81-ab0e-4d8f-8599-f430844dc0a4,0.0,0.0,0.0,0.0,0.0,0.0
bd48434f-0c9b-483f-9377-49b23b6fbb5f,0.0,0.0,0.0,0.0,0.0,0.0
b5a80364-5c41-422a-a31d-0e97ddce8041,35.30462743333333,24.695372566666666,14.784230301944444,2.2157696980555555,431.45014330138895,0.0
bb04944f-73a5-4244-b34f-0eec7b5b52e8,0.0,0.0,0.0,0.0,0.0,0.0
c9d35a3e-9f73-430e-b419-fdc215f79fb5,16.67884635,43.32115365,10.170289234722222,2.3297107652777775,333.36572894,0.0
d6a55071-b272-4d77-a438-51da5c8ee089,37.538099683333336,22.461900316666668,10.858260195833335,1.6417398041666658,344.1310692197223,0.0
5c04c15a-b065-4a67-bc51-227082d578bc,0.0,0.0,0.0,0.0,0.0,0.0
72e1f570-d728-40e4-b4fc-24bcc96460bf,0.0,0.0,0.0,0.0,0.0,0.0
a65efdb1-1057-429e-9c94-ca0d6fd355e1,0.0,0.0,0.0,0.0,0.0,0.0
93607d22-b4dd-4343-ab66-9a2fea844f42,5.49097265,54.50902735,16.815082851388887,0.0,506.5204883886112,0.0
d7c2e445-90b4-47c6-ac79-c9fbb153ef7b,24.524350966666667,35.47564903333333,17.44291413277778,0.0,515.1782515047222,0.0
4349dc4a-6aa0-4697-9b9e-a8e56b7112e7,39.68773913333334,20.312260866666666,14.93204271972222,0.0,423.3862760486111,0.0
148391b1-76a0-4b50-9c6c-cfdbf5a2a332,9.232285266666667,50.767714733333335,9.923472095277777,2.576527904722223,340.2897606744444,0.0
2f3c997f-af21-4a2a-86c9-1adedca7961d,16.504804,43.495196,6.262401775555556,4.404264891111111,246.21886539277781,0.0
5e3254df-2c55-40fe-8891-141072dae6b4,0.0,0.0,0.0,0.0,0.0,0.0
74945755-6e6b-4e42-94b1-1036d8d1cda0,0.0,60.0,0.0,23.99972222222222,0.0,167.99805555555557
be67324e-3d3d-4adc-a3e9-06709e9013bf,7.036354433333333,52.96364556666666,6.104312618055555,4.895687381944445,247.08383976194446,0.0
1a81981c-7d15-4168-90f7-fbb94e093a8f,0.0,0.0,0.0,0.0,0.0,0.0
4312b62a-a020-4607-a537-e99e166228b1,0.0,0.0,0.0,0.0,0.0,0.0
c1604100-139c-4bab-912c-9a04ea5ae80e,0.0,0.0,0.0,0.0,0.0,0.0
06bfa20c-0227-4b1d-99c1-a05df83ab4fb,0.0,0.0,0.0,0.0,0.0,0.0
e25d2fcb-c04e-4e40-aa7c-96708cefd1ee,0.0,0.0,0.0,0.0,0.0,0.0
54318ecb-aaec-48d2-83a6-ae88d3f64616,0.0,0.0,0.0,0.0,0.0,0.0
896c840b-9832-49d6-96a2-c7ee39fec3d2,0.0,0.0,0.0,0.0,0.0,0.0
92788d2b-f06f-4815-8204-df54fd3bda5e,39.046659383333335,20.953340616666665,6.640164607777778,3.859835392222222,264.9937709266666,0.0
3a86373e-72b6-4427-9450-2a5a19746334,7.8146846000000005,52.1853154,11.359190138333332,2.124143195000001,348.5230465630556,0.0
bc3111fd-2f5f-4244-baff-3d7afd5e100b,14.715636066666667,45.28436393333333,10.105417098611111,2.394582901388888,339.07987470472216,0.0
34ebd7e9-c737-4d40-9684-75a9f1739f94,0.0,0.0,0.0,0.0,0.0,0.0
05f95809-82d2-41ce-a7d9-63c827ff6272,17.610324916666666,42.38967508333334,10.200826592222224,2.299173407777776,341.42207407250004,0.0
b5cbb6d3-46f8-41c1-9d36-f9b477daed44,35.81239253333333,24.18760746666667,6.58469378888889,4.41530621111111,228.43647511611113,0.0
a7dc6b8e-384b-42b1-a77e-8433c1af322a,20.337269983333332,39.662730016666664,10.28988027888889,2.2101197211111097,295.95222211750007,0.0
56590ab8-ca6f-471d-9461-a83f4ccfbf3b,0.0,0.0,0.0,0.0,0.0,0.0
f3e315a2-ed38-4ab8-a54e-b4e612268dc7,0.0,0.0,0.0,0.0,0.0,0.0
ac5b2ca0-e372-40cd-b61b-693d7bee02bb,15.813662216666668,44.18633778333333,6.250828268333334,4.749171731666666,248.1390269825,0.0
a7b8a2a9-792b-466f-9a32-e35820da053c,31.741224583333334,28.258775416666666,9.664394993333334,1.835605006666667,334.43992068833336,0.0
e6eee695-273f-4624-a291-a572253e80ce,0.0,0.0,0.0,0.0,0.0,0.0
22cfb620-ff12-4682-94dc-6e0eb1390f9f,0.0,60.0,0.0,11.0,0.0,77.0
c08e0ff4-edc6-49cc-86ac-8dd01bf3ec99,0.0,0.0,0.0,0.0,0.0,0.0
8f33c495-5cfa-4214-aff0-16e36f7e5584,0.0,0.0,0.0,0.0,0.0,0.0
c8d67b38-f24b-4261-bacd-54c497554825,34.62583848333334,25.374161516666664,6.56453999,4.102126676666667,248.38151037749995,0.0
4f3fc520-400d-43e0-9ae1-4afc0b71c155,21.869703833333332,38.13029616666667,6.35175266,5.14824734,265.9343590683334,0.0
f940086a-eb3d-47f2-8234-ebd78266400a,16.051432466666668,43.94856753333333,6.254966959166667,4.745033040833333,33.079877089444444,43.920122910555556
6d2fda27-6074-496a-8e5a-98fb3bf27333,0.0,60.0,0.0,12.0,309.5854030586111,0.0
9fd9d47f-9420-4e13-9ba7-ec1f1e297b6b,31.626725566666668,28.373274433333332,12.160925063611112,1.8387971586111114,366.81418542333336,0.0
2b9d0d2c-075d-4392-8dbb-7e9a0eed333b,0.0,0.0,0.0,0.0,0.0,0.0
172b8565-3b53-4ba7-ad42-db81b731f907,0.0,0.0,0.0,0.0,0.0,0.0
8b5c0633-97b1-4124-a400-bd637f13631f,0.0,0.0,0.0,0.0,0.0,0.0
eafc494d-ce26-4943-9c52-256f3152aa6e,19.61841893333333,40.38158106666666,6.314511360277777,17.685488639722223,66.15689375222223,101.84310624777777
089b570b-b6fc-46f3-aedf-b8e4be1c1347,0.0,60.0,0.0,12.999722222222223,0.0,90.99805555555555
611e62fe-e0b7-4917-8e11-bc6dd170b67b,0.0,0.0,0.0,0.0,0.0,0.0
abfdb85a-faed-4d93-8b6c-19188d3a6da7,0.0,0.0,0.0,0.0,0.0,0.0
cf5801ab-09ed-4e35-8679-e47f49a0a464,0.0,0.0,0.0,0.0,0.0,0.0
10e99d27-1012-411d-b59f-7e0ffc133d82,31.139882683333333,28.860117316666667,12.130158403888888,1.8531749294444448,357.76575543694435,0.0
6def806a-a1b5-4f45-b067-aaa43745fc07,23.054454016666668,36.94554598333333,6.371503603055556,6.128496396944444,338.23466227500006,0.0
310439c2-4082-4909-9b30-703cea5b17fa,24.8407366,35.1592634,11.920276148055555,2.0630571852777777,365.8868988266667,0.0
7be05175-40fa-4d58-944c-820208bb8084,35.13399471666666,24.866005283333333,14.778419376111112,0.0,431.84337504166666,0.0
9d93c5d8-c80d-4489-869a-c0aeaec867c8,0.0,0.0,0.0,0.0,0.0,0.0
5c11567d-512e-43b5-bfb2-f5692c759562,11.505084533333333,48.49491546666666,10.33247924777778,2.5008540855555537,340.9383429233334,0.0
a4ad8994-e90e-490d-a6bd-12015aa4a8f1,26.693532983333334,33.306467016666666,10.830975011944442,2.0023583213888902,342.9914855872222,0.0
3444291d-5f72-41fb-a06d-5e29f6c2c8f7,0.0,0.0,0.0,0.0,0.0,0.0
11822b39-c555-420e-b58a-02462aad6ef0,0.0,0.0,0.0,0.0,0.0,0.0
4d2554d6-d41b-4667-92e7-8ca1a2a7d756,0.0,0.0,0.0,0.0,0.0,0.0
bbcc7fef-c648-47fa-834f-7ca3004b68ef,12.531558566666666,47.46844143333333,6.196013451944443,5.303986548055557,279.67708847250003,0.0
e37316ba-dabe-43c1-91a9-0065d969ac73,24.942417183333337,35.05758281666667,17.457803546111112,0.0,540.1818591955555,0.0
d22ba0f8-40f5-4446-a5c2-887237ff9304,12.45620885,47.54379115,6.194878137222222,4.805121862777778,247.74389462222229,0.0
b0d6eacb-0c70-4b55-8b70-8ecacdead390,0.0,0.0,0.0,0.0,0.0,0.0
d65e7cd8-8cb2-47bb-877e-10099e08dc6d,0.0,0.0,0.0,0.0,0.0,0.0
c6e9961d-0499-4460-b4fb-1fc2b929bb48,33.89906341666667,26.100936583333333,6.552591699166667,2.280741634166666,231.29705541555558,0.0
a1d840a2-efce-498d-9f7e-a1bb18ef1528,0.0,0.0,0.0,0.0,0.0,0.0
a7c4d1e7-ec36-453e-ae1d-5ee1f735faca,0.0,0.0,0.0,0.0,0.0,0.0
9dc1c172-7600-4d81-98f4-5a72d366dc94,13.00523735,46.99476265,17.06523246138889,0.0,513.5731658061111,0.0
853404f8-2bfa-4b7c-b011-053037e1ad77,27.862145716666664,32.13785428333333,9.535511594444444,1.9644884055555567,333.90406627444446,0.0
3843d773-e4b3-4884-bdb8-330e475f3ab0,21.378538616666667,38.62146138333333,10.322739450555556,2.177260549444444,294.1139929411111,0.0
de43d684-0bd9-40bf-9ca0-3e42e4f54c1e,15.118083216666667,44.88191678333333,10.119254934999997,2.380745065000002,339.07608097583335,0.0
e9bcc88c-a2bb-4a50-a4a9-1bc4db8b4723,0.0,60.0,0.0,23.99972222222222,0.0,167.99805555555557
f6370d4e-c759-4b76-9716-405e6a8129b6,11.04388015,48.95611985000001,6.171604911666666,5.661728421666668,248.9370295302778,0.0
6c681f53-fbfc-4954-84c7-6459d1dd69b5,22.935025250000002,37.06497475,6.36979121111111,4.63020878888889,248.97509729111107,0.0
3aa35cfc-3026-4e5a-a2fa-9698d1d13d91,0.0,0.0,0.0,0.0,0.0,0.0
2ae89df5-0cd9-46e1-98fb-3b87f2199963,0.0,0.0,0.0,0.0,0.0,0.0
aa000994-37af-4aba-a465-c308c7aaf999,11.385674233333333,48.61432576666667,6.1769538863888895,5.3230461136111105,247.60722301722225,0.0
62ecaed2-7dfc-4510-8fc2-2034b3cff91d,34.90940751666667,25.09059248333333,10.229945183333331,0.0,290.9595465552778,0.0
eec74816-9766-49bb-a232-2c3ce814a9be,33.581729683333336,26.418270316666668,10.184884098611114,0.0,290.7644722294443,0.0
9fe432c5-c053-4951-abdc-4e8a5c1b3256,0.0,60.0,0.0,23.99972222222222,0.0,167.99805555555557
1c93025f-8bb8-4ecc-b834-1dc5235b9a97,0.0,0.0,0.0,0.0,0.0,0.0
633e5820-5569-4a9d-9695-3de6e9a932dd,36.3708837,23.629116300000003,14.294552860555555,0.0,366.60710505888886,0.0
e7063ce3-dfab-4c4e-ad8a-103acd229525,34.286533416666664,25.713466583333336,14.242526675277777,0.0,366.34336485194444,0.0
29118500-ac4f-48f4-8209-e33375818489,16.774967283333332,43.22503271666667,16.671997604444446,0.0,447.91735679500005,0.0
0fdd7089-05b5-43db-8124-e7b3b09486d7,0.0,0.0,0.0,0.0,0.0,0.0
eb7c8f9a-64b5-4cff-b76a-a4e8c7ec7ec6,7.610662983333333,52.389337016666666,16.909245371388888,0.0,447.22652147277773,0.0
e3a416c3-ae59-4141-bf4f-3cdf0bd960d2,35.694234,24.305766000000002,14.289083713055554,0.0,366.54521306055557,0.0
3d04c609-c11e-453a-b75c-cd85f10f7156,0.0,0.0,0.0,0.0,0.0,0.0
4d675132-a1c6-445d-8737-3de89ee54e23,0.0,0.0,0.0,0.0,0.0,0.0
ca9a6ab8-2146-4a61-a6b7-42ff3a6d488a,35.793875166666666,24.206124833333334,14.29247323138889,0.0,366.57034832666665,0.0
e513d299-1850-4aa7-aff7-1bdcaf2b1d7d,0.0,0.0,0.0,0.0,0.0,0.0
f22f3a44-eb35-440e-b3ac-ecaffa84d2d6,0.0,0.0,0.0,0.0,0.0,0.0
0ff2c99f-18e3-47d9-ac90-93cfbf3bcf5b,38.62299733333334,21.377002666666666,14.369184907222222,0.0,366.91238743444444,0.0
74bfd598-53e0-430a-82ce-845078bea6ad,0.0,0.0,0.0,0.0,0.0,0.0
82926e80-bde1-4144-8c47-047e79e95d18,16.339990066666665,43.660009933333335,13.649504710555556,0.0,444.85669406722207,0.0
c4d8706a-9633-47bb-a401-151343293de1,0.0,0.0,0.0,0.0,0.0,0.0
de9a4796-5522-4ae9-9e94-2921982999b9,36.43906535,23.560934649999997,14.314090335000001,0.0,366.63085164527786,0.0
b1bacab0-2d51-47b4-951c-c1ae36296b9c,10.692802183333333,49.307197816666665,17.01692583333333,0.0,447.65713549916666,0.0
031782b3-fdfd-44c6-b0f4-c59b2cad6fcb,31.40570681666667,28.59429318333333,14.130113474722222,0.0,365.9201058027777,0.0
dd7fd833-e44f-40e2-a6aa-c4d999774ad6,10.72661925,49.27338075,17.018096355833336,0.0,447.65324185083335,0.0
4b94c754-5025-4d15-93ea-159a0104ee5d,0.0,0.0,0.0,0.0,0.0,0.0
8b947e7d-d79b-4ceb-b34b-fc454502e779,17.3562991,42.6437009,16.691680756388887,0.0,447.97049523277775,0.0
2098603f-92e4-4a7d-88b3-6817e543d094,34.32095121666667,25.67904878333333,14.243818297499999,0.0,366.3483400961112,0.0
4a1e06be-5936-4993-9655-e1f7a0a4f237,0.0,0.0,0.0,0.0,0.0,0.0
47596943-23bd-4dad-b1c8-696287a951f4,38.60961821666667,21.390381783333336,14.392759151388889,0.0,382.0546822538889,0.0
148c3e64-864e-4e94-9069-7dab059c1e89,0.0,0.0,0.0,0.0,0.0,0.0
6b729372-046f-437d-9c71-271ec006e597,28.499291149999998,31.500708850000002,14.033967786944446,0.0,365.5267801794445,0.0
b81a780f-0aa5-436f-a02f-ff467541c832,0.0,0.0,0.0,0.0,0.0,0.0
5270d179-d6cf-4ae8-a13c-874b7c9c5499,16.154059699999998,43.8459403,16.668526123611112,0.0,447.8579658788889,0.0
12735f5f-9d27-4792-bb8d-22521a8dc4c6,9.4210688,50.57893120000001,16.947539774166668,0.0,447.43576666222225,0.0
87aec97f-bb99-4e39-9463-3c431f3a0c49,6.465764466666667,53.53423553333334,16.83407023638889,0.0,447.0078418338889,0.0
ef1af76e-3716-42b2-9ae8-2eee5fc0e4bb,0.0,0.0,0.0,0.0,0.0,0.0
604a4b2a-2202-4289-a0b6-fd863a6cbfd2,16.121122016666668,43.87887798333333,16.667601377222223,0.0,447.8361726025001,0.0
066985a2-f522-4570-aea5-0b8b47f67528,0.0,0.0,0.0,0.0,0.0,0.0
00d3080b-63b0-46c3-ad41-35ba3e84e922,16.184510633333336,43.81548936666666,16.669138021388886,0.0,447.8628850327778,0.0
5b323edb-d0a5-4c45-b177-1a38b49df06c,9.050408299999999,50.949591700000006,16.932830000000003,0.0,447.34979410750003,0.0
42165d55-c807-4496-bc67-50b4e0af46dd,0.0,0.0,0.0,0.0,0.0,0.0
64ecfdc1-0867-47d2-b8e1-fea593a61c64,11.699977416666666,48.30002258333333,17.02943250222222,0.0,447.7138457333334,0.0
5e64ca27-6179-4700-b10b-765c6bd2eb7c,0.0,60.0,0.0,12.999722222222223,0.0,90.99805555555555
b6b847d1-a4dc-4339-8b87-cf2dbe6dd16e,0.0,0.0,0.0,0.0,0.0,0.0
9925ca1c-2cad-4e90-8e81-238d73b56466,35.66062435,24.339375650000004,14.288241634166665,0.0,366.5256048450001,0.0
89b9f0d4-8adb-4170-a951-7485d819be53,7.646419016666667,52.35358098333334,16.917489295833334,0.0,447.23158922694444,0.0
9bc2ddee-7ee2-46b8-98d2-d1ca495f43bd,15.443575066666666,44.55642493333333,16.644634860277776,0.0,447.75678396833337,0.0
9721744e-4666-4fee-b1ee-9c894d213ece,33.32256626666667,26.67743373333333,14.193769249722223,0.0,366.1846915541667,0.0
0e80489e-0b5b-4fff-bcc3-31bcc4e6c733,8.0013451,51.9986549,16.922727734166664,0.0,447.2810875880556,0.0
742b775b-35b7-473f-bbac-8a5b071f31d8,32.289854749999996,27.71014525,14.159483517499998,0.0,366.0424730036111,0.0
d6a2246d-d9e6-4aeb-a379-89a3ffdd9e12,0.0,0.0,0.0,0.0,0.0,0.0
157ea406-5d65-4e02-9b8b-588142573437,37.50472271666667,22.495277283333333,14.332541048888888,0.0,366.8025497558334,0.0
1f6fbbdd-0062-4ce0-853d-19eb652ef114,36.82757725,23.172422750000003,14.32722498888889,0.0,366.68605185194446,0.0
00e3e0a6-a94a-4abe-8ab7-138e7215993a,21.58159668333333,38.41840331666667,16.830822809166666,0.0,448.5580096452779,0.0
0a3e62a2-c31f-49c2-be6e-e125fb6328c8,0.0,0.0,0.0,0.0,0.0,0.0
c45cf5cf-f910-4095-a970-bd86faa58772,0.0,0.0,0.0,0.0,0.0,0.0
7d280e4e-2248-465c-bdf1-870ac6f3e7eb,0.0,0.0,0.0,0.0,0.0,0.0
62555073-a1c9-43c4-871f-0a0d89dcb621,30.572197783333333,29.427802216666667,14.102576665277779,0.0,365.8049769561111,0.0
f2b972e3-64af-41e0-a723-8696289e3cb5,0.0,60.0,0.0,11.999722222222223,0.0,83.99805555555555
b48b7622-2416-4369-9628-554e29ecf0f7,10.326685933333332,49.67331406666667,17.003076386944443,0.0,447.60118603277783,0.0
2701e44d-d574-4bc6-85df-0eff30d39a17,29.83847815,30.16152185,14.078667883888889,0.0,365.7086551705555,0.0
406a4213-6f53-4867-8053-9d33626e84c1,22.1738891,37.8261109,16.849993596388888,0.0,448.63461207222224,0.0
3ef6458a-6a20-4039-8d0c-499eea5c9bde,43.79766681666667,16.202333183333334,10.529480358888888,0.0,289.25229889055555,0.0
a8b8c7a4-86c4-4b04-a6c8-21627d8e9df8,0.0,60.0,0.0,13.92186862638889,0.0,91.0
41df70ea-3ea2-4291-9df1-6071b5ec2d92,0.0,0.0,0.0,0.0,0.0,0.0
b5bdcfac-4b5e-4263-a3e6-1a70632be6b9,0.0,0.0,0.0,0.0,0.0,0.0
5aeff866-38fd-4a89-9934-49922285eed8,8.411672383333332,51.58832761666667,9.130945410277779,2.8690545897222224,330.844906615,0.0
ff5a8b11-1177-4d81-a5b0-62e7285da3b2,0.0,60.0,0.0,7.921868626388889,0.0,56.96666666666667
c344c3ae-76e9-4d7f-b398-cfc1bf80fc7a,0.0,0.0,0.0,0.0,0.0,0.0
d60c2fc1-890f-4d41-bf87-236d983b8692,29.363834899999997,30.636165100000003,6.476972187500001,4.023027812499999,121.49668940194444,0.0
c2a7bea8-09ce-445b-b8d3-146f7fd2e1a6,43.28876073333333,16.711239266666666,10.51179141388889,0.0,150.86982216277778,0.0
73e05bfd-ca58-4927-a5a4-f2ee934a1c17,0.0,60.0,12.006110784999999,2.993889215000001,254.62568913305557,0.0
94c57a35-08c8-4208-a735-ec3754db69c3,0.0,0.0,0.0,0.0,0.0,0.0
cbb80276-5ce3-4770-ab22-c71af6a9007c,38.4112817,21.588718299999996,12.645477649166668,2.854522350833332,349.0285286358333,0.0
5089f55f-7514-4975-83f3-e987f360addd,0.0,0.0,0.0,0.0,0.0,0.0
feb7f91b-d276-4307-8134-0a6ce6a9ce5c,0.0,0.0,0.0,0.0,0.0,0.0
3cf75279-374c-427b-94f6-8b8064804df2,0.0,0.0,0.0,0.0,0.0,0.0
48cec715-5d4d-4c6e-876d-61d2c80eed4c,0.0,0.0,0.0,0.0,0.0,0.0
10442a84-8d19-49d1-b3a9-cf83c783b65b,51.29866981666667,8.701330183333335,13.780521963611111,0.0,290.46829815333325,0.0
bd379719-19f9-41c5-867c-56773c59d87f,33.153498766666665,26.846501233333335,13.212935404722222,0.0,416.680969558889,0.0
115c8f08-a1e3-4452-b1c9-34b261a5c35a,0.0,0.0,0.0,0.0,0.0,0.0
0366438a-d363-479d-89ef-33759e4b0eff,0.0,60.0,0.0,12.0,0.0,84.98333333333333
3233ab20-4991-4699-b6d5-c332e58f824f,52.07793528333333,7.922064716666667,27.796844751388885,0.0,692.4669030624999,0.0
00ad8672-bab4-4909-ae03-f25aca6c5926,0.0,0.0,0.0,0.0,0.0,0.0
3489a5fb-6160-40f5-b8d8-580a8bfe9073,40.24282246666667,19.757177533333333,10.412579784166669,0.0,290.2424214994444,0.0
cf83864a-56a9-416a-b646-b63b1da28720,44.19033075,15.809669250000002,12.540553644166666,0.0,320.32609759722214,0.0
1fda6d01-426b-494a-a6c1-76d4c99f529c,0.0,0.0,0.0,0.0,0.0,0.0
e1d41bab-ba53-4c9c-874c-f0787a555100,30.091741766666665,29.908258233333335,11.810317199999998,0.0,316.5260569950001,0.0
48251c64-b100-4986-869a-5db80aff08e2,0.0,0.0,0.0,0.0,0.0,0.0
255844f8-30dc-4de1-aa2a-36c7378ca7f7,0.0,0.0,0.0,0.0,0.0,0.0
52db5ae4-59f6-4a58-bd65-c0b3d31318c4,26.7276697,33.2723303,9.434089129999998,2.399244203333334,328.1412766852778,0.0
f7e6fee5-374a-4768-bac2-9c2cb393506e,4.190513683333333,55.80948631666667,12.0740786275,2.425921372499999,495.55857498361127,0.0
190f0fda-da40-4da4-8d53-a88e6ecab526,0.0,0.0,0.0,0.0,0.0,0.0
3964b397-c431-4063-9f3d-458b5cf4e05c,32.17524406666667,27.824755933333332,11.16248373888889,2.320849594444444,353.2552497236111,0.0
75e66c75-98e9-4d40-acb5-0deb7ca0bdc6,15.627026,44.372974,9.24898575111111,2.25101424888889,321.02869092277774,0.0
472c7abd-1aaf-486b-aae8-0214aeb82df6,47.625791400000004,12.374208599999998,14.157176975833334,0.0,372.00699044361124,0.0
c4b7b374-bcd8-4034-a6fb-1c44d8eb0b99,26.8591262,33.1408738,13.004092487500001,0.0,422.3678249622222,0.0
8142b789-2f7d-4b8f-a69c-aef9c571c2a0,0.0,0.0,0.0,0.0,0.0,0.0
7f168609-aef5-4951-9556-8dcb17abe597,0.0,0.0,0.0,0.0,0.0,0.0
fb54dcf9-66d5-41e8-9ef5-9036d6b48cbd,0.0,0.0,0.0,0.0,0.0,0.0
88ebbfec-bc8b-44da-962a-9d10caa97c6f,0.0,0.0,0.0,0.0,0.0,0.0
cb5e9401-df71-4ce4-b2a0-3b0f8ada543b,0.0,0.0,0.0,0.0,0.0,0.0
9508d371-a46f-4b1d-a215-820d169360cc,29.60660845,30.39339155,12.497779330555554,3.5022206694444464,415.37584858638894,0.0
2da085b7-67d3-46c9-b532-7fa7db484cf5,0.0,0.0,0.0,0.0,0.0,0.0
cb1e04c9-f075-4d42-9fcf-f2d5435bc581,0.0,0.0,0.0,0.0,0.0,0.0
315323a1-3901-4b16-ac05-429e8b31b38e,0.0,0.0,0.0,0.0,0.0,0.0
9348a88a-ca7b-4adb-b9da-833ac281a07a,0.0,0.0,0.0,0.0,0.0,0.0
7585647b-8eb4-4075-965f-6ac1a31b8211,0.0,0.0,0.0,0.0,0.0,0.0
b6898f84-72ad-4688-ae90-d84911d022f3,8.773585116666668,51.226414883333334,13.409130356944445,0.09059186527777759,424.8672911530556,0.0
578ee20a-a385-4ca5-96d3-4c697d0362d4,0.0,60.0,0.0,24.0,0.0,35.5
84fdbc2a-6897-4c4c-b93c-0b0c39af2f10,0.0,0.0,0.0,0.0,0.0,0.0
4e28b944-a39b-4d45-9a2b-c3f834d53bc8,0.0,0.0,0.0,0.0,0.0,0.0
2a494af9-bf59-44b6-a171-83f8436e4e2a,0.0,0.0,0.0,0.0,0.0,0.0
6e491c2a-7f63-4743-b843-2cb3b98b0281,0.0,60.0,0.0,11.5,0.0,80.5
22180c58-c269-4ba3-9d20-3aa9c579f5c4,54.72237506666667,5.27762493333333,18.904968853888892,0.0,376.8077721708335,0.0
2aa78f77-2610-4c9e-bda5-45c5ff2c7461,0.0,60.0,0.0,5.499722222222222,0.0,77.74805555555555
0890433c-1729-4973-a1d3-a9fd4b8fef04,12.0019771,47.9980229,13.515751056944445,0.0,425.20788929277774,0.0
4dc75cd8-3634-4498-8df4-c2e9338edd8b,0.0,0.0,0.0,0.0,0.0,0.0
249f2cbc-bb3c-4eac-a36b-461b88b454d8,0.0,0.0,0.0,0.0,0.0,0.0
14f28e86-e18f-466d-81bb-dab570d6fe71,0.0,0.0,0.0,0.0,0.0,0.0
4dd20c80-b724-4773-982f-db188ce93986,0.0,60.0,0.0,10.0,0.0,72.0
587ee54c-55d4-4e1e-8318-5b497ade5e72,37.70874306666666,22.291256933333337,13.364506516111112,0.0,423.60401147944447,0.0
29c1d386-4e92-438b-864e-5eb25ff71eb9,0.0,0.0,0.0,0.0,0.0,0.0
c9028d1d-1098-4bee-bbfa-a18472e0ff8d,37.67472466666666,22.325275333333334,23.349843710277774,0.6498785119444478,667.8801854016668,0.0
2dd5a655-dbf4-4d91-b9f8-bab04390411a,0.0,0.0,0.0,0.0,0.0,0.0
c9a763d7-5eab-44a1-bd3a-86e76d27dba2,8.736592933333332,51.263407066666666,13.407698625,0.09202359722222253,424.8513018833333,0.0
37b4716e-f78c-48f5-84c7-fec6306ac541,0.0,60.0,0.0,23.99972222222222,0.0,167.99805555555557
19cb2901-693f-4092-a9bf-392541ede1f1,35.931415799999996,24.0685842,9.587305931666668,1.9126940683333324,327.46487769611116,0.0
9e49f3f3-4400-430f-9eaf-a9ab4b365408,32.6617307,27.3382693,6.5317439622222215,3.9682560377777785,91.71812071166666,0.0
1fc0d0b5-6a3d-425c-9732-924e8b84c976,0.0,60.0,0.0,13.92186862638889,0.0,91.0
6e4d62f4-6733-4c46-8ca7-82ef99137e8d,12.289982,47.710018,13.525170088333333,0.0,425.24963591999995,0.0
da93c54d-c0a3-4346-8f9c-0b3d77b5c11c,46.626895399999995,13.373104600000003,12.766306783333334,0.0,389.3469097822222,0.0
d866f410-c712-4efb-ac05-e2d58d55e39b,0.0,0.0,0.0,0.0,0.0,0.0
05eee01a-d332-4b19-8247-ce97fc1ff841,0.0,0.0,0.0,0.0,0.0,0.0
a33f0bea-5499-4ba2-aec5-304e10342dad,41.23473695,18.765263049999998,8.68042698638889,1.069573013611111,251.6044930955555,0.0
d51f9925-89ff-4e03-96a4-a0767c893460,12.2221352,47.777864799999996,13.523490090000001,0.0,416.8005928641666,0.0
35ee45da-e89b-4d4b-9c79-04559eec664e,0.0,60.0,0.0,13.0,0.0,90.0
b19c0272-ffd1-4d13-9f62-af49762115a1,0.0,0.0,0.0,0.0,0.0,0.0
3898a1c5-92bb-42b6-a37c-ece92d351700,0.0,0.0,0.0,0.0,0.0,0.0
7763af85-55ea-4bd2-ad21-b2f3f2bfc81d,0.0,0.0,0.0,0.0,0.0,0.0
52e61c98-2a75-4a56-af04-465341eea4ba,25.388219866666667,34.61178013333333,12.427490326944444,3.572509673055556,373.7912683627778,0.0
3fb02386-5c2f-4e7e-8653-f9c58f0b9c1e,25.864550766666664,34.13544923333334,9.970216242222222,2.0297837577777784,339.02666893388886,0.0
3ecb5ed1-4136-48ce-b571-a6406c9a549b,0.0,60.0,0.0,7.983333333333333,0.0,55.98166666666667
4bb6335a-9968-4797-a858-50dcd2f02e8e,28.871826183333333,31.128173816666667,13.520690737777779,0.0,369.53177558500005,0.0
3e89adea-5ba2-4ee6-b1a6-737d4a2e06f6,0.0,0.0,0.0,0.0,0.0,0.0
298bca11-2c07-46de-b829-edd40e4f176d,0.0,0.0,0.0,0.0,0.0,0.0
3ac18b00-e806-42b2-975c-c9a5e48061f9,28.995092633333336,31.004907366666664,12.487567221944445,3.512432778055554,433.49390242138895,0.0
44705416-4ca2-4b1d-8c71-4ea20cbccce4,0.0,60.0,5.987058511388889,2.0129414886111117,167.9575229341667,0.0
a2e05d42-50d5-4127-885b-9fa228ba8b8c,12.928697483333334,47.07130251666667,13.530630892777777,0.0,425.7069307244445,0.0
c9ec0fba-d5c7-4002-b223-fb16266a332d,10.760717033333332,49.239282966666664,12.47496995388889,0.5250300461111106,414.5562210286111,0.0
59b204eb-2520-42a7-85d4-a3ba7910499e,0.0,0.0,0.0,0.0,0.0,0.0
a22839ef-4841-4074-ab1d-f356ae348ee8,10.623135766666667,49.37686423333333,9.16538132722222,4.334340895,332.0245147827777,0.0
d5253085-26ba-4a86-a7fd-c0a2b6de101f,0.0,0.0,0.0,0.0,0.0,0.0
e45ff62b-f578-45aa-81a3-af8d0a080f88,0.0,0.0,0.0,0.0,0.0,0.0
739fa5da-9262-47f6-9f6b-3dfb2e5b46f4,20.4362475,39.56375249999999,12.794488863611111,0.2055111363888884,421.63481646222226,0.0
6ecacb55-e73c-4cae-8f4d-71529dac1b16,25.727650649999998,34.27234935,12.433315003333332,3.5666849966666674,433.1332526466667,0.0
12a42eb4-fd0b-476d-807d-783bf6b2bd58,0.0,0.0,0.0,0.0,0.0,0.0
74af9d4a-88df-42ad-b0da-aef2a879ed01,0.0,0.0,0.0,0.0,0.0,0.0
96e29a61-3372-48c1-9e39-70e90422836a,47.88428876666667,12.115711233333332,19.667381327500003,0.0,474.8627295716666,0.0
e71c1861-0179-4a95-9795-4e87c8fcde65,51.95518308333333,8.044816916666665,14.31085008388889,0.0,391.46974778416677,0.0
8d2f9b4d-6b58-464c-9d40-ea4e30806f47,0.0,60.0,0.0,23.99972222222222,0.0,167.99805555555557
2f6c25d6-b255-40f5-97bc-fa4853f5250a,0.0,0.0,0.0,0.0,0.0,0.0
4f60cdc2-1a28-4909-9452-166c9992376d,0.0,0.0,0.0,0.0,0.0,0.0
b9750b85-c7d7-490b-bbe3-0ccb779f33d2,0.0,0.0,0.0,0.0,0.0,0.0
feea094e-ceed-4cb1-a59f-6505c33ce5cd,0.0,0.0,0.0,0.0,0.0,0.0
8c9cd597-ff9c-4809-948e-3a4d14e1f1f8,0.0,60.0,0.0,12.0,0.0,87.49916666666667
3b219bc2-efe6-4e41-b770-b6b8382a90ee,0.0,0.0,0.0,0.0,0.0,0.0
9fdce0a6-8841-4262-91e0-2116a7b9a30a,0.0,0.0,0.0,0.0,0.0,0.0
cc3810a3-e44c-44f7-9615-4ab7c76cc0c6,0.0,0.0,0.0,0.0,0.0,0.0
6b367331-5909-48ed-aadc-bcd28ce3ead0,34.67665745,25.32334255,9.566524741388887,1.7668085919444456,328.00457352444454,0.0
4ec45e3c-e8c5-481e-8cdd-8e0f4243fbd1,0.0,0.0,0.0,0.0,0.0,0.0
249d9c7b-fd41-4097-af27-fd648fc73ba9,0.0,0.0,0.0,0.0,0.0,0.0
d9dd3a02-cd81-4048-ad55-c2e79e8886ba,0.0,60.0,0.0,8.92186862638889,0.0,64.49972222222222
d8c95ab6-a9f7-464f-a4dd-4c7645e96a24,18.693935866666667,41.30606413333333,13.720008003333332,0.0,426.3796024416665,0.0
14e9275d-2296-44a4-b0be-139c50ccf805,38.516354383333336,21.483645616666664,9.630400899722222,1.3695991002777776,324.70774684138894,0.0
1cc59f9c-d21a-4d6e-8bd3-8defaad43c70,0.0,0.0,0.0,0.0,0.0,0.0
ed14b1b3-baa2-4567-b161-d9f42e501ced,0.0,0.0,0.0,0.0,0.0,0.0
59e4835a-bf6a-4dfd-8cf8-63967b5fb35d,0.0,0.0,0.0,0.0,0.0,0.0
e8d86d9e-7f09-4a9a-871f-d515fdda7d04,31.323193783333334,28.676806216666666,14.15102722611111,0.0,442.89098988750004,0.0
ef969cbb-ae17-458f-b6f2-fbd683799285,12.667165916666667,47.33283408333333,9.199128378055555,2.300871621944445,325.2591070955555,0.0
a09f0820-ba97-470e-9485-f6938024d785,14.207181333333333,45.79281866666667,10.571752731944445,2.4115806013888887,326.03958443777776,0.0
9cb27797-5d3f-4fa5-a146-887a921fb06e,8.137087183333334,51.86291281666667,13.388313995277777,0.11140822694444473,424.7710581780555,0.0
0de090df-f7c7-452e-9893-349563cc02d6,41.94089391666667,18.059106083333337,12.465628247222222,0.0,274.9923491425,0.0
07dbb463-8e68-46fa-b908-fec3df427e33,0.0,0.0,0.0,0.0,0.0,0.0
a3fed5bd-fb0c-47bd-a021-f11c62a0ab73,0.0,60.0,0.0,12.983333333333333,0.0,90.98166666666667
161e986b-86a8-44b8-9b92-3b470de9255a,0.0,60.0,0.0,23.983333333333334,0.0,167.88333333333333
40d3b4b4-4492-43f1-9fcc-34006baff034,19.926013133333335,40.07398686666667,9.320348146666666,2.512985186666667,327.93539738583326,0.0
b8d11580-8e5b-4aa2-8b13-ea9bef143225,17.979505300000003,42.0204947,9.287899816944444,2.7121001830555564,328.75441502916664,0.0
09d1609e-3e82-41fb-bb4b-8cab8805e7af,0.0,0.0,0.0,0.0,0.0,0.0
a91a483d-1138-4651-9a5c-4f3051afccc6,0.0,60.0,0.0,12.0,0.0,86.99916666666667
306555fa-4077-455a-8a97-1c90060a238e,0.0,0.0,0.0,0.0,0.0,0.0
52a34238-4cf1-482d-abda-edf45f88f775,0.0,0.0,0.0,0.0,0.0,0.0
2822692b-6b1f-4fa5-88b9-ad3dfef84335,0.0,0.0,0.0,0.0,0.0,0.0
deafd890-f6c6-4835-bafb-f5afd3bfdae4,0.0,0.0,0.0,0.0,0.0,0.0
704a1da9-c299-46e9-8ee0-4678e5cc53fc,12.751366166666665,47.24863383333333,13.540239094722223,0.0,417.92602809666676,0.0
0cadf602-6bc1-42e8-b9ee-9c0553994d96,0.0,0.0,0.0,0.0,0.0,0.0
97fea5f1-dbf6-4107-9878-1c1ebcb0d01d,0.0,60.0,0.0,7.921868626388889,0.0,67.96666666666667
bf7dc571-600b-4556-8d29-9b06b5bc2ea2,9.604631733333333,50.395368266666665,9.148058971666668,2.601941028333333,326.4595942869445,0.0
f38e4a04-abf6-4875-bd09-ea3b46e4e61c,30.09746768333333,29.90253231666667,13.110773853888887,0.0,422.72907686277784,0.0
f67035ea-2cd5-4ca8-9964-efe95a7552fc,0.0,0.0,0.0,0.0,0.0,0.0
93a52c5c-158e-41e4-a5bd-6484bc4363a6,0.0,60.0,0.0,10.5,0.0,75.5
94462106-56c8-481a-b9f1-9d0adc061320,0.0,0.0,0.0,0.0,0.0,0.0
244d84a4-dc9a-46ae-b1e6-2e590732ce14,0.0,60.0,0.0,12.983333333333333,0.0,90.98166666666667
539c7878-a017-4a91-beb1-07cc4015c6e2,8.87734285,51.12265715,13.412048812500002,0.08767340972222074,424.86635472555565,0.0
086b0f07-0183-460b-a6fc-78308ce4e83b,0.0,0.0,0.0,0.0,0.0,0.0
67c02fc5-3210-4de9-bc93-3ba98e175d6c,34.4904477,25.509552300000003,9.563199724722221,2.936800275277779,392.9457122858334,0.0
28630830-04fd-488b-8a00-c84332e2f505,0.0,60.0,0.0,7.921868626388889,0.0,67.96666666666667
e4bae93c-39ba-44bb-8daa-b73211f7b7ba,0.0,0.0,0.0,0.0,0.0,0.0
e042a6e1-90c9-475e-883e-ff439efd45de,25.0050243,34.994975700000005,9.405074956944445,2.428258376388888,327.9638726144444,0.0
47e205e9-46a6-44a2-9a07-7ad22a44a7f0,44.83203743333333,15.167962566666665,7.7472817733333335,2.002718226666667,257.6821130674999,0.0
259495e8-b1de-4b8a-9f3d-0464e7835dd8,0.0,60.0,0.0,23.99972222222222,0.0,167.99805555555557
7043d081-a76a-43ce-b002-d5fb963fe39f,0.0,60.0,0.0,12.0,0.0,86.99916666666667
205dfdfe-caa6-4843-8626-6a7af6f7e7e4,0.0,0.0,0.0,0.0,0.0,0.0
43715948-89f3-4f59-a6c6-20df4a864911,0.0,0.0,0.0,0.0,0.0,0.0
8dd2a035-6432-4283-bb4d-9a13a4f31228,21.781619283333335,38.21838071666666,22.80363908083333,1.1796942525,650.9677996311111,0.0
3210d51e-e4da-46c6-81ac-c271d01e8735,0.0,0.0,0.0,0.0,0.0,0.0
cbe84273-04e7-436d-a07f-e69fe1df7e60,22.0033066,37.996693400000005,12.844952734999998,0.15504726500000188,421.31946632805557,0.0
1bc6b697-6a8b-45fb-8ddc-5b3310a9c2f8,37.72543246666667,22.274567533333332,23.351841191388885,0.6478810308333374,557.0051886975001,0.0
0d257b29-f267-4449-aa8e-c0e783eb841b,0.0,60.0,0.0,11.5,0.0,80.5
43a0c880-42e2-4ba8-ace3-cea6639206d3,8.94055395,51.05944605,6.136314378611111,5.863685621388889,248.91417525111112,0.0
70d7fbca-d195-4d51-a7d1-1bf8decf8044,37.32507386666667,22.67492613333333,13.351294483611113,0.0,423.56056728194443,0.0
3a2313be-27d9-429f-9906-ccd142d9906c,22.953003233333334,37.046996766666666,13.859441786666666,0.0,426.83226635861115,0.0
53f9e884-79e3-4cc9-9712-a0d20eee5c82,0.0,0.0,0.0,0.0,0.0,0.0
5b72c5be-b929-4c0c-86db-64fe87955e79,50.45626023333333,9.543739766666667,14.260860876111108,0.0,391.1909232291668,0.0
7b0a8e0c-8a57-4672-b4ea-78e7109be287,0.0,0.0,0.0,0.0,0.0,0.0
4610c8f9-adb8-4100-910d-51a8f9615b32,22.123486800000002,37.8765132,9.357162942222221,2.976170391111112,330.6814455277777,0.0
f0d6ff3b-79c2-422f-bd0f-9deeadd1fdcc,0.0,0.0,0.0,0.0,0.0,0.0
ccf43d17-d508-4812-8de5-3c6aa488e2a9,0.0,0.0,0.0,0.0,0.0,0.0
e06c912d-222a-4dbc-abe8-f1361e9f760f,9.67518395,50.324816049999995,9.14935525861111,2.3506447413888902,324.9703354922222,0.0
6e74a3d4-24cb-4494-8f54-71acf38c419b,0.0,0.0,0.0,0.0,0.0,0.0
f51bfbe4-d117-4b88-89e6-829c3cff612b,0.0,0.0,0.0,0.0,0.0,0.0
f3e8d4e3-3603-4681-8d1c-b2537ac996f7,15.899396116666667,44.10060388333333,10.644675540000001,2.3550466822222207,303.9146543361111,0.0
62a7d4ea-66df-467f-b1c6-02bad36cddb3,32.6791779,27.3208221,11.195356862222223,1.8043653599999985,344.9790726594444,0.0
24bd3d2b-c540-4eb9-8592-2c96b7da477a,37.89450535,22.10549465,12.636188129166666,3.113811870833334,418.29708796083327,0.0
9a8fb34e-32c3-444d-8263-a8138b1254de,0.0,0.0,0.0,0.0,0.0,0.0
3448af51-6f95-4f50-8b22-c6910cf8eb57,0.0,60.0,0.0,23.99972222222222,0.0,167.99805555555557
ced971bc-e7de-4f51-a12a-3dc4f3dca432,0.0,60.0,0.0,7.0,0.0,69.0
73bf7f9d-1c35-4aeb-826f-94186dc243b6,0.0,0.0,0.0,0.0,0.0,0.0
7eacd7ac-a49c-47e9-8c07-c4778bc1a9dd,0.0,0.0,0.0,0.0,0.0,0.0
d7a6bdd7-ac99-430f-8823-511839e97f8c,0.0,0.0,0.0,0.0,0.0,0.0
79a6fe78-fbac-44cb-880c-4a16fe6792c8,0.0,0.0,0.0,0.0,0.0,0.0
f7e70a1c-0015-4240-a7c9-c970ded9aa78,0.0,0.0,0.0,0.0,0.0,0.0
354b5616-6f7d-456d-928d-f13daf578781,27.163902383333333,32.83609761666666,13.997613041666668,0.0,421.3705518838889,0.0
de930945-4aaf-4b37-b5f9-f39ecc3ee06f,7.070010783333333,52.92998921666666,13.334770285277777,0.14856304805555637,425.0195043155556,0.0
ae1ce22a-f2ba-4e42-a717-6d64a712c72f,29.43526723333333,30.56473276666667,9.47900105,2.0209989499999996,326.83662687861107,0.0
4adfbf3b-c98c-4f1e-bbe7-9538abec98c2,0.0,60.0,0.0,7.921868626388889,0.0,56.96666666666667
7c885584-582e-4f74-98a4-d021ca9bc286,0.0,0.0,0.0,0.0,0.0,0.0
52934307-82e6-45f5-ac27-49aa092a8bbb,21.011626966666665,38.98837303333333,13.81283744972222,0.18688477250000182,426.2047928738888,0.0
0975a762-664f-4f48-9929-4abbdfc3db58,0.0,0.0,0.0,0.0,0.0,0.0
4a1b3b90-d6fd-4556-a7a1-8b2c7e042917,0.0,0.0,0.0,0.0,0.0,0.0
f3d466c1-8f97-445c-b161-5da6eddf38d1,33.08162418333333,26.918375816666664,2.616948210555556,2.883051789444444,194.9112974875,0.0
7b32388f-e432-4918-8f2c-776878f2dc76,10.858443566666667,49.141556433333335,13.461732055555553,0.5216012777777804,425.51062957027773,0.0
9705026b-788b-4fc5-a644-578964745343,9.914184566666668,50.08581543333333,12.446081111944444,0.5539188880555553,420.44828708749986,0.0
785314e2-f048-4a3f-a8bc-c5e7fcdc7a1a,43.361459950000004,16.63854005,10.51479730222222,0.0,285.1798708644444,0.0
aec31305-3984-49b3-bc3a-dec7750f1e77,8.268942733333335,51.73105726666667,13.392743664444444,0.1069785577777778,424.7782433416667,0.0
4e348bde-4230-4a02-ac54-1564a07a7283,0.0,60.0,0.0,11.25,0.0,80.25
85873a46-e76d-46e3-a821-f18c01c92c75,28.726918350000002,31.273081649999998,11.047361501944446,2.435971831388888,352.8978951597222,0.0
3f646d0a-4522-4f6c-8872-228f0274ccaf,0.0,60.0,0.0,10.0,0.0,72.0
98868a07-8ad9-4cde-9d8d-f7978d2a9490,20.371127116666667,39.62887288333333,13.775416487222222,0.20791684611111122,420.58751281944444,0.0
8a9c885c-8691-4b51-952b-15b55ff2357f,0.0,60.0,0.0,13.0,0.0,90.0
703ebff8-aad8-49ce-a473-1c972e86a189,27.421408233333334,32.57859176666667,13.022314213888889,0.0,422.43547774999996,0.0
5d7a246f-2e58-4496-8ecf-1b5f540927ea,37.40204965,22.597950349999998,11.353585623333332,2.1461365988888894,353.57385381666666,0.0
3560daa8-4085-452f-ab62-59bae311f1d1,0.0,0.0,0.0,0.0,0.0,0.0
a03ea52a-6223-461d-b7ea-cfd644a3750c,44.89427431666666,15.105725683333336,10.31547946388889,0.0,283.67000011805555,0.0
abc82718-059c-4ee7-9b75-6e97135fbc51,0.0,0.0,0.0,0.0,0.0,0.0
ec1be024-235a-4703-ae1d-cc1c22ee5b3d,38.11538253333333,21.88461746666667,12.639837493055555,3.3601625069444445,434.6347205938889,0.0
0509ef68-88a9-4cce-8616-6e5020fa6082,51.56599275,8.434007249999999,14.787166242777776,0.0,363.2838206688889,0.0
3378dfb7-eda6-4d3a-8796-bf931c1a32f3,0.0,0.0,0.0,0.0,0.0,0.0
790410e1-c253-4421-aade-177dab7574c6,0.0,60.0,0.0,12.0,0.0,85.96666666666667
83c192ea-be15-4cb7-93a8-e43d5134acce,0.0,0.0,0.0,0.0,0.0,0.0
21772201-6979-4bf4-998f-b3bb574f9e16,21.8360139,38.163986099999995,13.839015606944445,0.16070661527777702,412.11744872277785,0.0
14e4b315-4c44-43c4-8d7a-916c82e58cd6,0.0,0.0,0.0,0.0,0.0,0.0
871031a3-526a-41b7-a46d-89c1048d3a6a,38.907375683333335,21.09262431666667,6.637341327777778,4.362658672222222,247.90834181416665,0.0
d1d17eaa-4168-46e3-8358-8fb6e5b2320a,28.235933699999997,31.764066300000003,9.458920806388889,2.0410791936111106,326.7271476838889,0.0
ac9fb54b-07e6-4d0f-889c-bafbec6ff54b,0.0,0.0,0.0,0.0,0.0,0.0
4858a986-59af-4b9d-bcdd-cc00eceffeef,41.748380600000004,18.251619399999996,14.478404607500002,0.0,423.0324554027779,0.0
e096fc01-9a3d-49c0-a37d-52a0b01e0a48,0.0,60.0,0.0,7.999722222222222,0.0,62.998333333333335
fb21cb05-b184-4a15-b707-f979450d8ba3,0.0,0.0,0.0,0.0,0.0,0.0
55f5d620-2dea-4423-9174-833e16337518,0.0,60.0,0.0,12.0,0.0,86.99916666666667
7365a544-4de6-4ca7-aa2c-62685f35d6ff,13.3445949,46.6554051,13.543976522222222,0.0,425.8562230236111,0.0
204a42e4-1d4f-4629-8a12-700b4bef7817,0.0,60.0,0.0,8.92186862638889,0.0,60.5
7ca4ac3f-942f-484b-81c5-c452acdc7e0f,5.243072466666666,54.75692753333333,12.72876110722222,0.0,376.88435605777767,0.0
1c5fdd59-cb6e-4763-a502-9a8baefb426e,0.0,60.0,0.0,12.983333333333333,0.0,90.98166666666667
1caa47ae-1b19-4901-be5e-00877cf5d888,0.0,0.0,0.0,0.0,0.0,0.0
936ff3c3-d4da-4152-81ad-67577965f2b0,0.0,0.0,0.0,0.0,0.0,0.0
a4f61ed3-25a5-402c-a600-08a0ae454cbb,32.79629655,27.20370345,9.535241543888889,3.298091789444445,394.644284555,0.0
e36d1f93-3f65-4e7b-bfea-df69aaf227a7,0.0,0.0,0.0,0.0,0.0,0.0
f8efbce2-754b-4a9e-88e9-f08833bc2b80,0.0,0.0,0.0,0.0,0.0,0.0
0f45845f-e971-405e-a974-e11975339c9e,0.0,0.0,0.0,0.0,0.0,0.0
9e508b10-7191-42f6-93e2-7dcb236294c1,25.948747700000002,34.0512523,12.97429120138889,0.025708798611109765,378.87468954388885,0.0
1e7dce21-794a-4d06-b91b-afc463c6e5c7,41.161446149999996,18.83855385,10.443571280277778,0.0,284.8722882894444,0.0
c24d22c9-f3ee-4439-97e8-9ed087d425d2,34.558292183333336,25.441707816666668,6.56341193,2.7699214033333335,237.37000954861114,0.0
57ad3e97-6631-4547-9ad4-aa7da1c6cfc3,0.0,0.0,0.0,0.0,0.0,0.0
b2bea6bd-a644-4bb7-adcf-600a34f99e2c,0.0,0.0,0.0,0.0,0.0,0.0
6435bd7a-994f-45bc-bde4-4c62f7b6180e,25.353170083333335,34.64682991666667,9.410968031944444,2.4223653013888886,328.45742256194444,0.0
31f8159a-9401-44a4-bb92-c0206ff3483e,12.6843699,47.3156301,13.539092719444444,0.0,425.28652149722217,0.0
18b602c0-243d-4ba8-ae43-7ab30088de46,0.0,0.0,0.0,0.0,0.0,0.0
9cb6745d-b79b-4cd8-aedd-f52fd38f0e9a,0.0,0.0,0.0,0.0,0.0,0.0
d2522432-2b64-4960-bef9-f3ad67fd75fa,31.645933766666666,28.354066233333334,11.14416095027778,2.3391723830555544,353.19225081416675,0.0
6919653e-fc86-431a-969e-a46e774c3471,0.0,60.0,0.0,12.0,0.0,85.96666666666667
f7fd6420-9471-4da0-a946-324b0ca8fec3,0.0,0.0,0.0,0.0,0.0,0.0
a1aaef94-aa42-4289-aaf0-ce2b84ab7768,0.0,0.0,0.0,0.0,0.0,0.0
30d3418d-fd22-4edd-9625-e7686ab1d5c4,0.0,0.0,0.0,0.0,0.0,0.0
99eb6c03-df6d-4a6c-8cd0-6df65f30d6f4,0.0,0.0,0.0,0.0,0.0,0.0
ca62bbf0-7505-4361-832f-8261aa7a61d6,0.0,0.0,0.0,0.0,0.0,0.0
b97c4e7e-c1f2-4cbe-9f72-3dc9ae5d3585,0.0,0.0,0.0,0.0,0.0,0.0
b77cb686-6d32-4813-b0d1-b4d8ff0749c9,0.0,0.0,0.0,0.0,0.0,0.0
6297a66f-373c-42e2-b3ce-9f8b2670b929,0.0,60.0,0.0,12.0,0.0,85.96666666666667
b5d0a65d-6d54-47aa-95e9-9312f0353326,23.680354233333333,36.31964576666667,12.8995077875,0.10049221249999997,439.9448975247222,0.0
07e4fd7f-c6cd-4277-8f60-f30259608cbf,0.0,0.0,0.0,0.0,0.0,0.0
5c953c71-62f7-4f29-acc7-8d2627d29366,33.100801383333334,26.89919861666667,14.2106397875,0.0,427.6660485086111,0.0
28802d5f-4395-43bf-b315-0913d60fde71,0.0,0.0,0.0,0.0,0.0,0.0
c330b8ff-7782-41b8-88f1-893dfa0d424a,0.0,0.0,0.0,0.0,0.0,0.0
39180ce0-0d4d-4a54-b5b5-30a15ca1125e,0.0,0.0,0.0,0.0,0.0,0.0
c3657293-f2fe-4aab-b829-03e76611376f,0.0,60.0,0.0,11.25,197.86448979527782,0.0
a0cff27d-02d5-4ab2-8c55-1d1dc217ea62,0.0,0.0,0.0,0.0,0.0,0.0
c32c5db4-5220-4652-be8b-c879ceed53d1,0.0,0.0,0.0,0.0,0.0,0.0
f561fb54-96ef-482f-9cc5-18ecfc64cc0d,48.77959435,11.220405649999998,18.70505780444445,0.0,487.0160277541665,0.0
c4916cb0-2d08-42f3-ab57-cec0822fe4fd,0.0,0.0,0.0,0.0,0.0,0.0
24260d03-312a-47c6-bcf6-703903ad16ab,12.695488033333334,47.30451196666666,9.199706336666667,2.300293663333333,329.6617499299999,0.0
072291a8-62d6-4721-b014-ac78983cfce5,0.0,0.0,0.0,0.0,0.0,0.0
c3c77f5e-ac92-4673-8f18-6e28202ea3bd,0.0,60.0,0.0,11.5,0.0,82.48333333333333
b1903b77-ad4b-4a03-bfbf-71156c803b9b,0.0,0.0,0.0,0.0,0.0,0.0
b9658706-c388-4880-89a1-327f195b44c1,0.0,0.0,0.0,0.0,0.0,0.0
14a8fe1b-97cd-4d28-aa53-756bcc7f5954,0.0,0.0,0.0,0.0,0.0,0.0
9b139dec-b17b-4854-af2d-648516895b0b,0.0,0.0,0.0,0.0,0.0,0.0
598ca771-4b36-4564-8220-359792ea85ec,31.761842683333334,28.238157316666666,15.872040562500002,0.0,392.9479752986111,0.0
a2b7f12a-763b-40b1-a025-b106e2ddea34,33.660406816666665,26.33959318333333,6.548396376944445,4.451603623055555,252.60825697277775,0.0
43e218d0-5061-4e69-a160-36a802c49413,34.642426099999994,25.357573900000002,9.566033956666669,2.0172993766666654,329.0018055913889,0.0
01e38f5a-0a56-4668-b0d1-9af60bbe4fb5,0.0,60.0,5.987201609166667,2.012798390833333,167.96175577583335,0.0
2dd70367-9494-4002-baa6-648d64b31656,1.3176621,48.37022031666667,6.009062783055556,2.740937216944445,230.97155086305554,0.0
f31aeb80-a571-43cb-8cc6-129e26f2b696,0.0,0.0,0.0,0.0,0.0,0.0
b223e45e-5688-4044-bcac-26b12961c7a8,0.0,60.0,0.0,15.5,0.0,88.46666666666667
53e6bd48-5a31-45c1-8b65-a7596d8a76a9,25.762447633333334,34.23755236666667,12.433946833333334,3.5660531666666673,433.14147452638883,0.0
da1dce88-55df-4960-a34e-9258c92d1a41,49.69135188333333,10.308648116666669,18.737526127222225,0.0,487.14296116222215,0.0
4293d0ce-6904-4dac-a88f-c49ee6374495,0.0,60.0,0.0,23.99972222222222,0.0,167.99805555555557
140bb3cb-ae21-459a-a66d-46f5ba6dd958,0.0,60.0,0.0,13.92186862638889,0.0,91.0
79758d59-cd12-49f8-8c68-c8753270712e,38.5792315,21.4207685,12.65006724,3.3499327600000006,434.7207168536111,0.0
657f0fcc-4df8-4517-9916-3f58a132686b,21.64953566666667,38.350464333333335,12.833251507777776,0.16674849222222393,421.27489159777775,0.0
93c11f94-2384-4b2e-b4a0-c3f91552e9cf,0.0,0.0,0.0,0.0,0.0,0.0
e4c955d0-a293-499b-9024-b8f793d3297f,0.0,60.0,0.0,12.999722222222223,0.0,90.99805555555555
167d0552-ce21-4e65-a135-c43558e07d54,0.0,60.0,0.0,11.5,0.0,82.48333333333333
219b5e41-9594-4e96-a014-f4f8e91782c7,0.0,0.0,0.0,0.0,0.0,0.0
ae74eb81-05ba-4f1d-bc93-bf85f16ca5f4,16.739763916666668,43.26023608333333,13.656964120555555,0.32636921277777825,420.1678707375,0.0
03d6ef9e-9da3-4c40-81a8-76b698c58af1,50.165730966666665,9.834269033333332,27.732117342500004,0.0,699.1091851841664,0.0
b7eb80e7-4177-4477-89c6-baa7924cad61,0.0,60.0,0.0,23.99972222222222,0.0,167.99805555555557
af1a997f-004c-4da1-aca9-dd3419fc94dd,0.0,0.0,0.0,0.0,0.0,0.0
e699af9b-1281-4965-8729-cb563d5a2ad4,0.0,60.0,0.0,12.0,0.0,85.96666666666667
2cdf1abf-0be4-489a-8e27-f04bc528d746,0.0,0.0,0.0,0.0,0.0,0.0
5dced4d7-7816-4092-8efb-88d1fa55a8c2,0.0,0.0,0.0,0.0,0.0,0.0
c9902203-cfdc-4658-b9f0-4f411cca1bd7,0.0,60.0,0.0,13.92186862638889,0.0,91.0
81fd18a4-ed2c-4597-a529-36bfbab8e191,0.0,0.0,0.0,0.0,0.0,0.0
8bfdece3-3ebc-44bc-af67-5a7a549073a7,0.0,0.0,0.0,0.0,0.0,0.0
c3a47814-3ee9-4a52-b6be-a0d7a7919a94,13.039525950000002,46.96047405,9.2053582575,2.294641742499999,325.2890939716666,0.0
608a3a2d-3d0c-4631-942d-25a7b1c0ae3b,0.0,60.0,0.0,23.99972222222222,0.0,167.99805555555557
0a08d910-f1b7-4101-9803-cc04cb697be4,0.0,0.0,0.0,0.0,0.0,0.0
9c3d54fd-d401-4c28-a9c5-ee559d76366c,22.479122283333332,37.52087771666667,13.843830281944445,0.0,426.77672384083337,0.0
18654ca8-ac31-4c70-bf79-ec764090073e,0.0,0.0,0.0,0.0,0.0,0.0
8761599c-4882-4313-b525-b26e964a5a49,10.2189826,49.7810174,13.456927075555557,0.04279514666666526,425.0198858038889,0.0
b5929a42-1e1c-4ac4-8817-9766e76786d0,0.0,0.0,0.0,0.0,0.0,0.0
297874ba-9a31-4931-8c4b-85ff258a824c,0.0,0.0,0.0,0.0,0.0,0.0
e367dc58-2978-491b-8240-56ad1b730470,0.0,60.0,0.0,24.0,0.0,35.5
20bb7984-29b1-4358-8564-e0c4bb744c32,0.0,0.0,0.0,0.0,0.0,0.0
73fc5b4f-e277-4f06-94e2-00a6d35c4522,0.0,60.0,0.0,13.499722222222223,0.0,94.49805555555555
9f8dfcae-42e4-412d-b81b-0bb0f43db859,0.0,0.0,0.0,0.0,0.0,0.0
7197a3f7-d3a1-47a2-bdeb-42753b113871,42.718947316666664,17.281052683333336,10.494532049722222,0.0,292.1024059519445,0.0
b095f01e-13d0-4255-bda2-fcbc7831aa36,0.0,0.0,0.0,0.0,0.0,0.0
270007fd-40c0-469e-a775-be1698f954c4,0.0,0.0,0.0,0.0,0.0,0.0
26a8bb6c-2f81-408a-a936-b6f6574d0fde,0.0,0.0,0.0,0.0,0.0,0.0
3f2fda7a-c60c-47bb-a4e3-e38971b5a6d2,34.78173283333333,25.21826716666667,12.221647749722221,0.0,303.2939322777778,0.0
7033d8d5-2c29-483b-ab30-9aad5f6020a8,0.0,0.0,0.0,0.0,0.0,0.0
b25d9ebf-d017-48df-95c4-d3a4c612a3e6,0.0,0.0,0.0,0.0,0.0,0.0
59c7a73d-dd03-435a-ac3c-b0967b1b31e6,0.0,0.0,0.0,0.0,0.0,0.0
1b4a08e0-f627-4092-9e61-bde6267193b4,11.9722467,48.0277533,13.514619583333333,0.0,425.2098686808333,0.0
88f59098-b929-43e5-a65e-a82725bef2ba,0.0,0.0,0.0,0.0,0.0,0.0
30fddd8d-de45-4ea5-8fc9-d32ff7cd233e,33.343841633333334,26.656158366666666,10.176891635555556,0.0,149.99974736666664,0.0
8f072f27-7769-4aa0-9048-3a42e0b82c96,15.985290383333334,44.014709616666664,9.254963253055555,2.7450367469444448,331.10224798166666,0.0
f18c2dde-e652-49f7-99ff-8d92cc06a6bd,0.0,0.0,0.0,0.0,0.0,0.0
2e8cf461-d0d5-44b7-9e17-403f20f57189,0.0,0.0,0.0,0.0,0.0,0.0
7d82dafc-127b-4cc6-aa94-738893679e25,0.0,0.0,0.0,0.0,0.0,0.0
ab568fd3-fee8-423f-84e8-335bd0607343,31.086273433333336,28.913726566666664,9.50628822638889,1.4937117736111112,312.59864757472224,0.0
0df9efde-41eb-4883-a735-ddaac7184a08,0.0,60.0,0.0,12.983333333333333,0.0,90.98166666666667
f4da140c-9066-42a9-a18b-9aafe5e2ab04,0.0,0.0,0.0,0.0,0.0,0.0
46f2418a-0d60-4ba4-a4f7-32e80475ae0c,0.0,60.0,0.0,24.0,0.0,35.5
f732ea06-7302-4620-95d0-f71131fde890,8.38994025,51.61005975,13.396500864722222,0.10322135749999992,424.79145727583335,0.0
4ff0d315-86e6-49b6-9b49-64b5cbfa6bd9,0.0,0.0,0.0,0.0,0.0,0.0
17ca29fe-edcf-475a-846d-949d00b5504e,40.970723633333336,19.029276366666668,12.432737410000001,0.0,319.85629281722225,0.0
54c343ba-10d8-40fc-8fe4-2d0dab21f738,0.0,0.0,0.0,0.0,0.0,0.0
cd881ee7-9809-493e-8117-04b5f0b59816,0.0,0.0,0.0,0.0,0.0,0.0
a472259f-79af-4665-b400-84486f4ae04b,0.0,0.0,0.0,0.0,0.0,0.0
a728722a-b84e-4322-9382-337179cf5b4f,0.0,0.0,0.0,0.0,0.0,0.0
d18296e8-a000-4236-a21b-fa4b7ec85ca6,0.0,0.0,0.0,0.0,0.0,0.0
0278f3fc-7d04-4230-8fbd-cdf6a6fb00d7,0.0,0.0,0.0,0.0,0.0,0.0
a96d7f73-456f-4270-ac35-77098d5cda4d,0.0,0.0,0.0,0.0,0.0,0.0
59d64538-9773-41e4-bb66-057a144d9017,0.0,0.0,0.0,0.0,0.0,0.0
89403388-ae9c-456b-83aa-7b6d87194765,0.0,0.0,0.0,0.0,0.0,0.0
1008a3b1-9be3-453f-b76c-b16a1828091f,33.57660523333333,26.423394766666668,14.226560534722221,0.0,421.7341318744445,0.0
c57d55d0-eb11-4555-9212-91aab2df9f3f,40.49601998333333,19.503980016666667,13.45952737527778,0.0,423.9376772563888,0.0
3a5562b4-99c5-41ec-93fb-d06d09172db7,0.0,0.0,0.0,0.0,0.0,0.0
88062eae-f6cf-4bb9-a485-6bdbd02f4a33,12.1929859,47.807014099999996,13.522828685833332,0.0,425.2341368108333,0.0
85645d8c-4b70-4078-8b9a-6aefe6868159,0.0,0.0,0.0,0.0,0.0,0.0
9876f2cb-3fbf-4b70-acb6-7393bf5999d6,49.88754986666667,10.112450133333331,8.826519225277778,0.09534940111111104,218.72650182722228,0.0
5c13f3ed-26bc-462d-a916-afe679d7d893,0.0,60.0,0.0,8.92186862638889,0.0,44.0
13a6b94a-096a-4a78-ab24-62382fcb45ae,0.0,0.0,0.0,0.0,0.0,0.0
3f32e8b5-2303-477b-9ef0-6a52dd9a1891,0.0,60.0,0.0,24.0,0.0,35.5
a2baf926-1bff-4b0f-93f8-f947a4160a1e,0.0,60.0,0.0,7.999722222222222,0.0,62.998333333333335
d4476912-1225-4c22-a4b3-449cd752c1f7,0.0,0.0,0.0,0.0,0.0,0.0
4ec52356-83e7-41c2-ae56-e9634c76923a,0.0,0.0,0.0,0.0,0.0,0.0
8cc53fc8-2f77-41b2-bf21-8303fa1a16ff,21.1166953,38.883304700000004,12.816263111111109,0.18373688888889067,421.23657840583337,0.0
94cd0372-0f96-4cb4-b538-d4e52cc65746,0.0,0.0,0.0,0.0,0.0,0.0
5ab0f76a-5e8e-4363-a6d2-2fa202c0f218,0.0,0.0,0.0,0.0,0.0,0.0
1fb33b77-bfbf-42a4-b023-6a218bf30fc4,0.0,60.0,0.0,8.92186862638889,0.0,60.5
85bc8493-eb7b-4431-be19-0e6092be02aa,0.0,60.0,0.0,7.921868626388889,0.0,67.96666666666667
0dac031c-ab82-4e0d-ba97-e550bf055d69,0.0,60.0,5.727682599722223,1.6004487738888888,221.81857624777786,0.0
9a42ba06-dd31-4dcf-8925-b37c7fdd3601,0.0,0.0,0.0,0.0,0.0,0.0
83d072da-c2ff-4f2a-a003-2e3205f45674,25.491659149999997,34.508340849999996,12.42921248611111,3.5707875138888894,427.0958725663889,0.0
6b354a2a-a437-4f35-b0d5-8409d5090ecf,25.978104533333333,34.02189546666667,12.975548423611112,0.024451576388888095,421.7729684747222,0.0
7613a03c-5793-42d5-b163-0864680749c6,0.0,0.0,0.0,0.0,0.0,0.0
1d096d8c-cc9d-4439-a897-99006b1c7e7f,0.0,0.0,0.0,0.0,0.0,0.0
bf2b63f4-d15f-4622-9130-abc6c36c1f6f,0.0,0.0,0.0,0.0,0.0,0.0
4feb319d-8fb3-4c6c-a12d-c6eb6f8062c2,0.0,60.0,0.0,12.0,0.0,86.99916666666667
5aa610be-3694-46d8-9acc-4c90f1b3cac6,0.0,0.0,0.0,0.0,0.0,0.0
50ae9a74-2aa1-4e21-9120-c01a5c3a0de2,0.0,0.0,0.0,0.0,0.0,0.0
b30fa364-6eab-44c9-8413-72b709abd859,9.7598133,50.2401867,13.441223409444445,0.5584988127777777,410.46725038472215,0.0
2d3aa25e-a213-4035-a5e7-75f5f90d2757,0.0,0.0,0.0,0.0,0.0,0.0
f3dd8edc-2ca9-4358-a325-21f1829f2c86,0.0,60.0,0.0,24.0,0.0,35.5
74fc8e71-d047-499e-860d-d217ef5c1e97,0.0,0.0,0.0,0.0,0.0,0.0
99a9f201-86dd-4949-abe2-b0f96f1a33bc,0.0,60.0,0.0,12.999722222222223,0.0,90.99805555555555
47f06d25-0d68-4508-884a-7ebb0d9134d6,0.0,0.0,0.0,0.0,0.0,0.0
b7d0bbb6-c8a1-44e6-9d7c-c3796b8fd127,0.0,0.0,0.0,0.0,0.0,0.0
3a9f4809-2ebb-4a16-a3dc-9b02a33be691,0.0,0.0,0.0,0.0,0.0,0.0
831453a0-6b6c-478f-b864-613d8d3139f8,46.96347001666666,13.036529983333336,19.63603529527778,0.0,476.5701855530556,0.0
03747da9-40cf-4b33-bec4-d6479751aac1,33.55944783333334,26.440552166666667,13.225832678611113,0.0,423.1344839588889,0.0
f01481f7-7f96-4bb2-af82-aac59d7e72cb,0.0,60.0,0.0,12.983333333333333,0.0,90.98166666666667
51fe1ef5-48e8-46bc-abc1-f5b7608a3c3b,10.236265866666667,49.76373413333333,9.15893907611111,4.340783146111113,323.53793603250006,0.0
271758aa-c8c9-47da-9378-1de6f4dc30f7,17.525527466666666,42.47447253333333,9.280350381944444,2.219649618055555,325.71063482249997,0.0
b935c05c-fbb6-4501-9f9a-1d4030d9082f,49.40337448333333,10.59662551666667,14.72352686,0.0,363.0728664480557,0.0
0e778630-cc42-40a0-9b44-18602454c90f,12.782181616666666,47.21781838333333,13.541597892222223,0.0,425.3013013600001,0.0
e5f0b067-8d03-47fb-ba0f-292047f590da,0.0,0.0,0.0,0.0,0.0,0.0
dac5e49c-c251-4edb-9dad-a8cf3478ddd2,0.0,0.0,0.0,0.0,0.0,0.0
1634e826-fb04-4c26-a093-2d70c8d3350c,0.0,0.0,0.0,0.0,0.0,0.0
28538e29-9372-4cc1-b2d3-e1b60077f142,0.0,60.0,0.0,12.0,0.0,86.99916666666667
beb8bde8-3b2d-4041-99ea-71ae2d06b3b3,0.0,60.0,0.0,13.92186862638889,0.0,91.0
ba60eadc-aacb-4319-8371-9b4bff0238a8,43.99903825,16.000961750000002,10.535830799444444,0.0,272.2741213002777,0.0
ee3549cd-3260-4521-b5c6-05eacb35cabd,0.0,0.0,0.0,0.0,0.0,0.0
f6a12787-d2d8-47da-a88e-014577dfd7ec,0.0,60.0,0.0,13.999722222222223,0.0,97.99805555555555
1232cda7-5b80-4c2d-a80a-1b2e3c5abea6,0.0,0.0,0.0,0.0,0.0,0.0
af3166a8-d552-4fb7-aa9e-57f8858c0af5,46.32409861666667,13.675901383333333,11.601211420277778,0.0,309.8201373363889,0.0
d4830ec9-a068-4663-bcbe-a4e27fd23138,0.0,60.0,0.0,12.999722222222223,0.0,96.99805555555555
4e3dc084-3b06-4c8c-ba1b-ca6817dbca1a,0.0,0.0,0.0,0.0,0.0,0.0
5046fca5-29ec-47ec-8fd0-49d8f0ca4e4f,0.0,0.0,0.0,0.0,0.0,0.0
d0569dc4-596b-4b7c-9bac-db83be27ea47,0.0,0.0,0.0,0.0,0.0,0.0
0261c842-c16e-4f50-a9d3-04018068f88b,0.0,0.0,0.0,0.0,0.0,0.0
41f4bb5f-f6ff-4021-bd24-d01be5fcb584,0.0,0.0,0.0,0.0,0.0,0.0
274ec66e-eb31-45db-b43a-61660f0183d5,0.0,60.0,0.0,11.0,0.0,79.98333333333333
e077108c-58a5-4920-9b0e-7468f20715a5,0.0,0.0,0.0,0.0,0.0,0.0
44d7b902-5621-4568-8887-2fdda625ad84,0.0,60.0,5.987257935555555,3.0127420644444443,167.971309625,0.0
ee44b384-298c-456e-b06a-5d1ac9ecbec3,0.0,0.0,0.0,0.0,0.0,0.0
72783205-6679-468b-94af-386b4b838de5,35.518182499999995,24.481817500000002,10.250083288333332,0.0,260.11201723,0.0
566f4a08-a154-4a1c-bc2e-57085df31edb,12.396283899999998,47.60371610000001,13.528320528888889,0.0,425.25660328111104,0.0
6cd21743-93f4-4666-bbe2-bd8d6c687cdb,0.0,0.0,0.0,0.0,0.0,0.0
93d3cb27-4c75-425a-bff6-75cc131a4ab2,0.0,60.0,0.0,13.499722222222223,0.0,94.49805555555555
1adeda0a-34bb-45e9-be13-d770e36aaabd,15.863232266666667,44.136767733333336,9.25271067,1.7472893299999992,347.17181618499995,0.0
3c4f91d1-3856-44f1-af1e-bfbedff994bc,0.0,60.0,0.0,11.5,0.0,80.5
9f57140f-77bf-4d50-ae76-fefc5d0e023b,0.0,0.0,0.0,0.0,0.0,0.0
2b3430b4-f92e-4a86-a2fe-4228591c7ea8,21.927929316666667,38.07207068333334,12.84286805888889,0.15713194111111078,421.31796819972226,0.0
fa784764-8ad1-4b46-ab3a-565f0da13e4b,0.0,0.0,0.0,0.0,0.0,0.0
d42826da-1f4b-4984-a265-1a312b5d15ff,14.035598816666667,45.96440118333333,12.238153986666665,3.5118460133333347,430.22558026222214,0.0
3bcc4bec-8997-4957-b968-15b51d6de023,0.0,60.0,0.0,23.983333333333334,0.0,167.88333333333333
e6fba4a4-89d3-4590-997e-78645cc7029a,20.92181415,39.07818585,12.353141430555556,3.646858569444444,432.5298112727778,0.0
021a3c1a-8328-4b6a-96a7-9fecc6975fd0,34.66475235,25.335247649999996,12.21746513472222,0.0,318.92796527722226,0.0
37f25e55-ff7d-48e6-a402-1583c5880f56,0.0,0.0,0.0,0.0,0.0,0.0
dd1c59c3-5d18-4d22-ba79-7d0abd047d74,38.5518981,21.448101899999997,12.6492391875,3.3507608125000012,404.1773867888889,0.0
14196838-65a0-4837-9aee-c8c86bd95eef,0.0,0.0,0.0,0.0,0.0,0.0
3119151e-31a8-4897-9969-cc5d8a6201ba,0.0,0.0,0.0,0.0,0.0,0.0
ea0e9240-bdf4-4778-9425-eed60860b8e5,46.004728183333334,13.995271816666666,17.617423656666663,0.0,357.6055760033334,0.0
59706a13-6a0f-488c-909a-0ab533b81c38,0.0,0.0,0.0,0.0,0.0,0.0
9f663945-ccff-4e27-8d14-3782c2a0e519,37.81014266666667,22.189857333333332,11.350302349444444,2.1330309838888892,353.88971656416663,0.0
c3d8c635-daab-4c1b-b4f5-55a627303945,25.219896533333333,34.78010346666667,9.408470481388887,3.0915295186111122,340.52771696916665,0.0
9f6d528a-6883-499a-91b7-f3e9636632cc,0.0,0.0,0.0,0.0,0.0,0.0
d229ca55-86df-4a73-ba3b-39de9e53a577,38.645903133333334,21.35409686666667,12.651405562222221,3.3485944377777783,418.6790097427777,0.0
982422e6-534e-4ead-9020-18c12e574323,0.0,0.0,0.0,0.0,0.0,0.0
9af890a0-d437-403a-a92b-2ae8f21fae60,0.0,0.0,0.0,0.0,0.0,0.0
ac1839d2-8121-4406-a0e1-befeb2763a55,31.404795016666665,28.595204983333335,11.139126467777778,2.344206865555554,353.2093282636111,0.0
5b721176-7053-40f0-91be-d8786801fe5b,6.965510233333333,53.03448976666667,9.104103104166665,3.895896895833335,349.9375917583334,0.0
85d6efad-38d2-4dc9-88a8-ba5b2771f33f,0.0,0.0,0.0,0.0,0.0,0.0
d58d3735-3173-497d-88ff-bc567c32cfd0,12.650502666666666,47.34949733333333,13.536666011111109,0.0,411.9650967991667,0.0
b5bce7b3-f4e2-44d3-b291-88f510515556,38.50446996666667,21.49553003333333,12.648460029722221,11.3512621925,454.7666590827777,0.0
75e47072-8c94-47ab-bd1c-3e7db02fa921,0.0,60.0,0.0,23.99972222222222,0.0,167.99805555555557
79fce90b-1a78-4935-8d59-43c7686d37b0,0.0,0.0,0.0,0.0,0.0,0.0
c9a3588b-15eb-4d9d-a0c2-33ac8ebe49ce,12.8186811,47.181318899999994,13.54298932611111,0.0,425.3014329080555,0.0
ad1a84e2-ff0a-4ad6-8e6a-6a662450a4cc,0.0,0.0,0.0,0.0,0.0,0.0
fbdeda3b-e61a-41a8-b5d5-df02ff6b0550,0.0,0.0,0.0,0.0,0.0,0.0
56499b12-fc2e-4ec7-8ac7-f8da97b299b7,30.707388716666667,29.292611283333333,11.113679315555556,2.369654017777777,353.0876790558334,0.0
0439f0ee-e1aa-43d1-b92f-7c4a301dd366,0.0,60.0,0.0,11.5,0.0,80.5
009e533c-bbc6-4a3f-afda-ae1f9ab5dc87,0.0,0.0,0.0,0.0,0.0,0.0
5966497d-faf8-435e-b279-0afa0bffe4e3,0.0,0.0,0.0,0.0,0.0,0.0
ff08747f-2709-440e-abe4-43578b3bd962,33.74549593333333,26.254504066666666,14.232037298888889,0.0,421.75826871444445,0.0
358b505f-c034-4bd7-8c22-7767cd3ca38d,33.05164511666667,26.94835488333333,13.209442391944444,0.0,423.07088672388886,0.0
48161bf5-cbee-4e83-b411-7c8970d69432,23.409788199999998,36.5902118,12.394485177222222,3.6055148227777782,426.81590713861107,0.0
a05f10cc-b330-4115-b104-7bbbe5638eab,11.937641866666667,48.06235813333333,13.513651147500001,0.0,402.90784419027773,0.0
5dfeb938-281f-4f15-beaf-00fdc0840b26,41.55251163333333,18.44748836666667,10.457066874722223,0.29293312527777743,284.8755560852778,0.0
05ba7e4d-7f9a-4e24-9688-d77977f2ef3c,31.415283283333334,28.584716716666666,10.110976189166667,0.0,149.83260586138886,0.0
1dfdbc9b-4561-45af-a8d8-e7ac3217582c,42.99933348333333,17.00066651666667,14.516477357222223,0.0,362.19641137638894,0.0
e9423b59-05b0-4380-aa82-42a18d5b0d4d,38.34472091666667,21.655279083333333,12.6457688475,3.354231152500001,415.6239386869444,0.0
c8368fdf-1af4-4d30-8a08-9e758a65dc6c,0.0,0.0,0.0,0.0,0.0,0.0
45bde40d-a666-427d-a37f-34ead7b3b6c1,30.212054116666664,29.787945883333336,12.064521380833336,0.0,320.7364328491666,0.0
9cf1b119-e7c5-454c-bb5f-c9038fcfdbcf,5.80103715,54.19896285,13.29293786,0.19039547333333354,424.8433602641666,0.0
fc4ae4ba-17fb-4588-a386-c8b22beef227,0.0,60.0,0.0,11.0,0.0,79.98333333333333
b0c24be0-0a6c-41fd-ac7e-7ef03f2f2d94,0.0,0.0,0.0,0.0,0.0,0.0
1d594cd4-a13c-4b24-8c65-c10032396b99,0.0,60.0,0.0,11.5,0.0,80.5
294aaf18-628f-403f-8145-6f15c569b9d7,0.0,60.0,0.0,23.99972222222222,0.0,167.99805555555557
0e310432-573a-49e8-a75c-ad9268b10cf4,3.16584375,56.83415625,13.904584013055556,0.017284613333332446,423.55486413972216,0.0
fd336c29-0dac-4ce8-81f3-526455fa5fec,0.0,0.0,0.0,0.0,0.0,0.0
4bd0fc1f-6d5e-4f5f-baa5-6fedc00c3def,0.0,60.0,0.0,23.99972222222222,0.0,167.99805555555557
0562cd0b-3977-4a62-83fc-c162a0039f77,0.0,0.0,0.0,0.0,0.0,0.0
5129ccfe-3440-4e98-a5c8-28afd6737a76,20.62590575,39.37409425,12.80071962722222,0.19928037277777952,412.9574279713889,0.0
b42ce7a2-2ecd-4b40-b30f-f79573a88dd1,8.130801333333332,51.86919866666667,13.3935772175,0.10614500472222062,424.7834476455556,0.0
61e46ccc-b00c-4625-9b54-1e4e2bccf4e6,0.0,60.0,0.0,24.0,0.0,35.5
2620b9fd-ac15-487c-859c-991c71d84f2e,0.0,0.0,0.0,0.0,0.0,0.0
208feca6-ebfa-4c9c-8de8-81c8669ef8c9,31.882652,28.117348,12.12212106611111,0.0,276.5324281275,0.0
79846e0f-e06f-470f-85c1-599d012b03ba,0.0,0.0,0.0,0.0,0.0,0.0
e78b052f-a63d-4ec4-b3cd-8bd91391c5fc,0.0,60.0,0.0,23.99972222222222,0.0,167.99805555555557
7bae1884-0c0f-4902-9aac-b0a85341aa89,12.25439085,47.74560915,13.524526369444445,0.0,425.2395897713888,0.0
b061bfe5-4e27-4ac0-b944-872a3d4fc07c,0.0,0.0,0.0,0.0,0.0,0.0
337279d7-3fd5-4300-957a-23b923fb36ed,0.0,60.0,0.0,8.92186862638889,0.0,60.5
57df6c9a-33ac-4901-a111-2cce505392be,21.615234583333333,38.384765416666674,12.826431179722222,0.17356882027777829,421.2752492252778,0.0
cbeb9901-c59f-4f07-b5a8-a5ff71a01dc6,0.0,0.0,0.0,0.0,0.0,0.0
d67671f6-4154-4d84-b675-845c1a790cd2,0.0,60.0,0.0,24.0,0.0,168.0
352f62f2-7d78-45d7-b8c5-a802b58751fe,0.0,0.0,0.0,0.0,0.0,0.0
767e7332-e310-4b10-b935-fab0d72a6b67,0.0,0.0,0.0,0.0,0.0,0.0
003222af-0b64-4f8c-b5c3-d2dc24636f02,0.0,0.0,0.0,0.0,0.0,0.0
7af58736-79dc-4301-8a4e-7faac3ae4bde,40.7834516,19.216548400000004,12.682497454722224,3.3175025452777764,434.9149140586111,0.0
cac0b412-38b6-46c8-9464-0e11352c17f3,0.0,0.0,0.0,0.0,0.0,0.0
bc01cd7e-af07-40f4-8dd5-bf0521b4c7b8,0.0,0.0,0.0,0.0,0.0,0.0
73566333-26c5-4cdf-8150-67c094b017f5,0.0,0.0,0.0,0.0,0.0,0.0
4d65ca28-3239-4a51-9b75-b2d346b54e2d,40.57453171666667,19.42546828333333,10.423396221944444,0.0,120.88608876638891,0.0
f11a136a-e054-43e8-9f40-a6dd677766b9,0.0,0.0,0.0,0.0,0.0,0.0
dc211deb-b0af-408c-acf2-b22900a9f7eb,0.0,0.0,0.0,0.0,0.0,0.0
b1b6812d-3dad-4357-a0a3-3cb2042e39d6,0.0,0.0,0.0,0.0,0.0,0.0
cb86f905-fc21-418d-8d7c-c91e13994ddb,12.716209533333334,47.283790466666666,13.539896637777778,0.0,425.29355924333345,0.0
35c15197-e66f-4024-a285-22f63ddcd2aa,13.66564385,46.33435615,12.571243841666666,0.4287561583333344,414.8829876225001,0.0
83c48b90-fe06-4fa5-b81f-89c374b01d1b,0.0,0.0,0.0,0.0,0.0,0.0
09cff62e-0332-46d4-a416-ab7184056a05,0.0,60.0,0.0,12.0,0.0,86.99916666666667
34da619c-82db-489b-aa0d-c7e28c580c7e,0.0,0.0,0.0,0.0,0.0,0.0
4123a2fc-f55a-4d9a-8e1c-5264ddc1d614,0.0,0.0,0.0,0.0,0.0,0.0
8e613068-8266-4217-9478-dfa7ba4106df,11.217703116666666,48.78229688333333,9.175107669444445,2.324892330555554,420.4964330258333,0.0
622f6cec-5d65-474a-b672-0b729b7e861d,46.50116766666667,13.498832333333333,14.632432605277778,0.0,362.6812867652778,0.0
8303289f-0e5c-4f03-a136-a0252960855d,35.52435753333334,24.475642466666667,13.290899819444448,0.0,423.35867146999993,0.0
a375eebc-ffe8-4f0c-ab94-361060fd53d5,36.2345097,23.765490300000003,11.314728895,1.6849933272222228,345.4582164908333,0.0
fda702e3-95a4-43b2-a863-6d7ac9d9e29a,0.0,0.0,0.0,0.0,0.0,0.0
e5039465-d25c-4a1f-86a2-d1da0b74ccef,39.55323643333334,20.446763566666665,13.905893724999997,0.0,351.29049761666676,0.0
fabca05b-3721-4a4e-8957-28165959b958,0.0,0.0,0.0,0.0,0.0,0.0
f4becf95-2be7-4b1d-8d69-f1dd92debd25,0.0,0.0,0.0,0.0,0.0,0.0
d92e4948-72be-4b63-9e3b-e9187bd0223d,0.0,0.0,0.0,0.0,0.0,0.0
5de1dfd5-1f1e-460a-91f6-71c72ce4d3ba,0.0,60.0,0.0,12.983333333333333,0.0,90.98166666666667
6ead6af0-0c92-4b81-bd12-f21620459041,0.0,0.0,0.0,0.0,0.0,0.0
f447d672-c954-4a15-abdc-b1d168834620,35.14587896666667,24.854121033333332,12.233850128333334,0.0,313.02075431055556,0.0
fa83a8a4-ecf0-4db4-a339-730b9c42325b,0.0,0.0,0.0,0.0,0.0,0.0
28cc0e4c-8d90-4a5a-b636-06cf0a3145a5,0.0,0.0,0.0,0.0,0.0,0.0
32250913-d5b5-4fdd-837d-81b1ad46a5a1,0.0,0.0,0.0,0.0,0.0,0.0
99e2f23b-535b-4e14-9665-1b11b1b2b93b,0.0,60.0,0.0,13.0,0.0,90.0
3f14c37a-aabf-4429-815e-f172cf9d918b,40.19505285,19.804947149999997,12.673538025555557,0.32646197444444425,403.81650574138894,0.0
13b3c002-1845-4a08-b9f0-0889e5b01df9,6.438647266666666,53.56135273333334,12.111738405833334,11.871594927499999,381.7209468105556,0.0
f2686184-3b91-4236-9498-1150b28ced78,20.939445583333335,39.06055441666667,13.810534416944446,0.18918780527777723,420.2151205033333,0.0
bf18fb31-db72-4451-a0db-11a17cf45842,0.0,60.0,0.0,23.99972222222222,0.0,167.99805555555557
d497fe9a-54c1-4706-8b7f-75b062c84a19,0.0,60.0,0.0,24.0,0.0,35.5
9a751871-5143-4f7e-802d-d0b5588109d2,0.0,0.0,0.0,0.0,0.0,0.0
bfe83e2c-fc19-4564-b057-7205cf9d12db,0.0,60.0,0.0,13.92186862638889,0.0,91.0
33ca1f80-bcd2-460f-ba70-11c14be47d38,0.0,0.0,0.0,0.0,0.0,0.0
ffa4aad2-806a-494d-b4ff-3cd64ba488fb,0.0,0.0,0.0,0.0,0.0,0.0
758a2392-7ca2-418d-849a-73dc679e43eb,0.0,0.0,0.0,0.0,0.0,0.0
e005423c-132b-441a-9eb9-1e474c6ed63b,0.0,60.0,0.0,24.0,88.96485438055552,0.0
a1b85b9e-a871-4c82-a3f8-b77bef68c12e,0.0,0.0,0.0,0.0,0.0,0.0
2fb326b0-2f8a-4519-803b-625d37dbc721,0.0,60.0,0.0,8.92186862638889,0.0,60.5
548d027c-a7ff-4b9d-8fbf-78e30cc7c6e9,0.0,0.0,0.0,0.0,0.0,0.0
b7474ca0-8205-44c2-bbe3-e164e48464ff,0.0,60.0,0.0,8.92186862638889,0.0,60.5
022cd15f-9128-49b1-90e4-5938be627015,37.436298400000005,22.563701599999998,12.628555631111109,3.121444368888891,434.30754025000005,0.0
80abbad4-f34e-4d7a-84e9-641b90837a8f,25.79663586666667,34.20336413333333,12.968749569444444,0.03125043055555579,415.77066876972225,0.0
d7e9a7d0-7c24-4334-a6e5-55533b8eb3d2,0.0,0.0,0.0,0.0,0.0,0.0
a0bdfe5d-2558-4fbd-9cb5-70dbd0d1b78a,0.0,0.0,0.0,0.0,0.0,0.0
252ed040-90ac-48e8-9c7f-638ffd2ceb00,6.317364383333333,53.682635616666666,8.233651880277778,0.0,276.1220086275,0.0
d44bc78d-c3e9-4422-b539-f07d3dc19df4,0.0,60.0,0.0,12.0,0.0,86.99916666666667
86983f6d-e914-4b6b-b9bb-075ff87d9832,50.58895795,9.411042049999999,14.764593906111111,0.0,363.1247042788888,0.0
d21331d2-6889-4446-a9c3-e2538ab0940f,0.0,0.0,0.0,0.0,0.0,0.0
a65bcf7b-0cc8-4718-ad72-b929ecc85d96,44.23529505,15.764704950000002,12.542559936111111,0.0,320.3447510858332,0.0
ec28b913-d0a5-44e0-895a-87da8b0770c6,0.0,0.0,0.0,0.0,0.0,0.0
379575ff-5f19-4de6-b11d-1aea575f8a6c,0.0,60.0,0.0,12.0,0.0,86.99916666666667
eaa96e22-5ab5-4fc5-bb16-4d3943346b40,0.0,60.0,0.0,8.92186862638889,0.0,44.0
17e0e4f7-8f96-41ab-95d0-a61d75e105d3,0.0,0.0,0.0,0.0,0.0,0.0
f42de0a6-a1e9-4254-bbef-460d0482b398,0.0,0.0,0.0,0.0,0.0,0.0
7801d8ab-bcdd-4acf-ac1e-0304f90ae467,20.910762766666668,39.08923723333333,12.810032803888888,0.18996719611111176,421.2045953116667,0.0
73cefd6b-933a-4a45-9da7-722719bd3bd9,0.0,60.0,0.0,11.5,0.0,80.5
21130866-5109-448c-888e-9fe22eac2d99,38.53127621666667,21.468723783333335,12.64891281888889,3.3510871811111107,434.70508881583334,0.0
2be46595-ebb9-4552-9d4f-16c3e565824a,0.0,0.0,0.0,0.0,0.0,0.0
30c1bcc9-59fe-4812-8e3d-f95d3d6a3458,0.0,0.0,0.0,0.0,0.0,0.0
a7e73b18-6383-4cc0-90c1-1ae41fe725e2,18.050527849999998,41.949472150000005,13.699372849166668,0.2839604841666652,426.30353058,0.0
0130723a-06f8-4377-9170-abe3b932eff8,0.0,0.0,0.0,0.0,0.0,0.0
028611d6-7305-4314-8355-fed01489c446,0.0,0.0,0.0,0.0,0.0,0.0
87ac7ab4-4bfc-4d2c-8f4a-a5d539d62229,0.0,0.0,0.0,0.0,0.0,0.0
ec04b1f7-ba23-447c-90b8-154c5b76f6c1,8.086366683333333,51.91363331666666,9.122793197777778,3.8772068022222226,349.9728899563888,0.0
dffb9566-1963-4162-8621-802b5cf0deb6,12.072430116666668,47.927569883333334,13.500697517222221,0.4826358161111117,425.64122811777776,0.0
7155ecd8-56fc-4b62-8051-a28d7d916fc2,0.0,0.0,0.0,0.0,0.0,0.0
94a803b5-8135-4b46-b9be-2abb7e1d1d65,0.0,0.0,0.0,0.0,0.0,0.0
fee7a7a1-958f-44e5-abc5-1f4ebecc36da,29.46679185,25.221090566666668,9.479888056666667,0.35344527666666586,316.9286679391667,0.0
af8aad5e-4857-4276-bfd6-c170a33f5932,0.0,0.0,0.0,0.0,0.0,0.0
d6320e86-65fe-4b66-b16f-851a78f0ab29,0.0,60.0,0.0,11.0,0.0,79.98333333333333
9a3d91ab-e42a-4ae4-b9b3-a8511fdc7477,21.90352783333333,38.09647216666667,12.841936026944442,0.15806397305555744,421.313967165,0.0
ad12d339-9948-4b53-b18f-afe10d8674c4,0.0,60.0,0.0,24.0,0.0,168.0
80a7937d-0b9c-4639-93ae-2cc92483b0e6,0.0,0.0,0.0,0.0,0.0,0.0
356bc664-227b-4408-ae02-2e20cb026e8b,0.0,0.0,0.0,0.0,0.0,0.0
9aeb7e38-8371-4f60-8f8d-c1fe760d48f1,0.0,0.0,0.0,0.0,0.0,0.0
69031dd6-fbe7-4b49-a0c2-750c6c1c19a9,0.0,0.0,0.0,0.0,0.0,0.0
afaf5f2f-118d-49c3-9e48-50a55d5267e5,0.0,0.0,0.0,0.0,0.0,0.0
493e62f4-6f7a-405f-949c-47bab63805d9,0.0,0.0,0.0,0.0,0.0,0.0
280d2c12-c2ea-4d0b-89bc-abe2a025266c,53.71177171666667,6.288228283333335,18.856220342777775,0.0,454.6627938644443,0.0
1e1454ff-981d-42eb-b64d-3f2cc73e5856,26.15126905,33.84873095,6.423153600277777,4.076846399722223,91.45018714694444,0.0
2cdc301e-a8dd-411a-b870-78e8b5286fb9,21.546966100000002,38.4530339,12.829309863611114,0.17069013638888564,421.26829347583333,0.0
15ea80e7-1ba3-4941-bc20-3878c92fa8b4,0.0,60.0,0.0,12.983333333333333,0.0,90.98166666666667
c684c01b-e0ab-4fac-9aa2-230a7397f9d0,0.0,0.0,0.0,0.0,0.0,0.0
bc00934e-d89c-4bf6-ae25-86ba83151099,33.18697316666667,26.813026833333332,14.213870547777777,0.0,399.0329709205556,0.0
7e5e1568-c5a6-467e-b801-5616b013a0dd,16.21740215,43.78259785,9.258637317777778,1.241362682222223,105.58851547527777,0.0
3f9860f3-595f-42a8-aedb-4e69c4b0188b,0.0,0.0,0.0,0.0,0.0,0.0
acddd512-f61a-43d8-8c80-4f41c64ff7d8,0.0,0.0,0.0,0.0,0.0,0.0
11a2369b-80a9-45a9-a24f-a2ecb8fb928c,0.0,60.0,0.0,8.92186862638889,0.0,60.5
56c2db5f-bb17-4ca9-96d3-da67cf81c27a,0.0,0.0,0.0,0.0,0.0,0.0
14bdf26d-4a11-4442-9bf7-1d0f0a6b8527,0.0,0.0,0.0,0.0,0.0,0.0
2f0caaf6-7a49-4be5-981b-1d27c0e1a187,0.0,0.0,0.0,0.0,0.0,0.0
2c7f4cbb-b7b1-4720-b324-bb6cfcf493cc,45.23395093333333,14.766049066666664,19.592167030555558,0.0,480.7933361155556,0.0
e89c4078-d92d-4dba-8465-c452e91b3170,46.57662586666667,13.423374133333331,19.635396011944447,0.0,480.7387695636111,0.0
5bdffbfb-fe99-4fff-af14-aa5d716bfd9d,0.0,0.0,0.0,0.0,0.0,0.0
e24bcf9a-e7eb-4e08-b5f6-3ec3de4745b6,30.907672116666667,29.092327883333333,10.094805566944443,0.0,259.93397458416666,0.0
5a67dd42-77cd-40e0-833e-a4c749d2781c,51.685107333333335,8.314892666666667,27.783136806944444,0.0,699.3135710797225,0.0
92bb41de-37de-48fd-aa8e-7acee02d1724,33.67821995,26.321780049999997,13.23011535111111,0.0,416.7470690624999,0.0
f0ce2609-a0ae-4318-8afb-8bc84f785ccd,15.967943033333334,44.032056966666666,13.647702686944445,0.0,425.64798330777785,0.0
79a0f07e-a01e-4882-a4b3-56d99746d1ad,0.0,60.0,0.0,24.0,0.0,1.0
239ae42b-d4c4-4aab-bff9-c64f4feebd9e,0.0,60.0,0.0,13.0,0.0,90.0
684586f5-d818-42a9-bbb8-3d98841796e9,0.0,0.0,0.0,0.0,0.0,0.0
a6e1ccaa-30b6-4ace-8f98-8149c3929de2,54.990186333333334,5.009813666666665,8.916504504999999,0.005364121388889139,219.38469366388884,0.0
af4d46c2-c46b-4700-98a3-0c5292264096,32.97187683333333,27.028123166666667,10.164227812777778,0.08577218722222217,283.67184943111107,0.0
71556f8d-5b6b-4808-8e13-f745f2b08d02,0.0,0.0,0.0,0.0,0.0,0.0
a934b731-92a0-4d45-a858-995610e329cc,34.879979049999996,25.120020950000004,9.569766180833334,2.5135671525,331.0257160727778,0.0
21e3279e-4e9f-4035-b696-5cd3bb8ec537,0.0,0.0,0.0,0.0,0.0,0.0
b29e16d2-dae8-46b5-95b8-a1bea190bf65,0.0,60.0,0.0,12.983333333333333,0.0,90.98166666666667
63f333c4-638f-41d5-ad5e-e4046fabdadb,0.0,0.0,0.0,0.0,0.0,0.0
02837d4e-3d98-44ee-8533-1c6821ae5ab8,0.0,60.0,0.0,24.0,0.0,53.0
383682ea-7eb2-419f-80de-26542753328b,0.0,60.0,0.0,12.983333333333333,0.0,90.98166666666667
f40ba546-c15c-48f0-9e90-da1b0b5534c2,27.96498281666667,32.03501718333333,12.470328439444444,3.0296715605555558,332.7662085436111,0.0
ce4cbb8e-da06-4f8d-9775-70bf428ba1a2,37.6068615,22.393138500000003,12.631376719722224,3.3686232802777765,428.59219738250005,0.0
62171498-bd2a-4d82-a616-aa92ca3b32f8,0.0,0.0,0.0,0.0,0.0,0.0
0e71b501-c981-4268-8fbd-63cdc5d285e1,0.0,60.0,0.0,11.5,0.0,82.48333333333333
f258c30f-ebcd-4bb7-9446-9009bcc264da,0.0,0.0,0.0,0.0,0.0,0.0
8a8b6b4f-ab04-4892-b0b6-f021b3caf5e2,0.0,60.0,0.0,12.0,0.0,85.96666666666667
1025a8eb-7cf0-4524-b118-01a0a7ce290f,27.257339950000002,32.74266005,6.441819431944444,2.558180568055556,234.50498429000004,0.0
674b7c15-068c-4b4f-b31a-d7b8827a2b39,0.0,0.0,0.0,0.0,0.0,0.0
2d2663e4-68d3-4c1c-8fe5-063d84aa86c7,0.0,0.0,0.0,0.0,0.0,0.0
892dd449-d222-4055-ab1d-0a816086caed,26.4849851,33.515014900000004,9.431776128333333,2.401557205,328.12244742027775,0.0
6f882691-d58e-4c5a-9562-df0c4a81cac2,27.21807193333333,32.781928066666666,13.016097188055555,0.0,421.914142191111,0.0
2a3a880a-2864-4eb2-9b0d-ca416f289466,39.7571905,20.2428095,13.910643379444444,0.0,391.98152848888896,0.0
9b1ff4ca-6dae-4957-9d6f-f14856dd88dc,0.0,0.0,0.0,0.0,0.0,0.0
7125d0ca-2d50-44a4-a5ba-605172f842d8,41.752110916666666,18.247889083333334,10.463551661944443,0.0,291.9526994316667,0.0
f307fbe0-93c8-452b-b225-8febfd5299bb,0.0,0.0,0.0,0.0,0.0,0.0
0b30a877-421a-42d1-80f4-324bc4f460f8,0.0,0.0,0.0,0.0,0.0,0.0
876f10f7-f36e-4633-9b8d-91af4d1cd649,6.435692633333333,53.56430736666667,10.077182415000001,1.6728175849999996,317.9936609761111,0.0
5606c205-9251-4fce-ad42-7ace8e035eef,22.07080125,37.92919875,9.356036164722223,2.47729716861111,327.6721966047222,0.0
30953d96-6672-402b-a440-f92e901fd255,0.0,0.0,0.0,0.0,0.0,0.0
54a81fe3-3c26-4c6f-8c30-5e90ab88bb1e,0.0,0.0,0.0,0.0,0.0,0.0
77171692-33fa-4b08-b39c-53481c12eac0,0.0,60.0,0.0,23.99972222222222,0.0,167.99805555555557
00b028fc-fe0b-4e43-b133-41ac13c8eb99,0.0,0.0,0.0,0.0,0.0,0.0
df213459-8c00-408e-8975-2d0761c2a692,0.0,0.0,0.0,0.0,0.0,0.0
345188e9-8130-458c-b63b-4723187805c3,6.070560833333333,53.92943916666666,9.089135041666665,1.9108649583333348,324.5818852452778,0.0
2becc2d2-65e7-4727-b774-c917c849ab1d,6.307908983333333,53.69209101666667,13.309565025555557,0.1737683077777769,424.91505161916666,0.0
bdd16b0d-5cc8-46bf-a88a-165f957081fb,38.49022348333333,21.50977651666667,12.647952486944444,3.3520475130555556,364.0373212497223,0.0
120fa506-2c40-4955-b9a4-f128824ee294,0.0,60.0,0.0,8.92186862638889,0.0,60.5
81990eed-f3df-49a1-b987-139cefe85b06,21.675079133333334,38.32492086666666,13.834259647500001,0.16546257472222148,412.1057146294443,0.0
a328f9cf-a1b6-49c3-9831-36b5848139b4,0.0,0.0,0.0,0.0,0.0,0.0
7d5cc906-8328-498a-9a13-d5abd18d628c,9.94198115,50.05801885,13.44686063388889,0.05286158833333199,424.9975175511111,0.0
c42d5d22-b84b-4acd-9c03-047dbd1ae848,0.0,0.0,0.0,0.0,0.0,0.0
f394ed47-ebc2-4e24-847c-25d66ed27666,0.0,60.0,0.0,11.25,206.249365895,0.0
49ba628e-5b77-4576-a945-91c078d093ca,30.232715316666667,29.767284683333333,9.492237265277778,2.0077627347222227,312.5015136158333,0.0
d5766687-8f47-4ea6-87a6-7699a30c4ee6,10.149616283333334,49.85038371666666,13.45444171,0.04528051222222226,425.0110964158333,0.0
e751bac9-dc16-45ec-93b1-ea1ece991721,0.0,0.0,0.0,0.0,0.0,0.0
ea177507-fbeb-441f-a4b6-6464bf6671ef,0.0,0.0,0.0,0.0,0.0,0.0
264bc16a-293e-498d-bdf7-df231171e875,50.729807883333336,9.270192116666665,14.268004144444445,0.0,352.73973327305555,0.0
7a6a0108-674f-46d5-a6da-3a326f8b6abe,0.0,0.0,0.0,0.0,0.0,0.0
7fe93e00-b46f-4f8c-82d9-1030032d522a,43.868483999999995,16.131516,10.532330220555558,0.0,278.66292352,0.0
f05d7c8c-59d5-4682-8a66-22ae6950b37a,37.437504350000005,22.56249565,11.33771274,2.145620593333333,353.85440967694444,0.0
0e17070d-f6ce-4fb0-bced-b07ebff72950,0.0,0.0,0.0,0.0,0.0,0.0
07e22d07-7019-4fa6-bdcf-dc328c2ece17,10.7915671,49.208432900000005,10.458479680833333,2.524853652499999,383.7920697127777,0.0
fff3f0a9-f536-49f3-949c-29278470d803,0.0,60.0,0.0,23.99972222222222,0.0,167.99805555555557
ab7ce011-ae25-4486-9c16-8e44a0a6236d,0.0,60.0,0.0,12.983333333333333,0.0,90.98166666666667
c19533f9-7637-49a0-8577-c13dc379d2d8,0.0,0.0,0.0,0.0,0.0,0.0
84a37057-debf-4036-abee-74bb04ca58ae,0.0,60.0,0.0,23.99972222222222,0.0,167.99805555555557
746057d8-244f-407c-8338-0deb71d36a14,26.30421921666667,33.69578078333333,12.986106275277777,0.013893724722222235,421.821696581389,0.0
fa158f72-0eb4-4026-8307-1a7cc67f88b6,0.0,0.0,0.0,0.0,0.0,0.0
571cd7bf-093c-4f8b-8b9c-d641294dfdbe,0.0,0.0,0.0,0.0,0.0,0.0
0afb1f47-3f8c-4243-b2cd-5c6406d5a4bc,17.153443033333335,42.84655696666667,13.66880400861111,0.0,426.27582880972227,0.0
b4118e62-584b-46a8-aeea-84fe3ba7642d,0.0,0.0,0.0,0.0,0.0,0.0
3d149480-2912-4612-8de3-2233adcde1e3,0.0,0.0,0.0,0.0,0.0,0.0
4b45d8e4-a7c4-4002-b550-7b9e426c00ea,25.88124565,34.118754349999996,12.972283056666665,0.02771694333333572,345.17515005666667,0.0
9569061d-f237-4543-a7bf-6b53ebd6bcfd,0.0,0.0,0.0,0.0,0.0,0.0
71d56317-ecdd-4482-9c77-ebc1dd870b5b,44.02328551666667,15.97671448333333,19.554914364999995,0.0,480.66860414750005,0.0
5a685950-44dc-4713-9d07-61c05cabfdf4,0.0,0.0,0.0,0.0,0.0,0.0
2e9a0a19-29ea-4db5-bdab-1f5ec2696523,0.0,60.0,3.028627126944445,20.971372873055557,28.597327610833332,0.0
e1961402-0730-4539-9e58-1ba74cff8f2c,0.0,0.0,0.0,0.0,0.0,0.0
de9838bb-c0b1-4b76-baee-acd5141f3238,39.13406045,20.86593955,14.399110567777777,0.0,404.76315145555554,0.0
e5d35571-6e31-42b1-a597-1bea7a6aaaa7,0.0,60.0,0.0,12.983333333333333,0.0,90.98166666666667
5c9fda51-136b-4e7b-9cd5-0c940725440f,49.81863738333333,10.181362616666668,8.827410145555556,0.09445848083333254,218.71503694777775,0.0
d456f435-8fb9-4fb2-9546-cd6076d51d6d,18.31876095,41.68123905,12.725443708611111,0.27455629138888776,409.3889302944444,0.0
69613d82-a6b3-431c-89c1-5339e301ecd1,25.911370883333333,34.08862911666667,12.973194495277777,0.026805504722223202,413.67184651361106,0.0
ab729179-1d18-4605-a33b-f3ad10f739d3,0.0,0.0,0.0,0.0,0.0,0.0
939eee8a-b1eb-4fd4-a4ef-55d621483667,40.80565621666666,19.194343783333338,12.427210005,0.0,347.4115058291667,0.0
bbf65bf3-efc6-4668-83a8-6a17a140cfa5,41.977929616666664,18.022070383333336,13.503664636388889,0.0,424.0996642227778,0.0
0958d0f6-5d0d-4b9a-9558-05d6e785620d,0.0,60.0,0.0,12.0,0.0,85.96666666666667
a6f9febf-e9ea-40c2-baf6-d386b05e4273,0.0,0.0,0.0,0.0,0.0,0.0
f4deb05e-88e8-4890-a8d8-478cbda3aefe,12.396194066666668,47.603805933333334,9.194600266111111,2.3053997338888883,347.2734333550001,0.0
c54c22a7-7a91-4ce0-a32d-194bdf45b2c6,41.62019261666667,18.379807383333333,12.204754455555557,0.0,318.198167748889,0.0
4d0e3c92-85a6-4e50-9756-be0fdcd96bde,39.73275971666667,20.26724028333333,10.398902850555555,0.0,288.70050409305554,0.0
71e5c28c-702e-414e-8b4d-f850e644c9a5,0.0,0.0,0.0,0.0,0.0,0.0
f4070647-2de8-4146-90f2-ba4cb5d39d05,0.0,0.0,0.0,0.0,0.0,0.0
131c169d-9d27-4493-8584-de1b139fc50a,0.0,0.0,0.0,0.0,0.0,0.0
dc541ac8-c15b-4c5f-b3f7-66f903a2ae55,0.0,0.0,0.0,0.0,0.0,0.0
9eb8c1f0-4922-4ddf-b6ca-d0fe1ca4d571,19.55738775,40.44261225,9.314249869444446,4.169083463888888,332.4267425641667,0.0
fd5ddd84-cd46-4f71-9621-6b3dfd00e3d0,0.0,0.0,0.0,0.0,0.0,0.0
55789e4c-12c1-485d-8aab-13646176d834,0.0,60.0,0.0,24.0,0.0,35.5
60878a6f-5a31-4da5-aa21-9072676f4b88,11.454824033333333,48.54517596666666,13.47394482472222,0.5093885086111125,392.679561118889,0.0
accd7d30-02fb-4fb0-ae26-e164a4f44b2c,29.124356183333337,30.875643816666663,18.052561211666667,0.0,451.2903433963887,0.0
c4e24003-6716-4147-8e45-676fba26f276,53.48907508333333,6.510924916666666,27.830805030833336,0.0,699.6744780752776,0.0
46d6f2ad-5f65-4e8e-acc3-375764ac22b5,1.2872264333333334,58.71277356666667,11.027352329999998,1.972369892222224,261.3371748113889,0.0
e332435a-b095-4717-a7db-a1f05ca7515d,0.0,0.0,0.0,0.0,0.0,0.0
02e3f453-bc00-4f84-a9ce-26f97ec3eacd,0.0,0.0,0.0,0.0,0.0,0.0
3d8afcba-9f86-4839-8c89-87eafb601dd0,0.0,0.0,0.0,0.0,0.0,0.0
329bdf2a-3379-4346-90bb-18a44aaaac8d,0.0,0.0,0.0,0.0,0.0,0.0
e4b7a452-5187-4bc0-a407-c501f9ade181,16.256271633333334,43.743728366666666,9.259201424722223,1.2407985752777777,141.49399275833332,0.0
de368855-0c20-4274-bfac-9cbb3a4803fa,0.0,0.0,0.0,0.0,0.0,0.0
731e138c-f57b-4638-a93b-e86913c7af4a,0.0,0.0,0.0,0.0,0.0,0.0
1aa35412-d39d-403c-8755-ea485dbcaa52,0.0,60.0,0.0,15.5,0.0,88.46666666666667
ecdbe12a-4c8c-43ce-ae1f-db9c62cec304,0.0,60.0,0.0,12.0,0.0,85.96666666666667
faa0674b-2470-4aad-852f-8549d6bb90ee,36.1012514,23.898748599999998,13.310584817222221,0.0,423.42199795694444,0.0
3f22d2fd-1881-4d7d-bd2c-452051240b76,0.0,0.0,0.0,0.0,0.0,0.0
cef2a699-c03a-464c-83b6-302178be6b21,0.0,0.0,0.0,0.0,0.0,0.0
3f7194b1-8017-4d9f-a28e-0a7e07477d75,0.0,0.0,0.0,0.0,0.0,0.0
b027ea14-422e-49c0-aa08-2811186249a5,0.0,0.0,0.0,0.0,0.0,0.0
bb7c3148-41ab-4d76-bc01-5456826fba96,32.82375461666667,27.17624538333333,9.535773506666667,1.7975598266666668,314.79601867694447,0.0
e471f8a8-8fb6-4ba5-8af7-8b7fe7113227,0.0,0.0,0.0,0.0,0.0,0.0
98a1bad7-6717-49c3-82ea-87b82269dd43,11.4208258,48.579174200000004,12.194709876388888,3.805290123611111,388.1542954055556,0.0
d9337fcf-f224-4817-848e-f8d4acf4d9f9,0.0,60.0,0.0,13.0,0.0,90.0
d33153c9-5431-4c6f-949f-8594a5153361,0.0,60.0,0.0,13.499722222222223,0.0,94.49805555555555
60c58036-c30c-4715-b43e-9112ee0123d2,0.0,0.0,0.0,0.0,0.0,0.0
d569fb4d-9701-48b7-8ed3-57bf5a24330e,0.0,0.0,0.0,0.0,0.0,0.0
d4dcfe72-4dd6-4e30-a176-4a853bae32d3,0.0,60.0,0.0,12.0,0.0,85.96666666666667
5962055f-1707-42cc-aa28-6ef8e06fef7f,33.32259573333333,26.677404266666667,9.543730200833332,2.6229364658333343,330.85875921611114,0.0
f473ec10-4dc0-45c0-ba8b-112ac988677d,0.0,0.0,0.0,0.0,0.0,0.0
f72caa4b-016d-47b8-ba23-648716a026e3,17.24559845,42.75440155,9.275765795555555,2.7242342044444436,328.6849614325001,0.0
d5d1d040-8e0a-4d07-bfa2-ce6254d0a88a,0.0,60.0,0.0,13.499722222222223,0.0,94.49805555555555
cb78a99b-1112-4db4-98f8-d7e679723d15,0.0,0.0,0.0,0.0,0.0,0.0
9a9cb04a-eb9c-4cd7-ac8f-06dcc8dcb6db,0.0,60.0,0.0,13.999722222222223,0.0,97.99805555555555
9f7cdf49-0172-44d6-94ce-d8cb7fe74320,0.0,60.0,0.0,7.999722222222222,0.0,62.998333333333335
4a854ad5-ce80-4728-835c-84ff3b410b6e,0.0,0.0,0.0,0.0,0.0,0.0
ef9985e2-f576-423b-9c7f-a6867c98e865,37.74295095,22.25704905,11.347656707222221,2.135676626111112,353.88044458361117,0.0
75019bef-72b3-4519-8389-b06228a62cbb,21.437938433333333,38.56206156666667,10.80873240638889,2.174600926944444,343.4019498286111,0.0
619d44de-b65e-4465-ae72-b7b30fa66b59,13.998590250000001,46.00140975,13.566073010277778,0.4172603230555554,419.86940882333334,0.0
88aea8ad-6d77-4521-a266-d8129bb17822,15.932207783333332,44.06779221666667,9.253838703055555,1.7461612969444449,331.84998237749994,0.0
b04d4e48-cab6-4e0d-ae5e-30d732f2d0ba,0.0,0.0,0.0,0.0,0.0,0.0
5b84c70f-d9f7-4790-9492-62a1e0bceeea,0.0,0.0,0.0,0.0,0.0,0.0
dd66b82e-5f2a-489e-903f-5dfbbe2c6fc7,11.835548816666666,48.164451183333334,13.49357898888889,0.0,425.58819226361106,0.0
48dccbc2-40a4-4fc5-a0ac-0204622e372d,0.0,0.0,0.0,0.0,0.0,0.0
eabd6698-da6b-4334-b36a-e83db00af880,12.072313483333334,47.92768651666667,13.518356818333332,0.0,425.2189622108333,0.0
962b9796-8816-4faa-9ba4-741cfa4de40c,38.63067564999999,21.369324350000003,12.651017274722221,1.848982725277779,499.7846361469444,0.0
510628ba-a977-4acd-b2eb-7a9a1f5f799f,8.421895366666666,51.57810463333333,13.397218539444443,0.10250368277777953,424.80462795944436,0.0
0ab69999-06a5-46aa-8d58-0aecbd94abcf,22.578354516666664,37.421645483333336,12.3805222975,3.3694777024999993,432.4713687097222,0.0
a79fae90-aa6c-4b5c-b7fc-42d0a888811c,38.06556011666667,21.934439883333333,13.385248890833335,0.0,423.66902664,0.0
858fa0fd-c95e-49f4-8522-8398bb1af3e9,24.013149333333335,35.98685066666667,9.388542695,1.6114573049999994,348.3933864452777,0.0
3a9d7e89-32c2-41ba-ae5a-0b09e1170c81,0.0,60.0,0.0,24.0,0.0,35.5
4652a93c-ac66-4dda-990b-9a68e0becd53,26.75806418333333,33.24193581666667,12.450538572777777,0.8827947605555568,404.17239818444443,0.0
7aa791b1-e6f6-42b1-bc27-03dd17344aa9,0.0,0.0,0.0,0.0,0.0,0.0
15fdeb78-8a7d-44cb-894a-8f66a55f6b1a,0.0,0.0,0.0,0.0,0.0,0.0
df6dc796-8ce9-4ccb-a4b0-36371bc382ff,6.7092665333333334,53.290733466666666,12.116198054722222,3.8838019452777774,430.8109751061111,0.0
e808df89-82c7-4ac2-b6f8-1ff1f62a2e6e,40.711922533333336,19.288077466666664,10.459934063055556,1.5400659369444434,339.1618713841666,0.0
9fdcfa04-8ee1-453c-aa56-510340a658af,0.0,0.0,0.0,0.0,0.0,0.0
f1037416-f07e-4bfb-88ec-bb7600627392,38.459602233333335,21.54039776666667,12.646888546111112,3.353111453888887,428.7159544555555,0.0
1a15b430-0b81-405a-82ca-c0957ecd4b38,42.00620075,17.99379925,12.467654836666664,0.0,307.9400794011111,0.0
a8820734-0192-48d9-8c97-cd1eb15feb67,8.9149926,51.0850074,9.136531371944445,2.3634686280555557,346.5203006077778,0.0
4b1bfec7-c50a-41e8-baca-0c971cb14e0d,0.0,0.0,0.0,0.0,0.0,0.0
b273fa75-4bd0-4746-9511-95ca18d56098,21.25093436666667,38.74906563333333,13.818108761666666,0.1816134605555554,420.2416958969445,0.0
f72c0bcf-a71d-4ddf-870d-a1f7b9a2f09e,21.965998183333333,38.03400181666667,13.826755415833334,0.0,374.26061650277774,0.0
6b105910-5486-4aa5-a561-9986050de6a5,0.0,60.0,0.0,11.5,0.0,80.5
6f762096-d90d-43bc-8c09-7620f9feb1e9,8.695415216666667,51.30458478333333,9.133535074166666,2.3664649258333337,419.79567723694436,0.0
aa2bf9c8-c4d8-4ef5-b94a-1135eb2deec0,0.0,0.0,0.0,0.0,0.0,0.0
a857b233-2034-46cc-86b6-e7d4872d0e55,0.0,0.0,0.0,0.0,0.0,0.0
a6da3f97-de0c-4cf9-8547-b71a34939083,0.0,60.0,0.0,11.5,0.0,75.98333333333333
20391ded-f391-4688-9328-8b264e22deef,0.48582965,59.51417035,8.996245585833334,0.0,275.49411399083334,0.0
dc498266-6bc9-455b-8077-910d26b26746,0.0,0.0,0.0,0.0,0.0,0.0
6afd0bc9-cbb7-4100-b74e-b2de3aea89db,0.0,0.0,0.0,0.0,0.0,0.0
424421e6-39ee-4b6b-93c5-97468d634606,6.352933066666667,53.647066933333335,9.093887423611111,1.4061125763888889,111.15539130666664,0.0
013ba14b-3518-427a-8130-8379e9ab198c,0.0,0.0,0.0,0.0,0.0,0.0
2c2bffc6-b839-4d9c-a363-f64f29b218c1,0.0,0.0,0.0,0.0,0.0,0.0
e37f2ba6-af1e-4ce1-8468-4efe001cd6cc,0.0,0.0,0.0,0.0,0.0,0.0
66b390a0-ef8c-454f-80e4-16bd71340cb2,10.185213516666666,49.814786483333336,13.43883676527778,0.04449656805555504,425.38598872027785,0.0
e42c397c-5a68-4ce5-93d9-6cb2d578bc92,0.0,60.0,0.0,23.99972222222222,0.0,167.99805555555557
b3e0fc2a-f7f1-4e56-9349-c876e0a878c7,0.0,0.0,0.0,0.0,0.0,0.0
42c049ef-59a3-456b-8a9d-733e82332f9a,0.0,0.0,0.0,0.0,0.0,0.0
60e3e5ab-c51e-4533-b333-cff5aa757bcf,0.0,60.0,8.21414424,0.1191890933333333,215.4527750697222,0.0
43c284be-c9eb-404c-b1d7-af4dbab7949d,0.0,0.0,0.0,0.0,0.0,0.0
176c3e3f-a943-47ae-b3d4-7012b8336010,0.0,0.0,0.0,0.0,0.0,0.0
231509d0-8d4e-403b-93e3-c804e79b9c66,0.0,0.0,0.0,0.0,0.0,0.0
1d26f85f-0d1a-4153-9baf-23f38b8d32bd,0.0,0.0,0.0,0.0,0.0,0.0
da12b62a-1ad1-443b-86f6-42fdc972d37f,26.253870483333333,33.74612951666667,12.441893418055555,3.308106581944444,417.45447904055555,0.0
30dce4f3-a024-442f-bd1c-7b0eeb545b09,0.0,0.0,0.0,0.0,0.0,0.0
0eb76f7a-284b-4d02-8a21-c35ceefaeced,0.0,60.0,0.0,11.5,0.0,82.48333333333333
06857628-a6fb-4218-9812-ec54eba499bd,0.0,0.0,0.0,0.0,0.0,0.0
f00d8a04-a07c-4db0-9812-f18a5b2612d4,0.0,0.0,0.0,0.0,0.0,0.0
18d8cfca-165d-4f17-aa62-38114cf20c93,0.0,60.0,0.0,11.5,0.0,80.5
b1f2bc63-7297-48cb-ac8b-1443c6519201,20.979497783333333,39.020502216666664,13.811900728611112,0.18782149361110997,420.217239153611,0.0
7b45816f-b9fe-4fd6-8630-9d487f85f5e0,0.0,0.0,0.0,0.0,0.0,0.0
6ba525ca-fcd5-499e-a830-3c9dd5d19380,0.0,0.0,0.0,0.0,0.0,0.0
92921c12-2ae9-4a4e-a8b5-054070c143c2,10.472982400000001,49.5270176,13.464459327500002,0.035262894722220356,425.02477856833326,0.0
cfa4cfdc-6a36-4ffe-9000-74df4181fb5b,0.0,60.0,0.0,13.999722222222223,0.0,97.99805555555555
13673d18-6f54-44fd-b2ed-e93b1ee1e119,0.0,0.0,0.0,0.0,0.0,0.0
b3fb15de-9b6c-409e-baf2-971ecf957163,36.33746251666666,23.662537483333335,13.318204157222223,0.0,423.45016695916667,0.0
c3d48786-b47f-4d1e-af47-777de16db681,0.0,0.0,0.0,0.0,0.0,0.0
22ee3c7b-0d17-4a65-b84f-68afd74edcf2,0.0,0.0,0.0,0.0,0.0,0.0
0784b45b-19ed-4e45-b825-dde04b19783b,0.0,60.0,0.0,7.921868626388889,0.0,67.96666666666667
b94ec4d0-884e-4da4-82f0-f55c6fcc83f0,0.0,60.0,0.0,8.92186862638889,0.0,60.5
7d9177c4-27ca-42a2-8915-b94057fd7cdf,48.5174968,11.482503199999996,27.69279227027778,0.0,698.9986800975,0.0
05a0b087-7b21-4991-8d39-1c0f973e3c8a,0.0,0.0,0.0,0.0,0.0,0.0
7b07749e-3a74-4b86-8d39-1cb4e0fef4c9,0.0,0.0,0.0,0.0,0.0,0.0
de41deb3-c348-445e-8171-c78a07d8eb49,3.2808131166666663,56.719186883333336,13.906905891666668,0.014962734722222296,423.54055883305557,0.0
10d4d8bc-13bf-46b9-a75b-149276c0fab7,46.44648923333333,13.553510766666667,11.6058866425,0.0,309.82992705333334,0.0
a45d15a6-9cb8-46ae-80ce-2418a947709f,38.14893506666667,21.851064933333337,12.64039822888889,4.10960177111111,501.95025071916655,0.0
d68519ed-0b3d-42d5-873e-37b13cdb6573,27.197612499999998,32.8023875,13.014838821111113,0.0,350.09160238361113,0.0
eeeee0ab-4d27-4816-930e-3397cef61a17,0.0,60.0,0.0,24.0,0.0,1.0
8e577fae-49d3-4cfd-ae99-80801e911986,38.35675368333333,21.643246316666666,23.37370237805555,0.6260198441666701,681.7011784063889,0.0
5f9d8db8-9b0c-43ba-b307-291ef88d25a1,0.0,0.0,0.0,0.0,0.0,0.0
ff36b220-0edf-44ae-959e-714c49f0cdb1,0.0,0.0,0.0,0.0,0.0,0.0
5efb1ef1-f1bb-4f45-9661-5f2b1a08dd81,0.0,0.0,0.0,0.0,0.0,0.0
851f441c-d42d-4d36-a18c-f787d4ec91d1,0.0,0.0,0.0,0.0,0.0,0.0
b94ab157-fd6b-4ef6-a9db-a32deeba71d6,41.0767799,18.9232201,14.457505435555554,0.0,422.95873537583327,0.0
a36f611c-9c69-4a0e-858d-414179bd4869,0.0,60.0,0.0,24.0,0.0,1.0
8d2550a7-8d0b-44f4-a70e-5474d2a0dd2b,39.874103350000006,20.125896649999998,8.6582120575,1.0917879424999997,248.57929459666664,0.0
25740b54-09e2-4af9-807a-b3b91333fb62,34.74448555,25.255514450000003,9.56787153611111,2.265461797222223,346.08871110333337,0.0
48663c9b-9072-4b05-8216-e62ba8e3bdcc,0.0,0.0,0.0,0.0,0.0,0.0
39951338-1558-430b-8047-5c14378f40e7,15.5756711,44.4243289,10.634088985833333,2.365633236388888,342.6337234280556,0.0
1e78ba1c-b4db-4c4e-a7b5-5feab2f11fca,0.0,0.0,0.0,0.0,0.0,0.0
beb09eae-997d-4e3b-9760-d479ccea5adb,0.0,0.0,0.0,0.0,0.0,0.0
9fdd5bc3-fae5-4595-9a9f-dd163d90e1e9,21.048181216666666,38.95181878333333,13.813920366944444,0.1858018552777786,426.2264643847223,0.0
109a59be-022c-4ff7-9520-c3462dee42b1,33.96600243333333,26.033997566666667,13.238646286666667,0.0,423.1763913191667,0.0
c5e8a80f-77b4-4ea7-8f4d-13d1ad5b32bd,21.76796615,38.23203385,12.837327664444445,0.16267233555555624,421.2977460175,0.0
0d7d9253-2314-4797-814f-d283a3cebc00,35.99891601666666,24.001083983333334,10.306260063611111,2.6937399363888894,420.4100699333333,0.0
26e635f0-c9a9-43d6-98f2-a18ce50a193b,0.0,0.0,0.0,0.0,0.0,0.0
8a8e9e92-3822-4d44-9c2f-be4f3e656600,31.950892566666667,28.049107433333333,12.536855512499999,11.446477820833334,473.6463304205554,0.0
c129334c-ff33-4222-887f-3c80da9b4d1b,0.0,60.0,0.0,12.0,0.0,85.96666666666667
53583def-3de2-4f4f-8da1-149bcef220f2,4.318981,55.681019,7.073818740277778,0.8480498861111109,164.06093125972225,0.0
bae93b3c-2344-4e50-9817-7d1c037eefb9,0.0,0.0,0.0,0.0,0.0,0.0
2db032fd-6992-45ef-abfc-b4fbae390554,0.0,0.0,0.0,0.0,0.0,0.0
5557b47e-c56b-4392-b68d-405f6336d93a,0.0,0.0,0.0,0.0,0.0,0.0
7275966b-fcd1-476a-a30e-c44dc3816067,0.0,0.0,0.0,0.0,0.0,0.0
c5cc038f-eecb-4a09-b765-1123be3151fa,0.0,0.0,0.0,0.0,0.0,0.0
0f2070b7-9ac9-4e56-9c2a-0abf16f10c80,0.0,60.0,0.0,8.92186862638889,0.0,70.99944444444445
d7838c3c-b7cb-4b20-bc5b-78f31d5c5a70,33.64423025,26.35576975,13.22918827888889,0.0,416.74923841611115,0.0
7090f542-6336-4856-8211-8427a250f668,0.0,60.0,0.0,24.0,0.0,1.0
da86ec4a-8565-4435-aebf-a9b850203299,0.0,60.0,0.0,12.983333333333333,0.0,90.98166666666667
84e00fe4-c550-41a6-a7c3-0e10cb76441f,29.0091733,30.9908267,27.021687414722223,0.0,696.2280967641666,0.0
33103a96-acc2-4605-9fa8-10363dc900fb,0.0,60.0,0.0,12.0,0.0,85.96666666666667
e0290810-7243-4e37-ab01-4e1ac8f995e9,0.0,0.0,0.0,0.0,0.0,0.0
ead054c4-5290-4e3c-a84f-626f0f029902,0.0,60.0,0.0,12.999722222222223,0.0,90.99805555555555
04f696a6-bb96-44da-83f6-aba3df0db6dd,0.0,60.0,0.0,24.0,0.0,1.0
393ecb38-b87e-4d82-95fe-5c195ab5e410,18.011787333333334,41.98821266666667,9.288454228611112,4.211545771388889,325.75782167583327,0.0
f1e8a224-4732-46a3-96c5-b698bfe98ff0,0.0,0.0,0.0,0.0,0.0,0.0
6a3a970d-9ef6-4154-9b72-6923afa85b59,0.0,0.0,0.0,0.0,0.0,0.0
93932764-61cb-46b7-86c5-c6151d292858,37.86098428333333,22.13901571666667,12.635614734444443,3.1143852655555566,434.3532082005555,0.0
38595ef9-e254-4c0d-83ba-111dedd83ce2,0.0,0.0,0.0,0.0,0.0,0.0
a4454956-2526-48e4-9906-492d4dd43708,53.21532945,6.784670550000002,18.841928485555552,0.0,454.6144509661112,0.0
3ec733ab-7e15-4e48-8789-e5007946af47,30.19385361666667,29.80614638333333,11.096716555,2.3866167783333325,353.0358796791667,0.0
85728d2c-4c3a-4771-b000-42d89347d372,0.0,0.0,0.0,0.0,0.0,0.0
fe4d6193-1364-4540-a472-4060fde22ef9,0.0,60.0,0.0,11.5,0.0,80.5
1d25f311-78be-4f50-b85b-d7da4e6c3127,0.0,0.0,0.0,0.0,0.0,0.0
f03c16f1-a573-4c9a-96a2-79c9c4d87ba9,42.21547566666666,17.784524333333334,12.706420146388888,3.293579853611112,417.33145462166675,0.0
f74fc445-3876-4b59-a378-1b079c1fc5ef,15.474006716666667,44.525993283333335,13.632114971944443,0.0,417.22567533194444,0.0
18ba50bd-7919-4700-8b78-6fd936fe542c,0.0,0.0,0.0,0.0,0.0,0.0
433ea222-be9d-41a4-8b13-cf8dfd229d0d,0.0,0.0,0.0,0.0,0.0,0.0
79532de3-2b67-4377-bc99-fe9f0da9de03,0.0,0.0,0.0,0.0,0.0,0.0
a65bf621-0814-4625-9ca5-ff5888fe4434,0.0,60.0,0.0,15.5,0.0,88.46666666666667
67391a2e-bd02-4a1b-99a0-759ae1c3eff3,0.0,0.0,0.0,0.0,0.0,0.0
5781faf8-5057-453a-8ed8-47948fa21ac2,0.0,0.0,0.0,0.0,0.0,0.0
6252824b-0b1e-4030-925d-3637060c5275,0.0,0.0,0.0,0.0,0.0,0.0
6dcbc1f0-6809-4432-95a4-3ecb4bdb86db,0.0,0.0,0.0,0.0,0.0,0.0
56b66b62-1350-4f60-a63f-c0f2ca841750,0.0,0.0,0.0,0.0,0.0,0.0
c32238a2-a4ce-4e3c-97a7-6275d62a1348,0.0,0.0,0.0,0.0,0.0,0.0
1090c19c-95ef-4c1b-a631-71f84202883d,0.0,0.0,0.0,0.0,0.0,0.0
8f8ce392-eea6-41fc-a21f-f464866ce890,36.743557116666665,23.25644288333334,14.315376493888888,0.0,428.41366672611105,0.0
dd48e457-b41e-4c9f-ac2f-0c823606f120,2.9765902,57.023409799999996,12.652416525,0.0,382.627244046389,0.0
8cef0356-e52f-42a9-8deb-2545bb7e1853,10.437463866666667,49.56253613333333,13.464357103333334,0.0353651188888883,413.03244892083325,0.0
de965fd6-3c71-4a6f-895b-2f2a2cbeb2b1,0.0,60.0,0.0,23.99972222222222,0.0,167.99805555555557
10fa468b-85e0-4f87-a521-f07b3a7e9c68,0.0,0.0,0.0,0.0,0.0,0.0
ff2549cb-a3ff-4b2f-8431-4a6123daa408,0.0,0.0,0.0,0.0,0.0,0.0
cb5db9f2-3e2c-45fd-8d31-2e9f43bba973,3.96791245,56.03208755,13.231994771666665,0.751338561666669,418.6345762294444,0.0
73a46451-ebc5-498c-ab85-1d6c48cf227a,0.0,0.0,0.0,0.0,0.0,0.0
9ff46a28-16de-43cb-af33-264f12aae3be,0.0,0.0,0.0,0.0,0.0,0.0
14e34985-6519-489f-abcc-9f8923812fa9,0.0,60.0,0.0,24.0,0.0,1.0
083ed017-8335-4f5a-a366-c5bef530a704,43.92101838333333,16.07898161666667,10.534153171944444,0.0,279.2706896352779,0.0
2a77eaed-c15e-4886-b8d3-69c9aa5fc9f5,21.146995483333335,38.85300451666667,13.817082138055556,0.1826400841666671,426.22594532749997,0.0
160c8d91-9eca-4487-ac3d-cbaf13a8a247,0.0,60.0,0.0,23.99972222222222,0.0,167.99805555555557
048b2d55-9b75-4d3c-bdba-d6036879a70a,0.0,0.0,0.0,0.0,0.0,0.0
19580c6f-8261-40e7-b6c3-9b3c37078d3c,32.38936223333334,27.610637766666667,13.186834338055554,0.0,392.50731433111116,0.0
50df9ae8-7e41-46e5-87f8-302335746eb9,41.68123526666667,18.318764733333335,9.681844178611112,1.3181558213888882,325.01512132583326,0.0
0439a1d5-dc54-4711-97e8-1c4509105f92,0.0,0.0,0.0,0.0,0.0,0.0
b6caf2dd-b4c1-4c41-8670-a5859c575fe0,0.0,0.0,0.0,0.0,0.0,0.0
2748b92b-8e2d-4ba5-a706-8a8cd5920ec0,0.0,0.0,0.0,0.0,0.0,0.0
e4e5a663-c422-4175-be32-49fdd55e988c,0.0,60.0,0.0,23.983333333333334,0.0,167.88333333333333
a64ff40f-2fb3-446d-9efe-dfc36a31a202,44.404648466666664,15.595351533333337,8.733326677500001,0.18854194888888842,218.0741912475,0.0
2a07b2ca-79ba-4efe-b5b3-13f0942857c2,0.0,60.0,0.0,24.0,0.0,1.0
44f3f195-7185-4dc5-be0e-836dc0aa7ecd,37.75710475,22.24289525,12.633919801388888,3.3660801986111113,434.59383792499995,0.0
937b33f4-3ec5-45bb-8200-7e32652648dd,0.0,0.0,0.0,0.0,0.0,0.0
db08742c-fe1e-4a70-bee5-ec1e4f9cb7bf,0.0,0.0,0.0,0.0,0.0,0.0
6281fa5b-f007-47b3-9548-792aaa491920,21.302247733333335,38.69775226666666,13.82228768111111,0.1774345411111123,420.25388078194436,0.0
079c8703-2de8-4e41-a0db-7c8b192dc05c,10.185438683333333,49.81456131666667,13.45564426277778,0.04407795944444337,425.01813091083324,0.0
e6b7d714-65e3-405b-aab6-a64414ab37d1,34.846166833333335,25.153833166666665,9.569278964444445,14.430443257777778,332.02901081694444,0.0
b260f34d-b55b-4bbc-b5e2-1b0eca63275c,0.0,0.0,0.0,0.0,0.0,0.0
bfdaeb7c-8bba-4763-a675-9d8e4e2ad5e5,0.0,0.0,0.0,0.0,0.0,0.0
94d9f1ed-166d-4863-8e8a-5d5dda04ad5c,25.945349566666668,34.05465043333333,12.436729974444447,3.3132700255555534,403.3735251713889,0.0
bbc97678-76a9-46e0-8aef-12bbb847dbd2,0.0,0.0,0.0,0.0,0.0,0.0
75b1d483-33af-4b1a-a818-138921cb8fa2,33.5085841,26.4914159,14.224290266388888,0.0,421.73607198277773,0.0
abc9f096-aa34-45f7-883d-0840d3907ac5,8.234672216666667,51.76532778333333,13.390748860833332,0.10897336138888931,402.5956037683334,0.0
23ce14f0-6c3f-4bc3-b9ee-337f2ae7831b,38.01342211666667,21.986577883333332,12.637876829444444,4.112123170555555,501.8842686741666,0.0
46df0fc6-d2bf-4b09-adc9-940f2f197abc,33.0867795,26.9132205,9.918127809722224,0.0,281.9413811477778,0.0
91faae8a-b42d-4bee-a13e-5a67df639db9,0.0,60.0,0.0,23.99972222222222,0.0,167.99805555555557
0066c6a3-6a89-40a1-b11f-64526666c771,0.0,0.0,0.0,0.0,0.0,0.0
8f6898ca-6dbf-4aa3-b543-d5a89b6c72c7,39.93304656666667,20.06695343333333,23.40753564361111,0.5757976897222236,681.9050740108333,0.0
89ae011b-4597-4210-9e31-e412e1aae85a,0.0,60.0,0.0,24.0,0.0,1.0
56a24f9f-ae26-497e-b702-aa2ba94aa3cc,0.0,60.0,12.004330123611112,2.9956698763888885,203.85758498833334,0.0
245c62b9-24c3-4eb0-bd52-993ba85a087b,0.0,0.0,0.0,0.0,0.0,0.0
bc29bfe7-18ec-4266-93d4-457f230d48eb,21.37856683333333,38.62143316666667,12.824566872500002,0.1754331274999984,413.0648138527778,0.0
06fec79a-9873-488a-9c6b-494c8294924b,0.0,60.0,0.0,11.5,0.0,80.5
045d0d07-62dd-41bb-a14f-c36a147131dc,0.0,60.0,0.0,12.499722222222223,0.0,88.49805555555555
9062a987-9ba0-44ab-b728-c163d6455bd0,21.968636283333336,38.03136371666666,12.843993815000001,0.15600618499999958,421.3187528341667,0.0
6c5226bc-3688-40ed-be55-a5ae0195b9d5,0.0,0.0,0.0,0.0,0.0,0.0
da5a72ef-ba01-4316-8fc4-5b85cd0694e8,2.925814266666667,57.07418573333334,17.182015347222226,0.0,440.7827293477777,0.0
783bb455-e60e-44f7-bae3-adc03f7bed5a,4.59772475,55.40227525,13.269920407222223,0.22980181499999972,424.38078854527777,0.0
ba12769e-c79d-40ee-a37d-a4b2f2dbc2da,21.211208283333335,38.788791716666665,12.81988494527778,0.18011505472221973,413.0436504472223,0.0
b00dd9e1-858e-4768-9cb2-1b29f7b22197,0.0,0.0,0.0,0.0,0.0,0.0
4fa5cfbf-8ab1-4607-b4cc-949980403e05,0.0,60.0,0.0,24.0,89.03899926,0.0
d6655148-c5ea-4a61-a96e-47860ee8b63a,0.0,60.0,0.0,11.0,0.0,79.98333333333333
c1a56bf3-7f2c-4696-bef5-263a38abbb19,0.0,0.0,0.0,0.0,0.0,0.0
2af0f0db-a799-43ae-8eea-5aa0b6c41c68,8.636687716666668,51.363312283333336,13.404782710277779,0.09493951194444283,424.8265097222222,0.0
19d6f935-5013-4756-aa27-cb5028b7d9be,0.0,60.0,0.0,11.5,0.0,75.98333333333333
d7ded922-1733-4a41-a6f1-1b0c213b7864,0.0,0.0,0.0,0.0,0.0,0.0
cb35c0db-d71a-4f5c-bbff-6e34b0843eaa,0.0,0.0,0.0,0.0,0.0,0.0
0ebda6ee-4b42-4c26-b374-7e3b5c17a84e,26.93040638333333,33.069593616666666,12.4534257,3.296574299999999,431.78023482777786,0.0
efbe0980-233a-498a-99a5-62e46b79a1ca,0.0,0.0,0.0,0.0,0.0,0.0
2249dfc1-f685-4b84-a073-e254a394fbb7,0.0,0.0,0.0,0.0,0.0,0.0
c404e701-5110-42f6-806c-f617a4eb6eb1,4.322262666666666,55.67773733333333,9.059882178333332,3.940117821666667,349.79522182333335,0.0
7a65455a-0645-4100-bca8-f3569cf55d95,23.705358116666666,36.294641883333334,9.383422916111112,2.1165770838888887,326.28388058250005,0.0
92e352c8-793e-4661-9814-a7e77dedd233,0.0,60.0,0.0,12.0,0.0,86.99916666666667
d2ac11ee-86d7-47de-ae79-193a5127f333,21.285432566666667,38.71456743333333,13.820845039722222,0.17887718250000034,420.25349509888883,0.0
d5d1acb2-4a75-47cf-ab39-369022d60821,38.39397405,21.606025950000003,12.644921897500002,2.6050781024999985,432.67615017249994,0.0
44c607ca-ecb0-44a2-92bb-b386f29ec4de,22.089797216666668,37.91020278333334,9.35659719638889,2.476736136944443,327.67216178027786,0.0
e7138d31-1550-4e51-a2b7-b142c2406a15,0.0,0.0,0.0,0.0,0.0,0.0
7011b2be-1ed4-448e-8565-702e2740dd8e,16.323207633333332,43.67679236666666,5.338423004166667,0.16157699583333346,267.7879484847222,0.0
dab745ed-4612-4c69-b1aa-301e03a554d8,0.0,0.0,0.0,0.0,0.0,0.0
a6de50fe-43e6-4cad-860c-f0f264e991f4,0.0,60.0,0.0,24.0,0.0,35.5
c7b7eb66-567b-4deb-aa0c-bdc312ef8a68,19.996963666666666,40.00303633333333,10.76296795222222,2.2203653811111126,343.2073981325,0.0
9650679e-c15c-4338-b0f5-bccf72c75277,0.0,0.0,0.0,0.0,0.0,0.0
52cadb16-bea0-40b9-b0e9-200b9d99258e,0.0,0.0,0.0,0.0,0.0,0.0
a5cb9628-6a3b-46ca-b584-e170c984bc46,0.0,0.0,0.0,0.0,0.0,0.0
dabd2847-3fe0-42a9-afe5-259e92df78d7,0.0,0.0,0.0,0.0,0.0,0.0
a4d20d76-fa31-408d-9528-18b0757c60a4,0.0,60.0,0.0,11.0,0.0,79.98333333333333
67bd5fdb-a7bd-41cc-af5b-4a8f40dff144,0.0,60.0,0.0,7.999722222222222,0.0,62.998333333333335
8d61b170-86e2-451a-8c91-c92b90d023b5,22.44298613333333,37.557013866666665,9.362521888611111,3.637478111388888,383.9036210675,0.0
6c084ef6-dd1f-49d8-a3b8-46b2f92a7d6a,51.10023158333333,8.899768416666666,10.843631609722221,0.6563683902777787,341.0673244302778,0.0
b89ffced-b8eb-4c72-8bed-ba5f4975933d,0.0,0.0,0.0,0.0,0.0,0.0
85d408de-2184-46cd-9d43-eb47d16337e1,26.3213794,33.6786206,12.442848379722223,2.557151620277776,429.1774216919444,0.0
8642d3a5-6b92-4026-b4a6-cfb107bd75b8,8.805845866666667,51.19415413333333,13.410048535277777,0.08967368694444505,424.86064678222226,0.0
747dc140-73fc-4bfd-ab72-14796596529f,0.0,60.0,0.0,13.999722222222223,0.0,97.99805555555555
4a4738f7-545e-4c59-b0d6-7b70b416541a,0.0,0.0,0.0,0.0,0.0,0.0
53bd266b-8730-4378-8602-cf0fde317cb0,0.0,0.0,0.0,0.0,0.0,0.0
23362646-06b6-432d-8217-2691f581fa20,24.3574549,35.6425451,13.90435018,0.07898315333333408,409.0386125080555,0.0
b0bf2679-bc55-40aa-9375-8a340e0b6b1e,5.7317549166666675,54.26824508333333,9.083534308333332,3.9164656916666667,337.86904624833323,0.0
f538790e-57b2-4e10-8dd3-40d36ecc93e7,0.0,0.0,0.0,0.0,0.0,0.0
603a1d53-fe65-405a-8271-fc8f3f669a39,38.43975593333333,21.56024406666667,12.64632596388889,3.3536740361111113,434.67956415555557,0.0
806ef901-1394-43f5-8d07-2e15abd068e7,21.6939973,38.3060027,12.835241152500002,0.1647588474999975,421.28906533861107,0.0
093e1a63-a8d3-4148-8b17-af25e84c261c,0.0,0.0,0.0,0.0,0.0,0.0
d81809d3-082a-4d87-8429-b84a5dd3cd7c,0.0,0.0,0.0,0.0,0.0,0.0
bc99681a-5fb8-4b63-b86f-f6e88051004d,0.0,60.0,0.0,23.99972222222222,0.0,167.99805555555557
2dc45b49-de3c-4438-afdc-93ff4e851b2d,0.0,0.0,0.0,0.0,0.0,0.0
73469764-54fa-4fd6-aa92-572fe558ade6,0.0,60.0,0.0,11.5,0.0,80.5
52d16df1-5583-4055-ae15-e41d4a6986f4,0.0,0.0,0.0,0.0,0.0,0.0
f5db9d9e-5f57-4a92-9c98-52f742eaa417,32.00350735,27.99649265,9.632171776666665,0.11782822333333469,289.4352483469445,0.0
009c0a31-4856-4f4b-a2a1-a53145db6f45,8.200218016666666,51.79978198333333,13.389813771388887,0.10990845083333423,424.77597467472236,0.0
facc4a1b-4247-4ec7-943a-4fcae8a3e03a,0.0,0.0,0.0,0.0,0.0,0.0
7d0bf834-04c7-44d1-95e0-acab1134866d,0.0,60.0,0.0,6.577853595833333,0.0,60.498333333333335
24ca8d18-6ac4-46b9-8eae-d8122a51b05f,15.782495666666668,44.21750433333333,12.642453031388888,0.3575469686111117,333.76574316527774,0.0
60044008-e274-43fe-82ab-b4a9eac49396,0.0,0.0,0.0,0.0,0.0,0.0
870b01aa-b8bf-4536-877d-9b220ce4b8dc,0.0,0.0,0.0,0.0,0.0,0.0
d1b302f4-5593-4482-b410-61c5ad784dbf,0.0,60.0,0.0,7.999722222222222,0.0,55.99805555555555
2f0e266c-90ef-4571-a7de-5462fc0ca229,0.0,0.0,0.0,0.0,0.0,0.0
ef0c955a-e47e-44ec-87f8-ad349f2a0918,0.0,0.0,0.0,0.0,0.0,0.0
4dca9a9f-f326-4f54-b504-e321481e9d41,27.66835255,32.33164745,10.97195538861111,0.0,307.4437975061112,0.0
c99aa7cf-53e7-496e-9f21-a301eca6a779,6.866357016666667,53.13364298333333,13.328850596111112,0.15448273722222236,424.9867023127778,0.0
b96763b2-10a6-468d-aef7-6ee3763d5e9b,0.0,0.0,0.0,0.0,0.0,0.0
7db1c008-8945-41ef-a5d1-1d8b1cae2a8a,0.0,0.0,0.0,0.0,0.0,0.0
ae7324cb-f34d-438c-bb48-a3367a3983b3,49.37421905,10.625780949999998,27.721830755833334,0.0,699.1152873908336,0.0
b506b2e6-b690-422a-9f97-0d87f2e5ae6f,0.0,0.0,0.0,0.0,0.0,0.0
06d9f6cb-6700-44e1-a69c-88d5aa76850b,0.0,0.0,0.0,0.0,0.0,0.0
65b99c31-f97b-4860-a0cd-f6c489a623d9,0.0,60.0,0.0,5.499722222222222,0.0,77.74805555555555
45e1810f-80e7-49a0-a8da-2dc9afc85c94,14.444354033333333,45.55564596666667,9.228801935277778,1.7711980647222219,346.4930020722222,0.0
bf2f1be3-e503-454b-94c3-9fa50e407c42,0.0,0.0,0.0,0.0,0.0,0.0
e2e7a7ca-5b59-4165-9fa5-8f551a3d02fe,15.238511516666668,44.76148848333333,13.60801204361111,0.0,425.99185682416675,0.0
73d73b4a-dd88-4280-8243-537207950de5,33.22119036666667,26.77880963333333,9.542306576388887,2.791026756944446,328.8406068141667,0.0
bec1f028-bbf5-4bd6-94e0-f3dbc601926b,8.65531345,51.34468655,10.404440364166666,2.5952818580555563,383.07608714111126,0.0
a6ed4324-d793-41fd-91af-bca2141a234d,42.579173366666666,17.42082663333333,11.476491529722223,0.0,309.37483054777766,0.0
2ecae814-21ce-46a7-8e15-71c358026d35,34.00007225,25.999927749999998,12.570968795833334,3.4290312041666664,434.11353065750006,0.0
f53adfbe-7229-4098-bf4b-a1b242a3aa6c,44.635623833333334,15.364376166666663,10.55620038388889,0.0,285.3843198669445,0.0
b9236bb8-ad33-49a8-9381-184cd2f7b4dc,43.16335505,16.836644949999997,10.508166677222224,0.0,292.1550498927778,0.0
4935cd2b-649e-4069-9b9b-b0da68f30796,0.0,60.0,0.0,24.0,0.0,35.5
d01c40c7-61b0-42ec-a4ca-30de8bf778a8,0.0,60.0,0.0,7.999722222222222,0.0,62.998333333333335
57cc7137-8459-4030-a305-5220e518bc3d,0.0,0.0,0.0,0.0,0.0,0.0
de5e90d1-cb9f-4723-84ed-becfb1756c9e,0.0,0.0,0.0,0.0,0.0,0.0
8dfbaa4e-0799-4124-a866-34a38e410733,21.44078508333333,38.55921491666666,12.824450133055555,0.17554986694444474,413.06465345222216,0.0
1eec5906-b650-4945-b43e-e0f8183b25e8,25.830648583333335,34.169351416666665,9.418872392222221,3.5811276077777783,350.43928317944443,0.0
a4a7614f-5dca-4afb-ad4d-3a7540201f4e,0.0,60.0,0.0,24.0,0.0,1.0
681204cc-bde2-403c-9a58-fb1a4c29e48d,0.0,0.0,0.0,0.0,0.0,0.0
b4e95812-bc54-43dc-9f8f-842e27facfee,0.0,60.0,0.0,12.999722222222223,0.0,96.99805555555555
fe4e40d3-9fc4-4c37-bd19-ea2f20768b0b,0.0,60.0,0.0,24.0,0.0,35.5
8bd540c4-b468-4af0-bd44-840b0ef674d8,0.0,0.0,0.0,0.0,0.0,0.0
7ff24893-e2d0-4f31-8a41-e585fcede561,0.0,0.0,0.0,0.0,0.0,0.0
70fd9c2f-a3ce-4632-8a47-4fd277cd37aa,21.866288583333336,38.133711416666664,12.8406990725,0.15930092749999958,421.30765257027775,0.0
9c847bae-6fbd-4003-871e-1cc58ca675df,0.0,0.0,0.0,0.0,0.0,0.0
713f2d3e-91a4-4907-b02e-55e81df146cf,0.0,0.0,0.0,0.0,0.0,0.0
f8888beb-8b5d-4b97-b392-330645d64fc6,42.45064371666667,17.549356283333335,27.475235590833343,0.0,698.0618640708334,0.0
fffefad8-f538-44f5-a774-3cf2b3b225ba,0.0,60.0,0.0,24.0,0.0,168.0
393451d4-cb96-47a7-885a-c31980e3c1f1,0.0,0.0,0.0,0.0,0.0,0.0
b8f03a52-c088-4b51-8a19-922da4670c73,0.0,0.0,0.0,0.0,0.0,0.0
149aab93-d9ff-4b44-89a9-d24558fe51fc,0.0,60.0,0.0,7.921868626388889,0.0,67.96666666666667
610edb56-2baa-4f9b-84ae-37ec2ca87ff3,0.0,60.0,0.0,7.0,0.0,69.0
70a30f8a-6bfd-41c6-bc86-4ca3417c4546,0.0,60.0,0.0,12.999722222222223,0.0,90.99805555555555
fb7d515d-264c-4527-be85-f524f264cbfe,32.86108325,27.13891675,14.203170256111113,0.0,421.64458154861114,0.0
26f3184e-5a12-4dc3-af7a-0c32560570e9,0.0,0.0,0.0,0.0,0.0,0.0
fc7f6788-0082-40b2-b41d-c4c6f62e54e0,0.0,0.0,0.0,0.0,0.0,0.0
01ec731b-b8d5-4de7-a557-2d78816129f9,0.0,60.0,0.0,12.0,0.0,85.96666666666667
ef324889-d677-494b-b149-6de470526bb7,21.34476205,38.65523795,13.823330740833335,0.17639148138888736,441.22439276111106,0.0
82c89282-fe68-4543-bcea-191c68c6dece,0.0,0.0,0.0,0.0,0.0,0.0
0eae663e-bccd-48a3-a998-ef33853be2e1,0.0,0.0,0.0,0.0,0.0,0.0
a0c7ab8a-e503-4a36-b1e5-ff113e482222,0.0,0.0,0.0,0.0,0.0,0.0
72d445f9-ef1d-4afe-a237-f108170eb374,0.0,60.0,0.0,11.75,0.0,85.71666666666667
9c993cf9-0465-4c92-bae7-0af2500b6e3c,0.0,0.0,0.0,0.0,0.0,0.0
0635382c-90bb-4fc0-ad07-1fd196e03aab,0.0,60.0,0.0,12.999722222222223,0.0,90.99805555555555
074d5280-f7ed-4071-9697-88ab3af8bb62,40.64538828333333,19.354611716666668,10.425621419444443,0.0,287.77412448305546,0.0
6a6d57bd-42df-4ec3-8ced-4711fa83c7d7,26.64353111666667,33.356468883333335,12.451724403611111,2.548275596388889,429.2662909316666,0.0
892d420a-d831-407d-8147-632fd25d5406,0.0,0.0,0.0,0.0,0.0,0.0
dad7a8d3-d729-409e-9693-f3c05bc5b6a3,0.0,0.0,0.0,0.0,0.0,0.0
23b352bf-6016-4b34-96cd-1d155ce1ccac,15.2707551,44.729244900000005,9.242821423333332,2.5905119100000005,327.49490160805556,0.0
0165ef34-3a7d-4e1f-870d-20a63d8fbcb3,4.28839255,55.711607449999995,12.259014224444444,0.740985775555556,419.7161050872222,0.0
f34b5124-d482-43fa-9884-d00ddd087ac9,0.0,60.0,0.0,11.5,0.0,80.5
4458ec57-14d8-4d32-996d-db0065a8a45f,0.0,0.0,0.0,0.0,0.0,0.0
af2dd64a-a149-4c74-98ec-d729a5193880,22.881454616666666,37.118545383333334,9.369552716666666,2.130447283333334,326.20644711694445,0.0
66b6029c-5a29-4330-99f9-1c2c39e2dee7,0.0,60.0,0.0,11.5,0.0,80.5
094c0921-98a0-4b04-ada0-52f0f6622e22,0.0,60.0,0.0,24.0,0.0,35.5
5dde34ff-9ee5-408c-a435-62d0db4d355f,0.0,0.0,0.0,0.0,0.0,0.0
db1c027c-89c8-4082-8342-ceb66fc54514,0.0,0.0,0.0,0.0,0.0,0.0
60c8237f-8a6d-41a0-bc21-e5e14fd1e6fd,0.0,0.0,0.0,0.0,0.0,0.0
a55e84f1-15ac-4c11-987f-c058f22f0eed,32.118407383333334,27.88159261666667,11.160433812777777,2.3228995205555556,353.2499356766666,0.0
c1e575b4-7d3a-479f-b279-c8355d970181,19.38476445,40.61523555,13.743687432777778,0.0,426.4217949080556,0.0
0cb18ddb-c9e1-497f-9229-99752e41144f,43.5990637,16.400936299999998,12.521274089722223,0.0,314.11227093611114,0.0
2893fbf9-90a8-43de-8aa8-ec4e3a5602f2,26.95212655,33.047873450000004,12.45375477222222,3.546245227777779,433.2662628452779,0.0
952090f7-9e9b-4a46-93c1-307dc8419cf1,36.2015448,23.798455199999996,11.31338643111111,2.1863357911111114,353.4256443100001,0.0
63dbd228-89e6-4784-911a-ba89105d0500,0.0,0.0,0.0,0.0,0.0,0.0
a7125ff3-49cd-4637-af07-00161aeabdc4,0.0,0.0,0.0,0.0,0.0,0.0
182d4ce2-2a39-4ee5-8a62-bd066f927f56,16.2201096,43.7798904,13.639092223611108,0.0,426.06807419694445,0.0
d15d285e-c3e4-4a89-b187-69742acec1b7,0.0,60.0,0.0,10.0,0.0,72.0
dd1914c4-326c-4dad-96bb-78eefbb7b225,0.0,60.0,0.0,9.17186862638889,0.0,65.5
71817b8b-841f-40c1-ae14-391e2c0dc44b,17.779116900000002,42.2208831,12.707127153888889,0.29287284611111114,421.32360990861116,0.0
a4d6a924-6481-4cfa-b142-5b047aab277d,0.0,0.0,0.0,0.0,0.0,0.0
564982f9-53e1-403a-9486-d9fb7af6672f,0.0,0.0,0.0,0.0,0.0,0.0
94c61177-ace0-4fc5-9c56-59318ec2274e,0.0,0.0,0.0,0.0,0.0,0.0
45434a95-c6fb-40d6-8184-20407a23d9cd,0.0,0.0,0.0,0.0,0.0,0.0
14cf47b9-7d0b-4184-aa05-e7c01681dd2c,0.0,0.0,0.0,0.0,0.0,0.0
280e6720-a5e3-4351-b019-0b4ac686e34e,27.2821997,32.7178003,12.45951657888889,3.54048342111111,433.2910180530556,0.0
b3258d79-257f-4e26-ae50-1b16f6cfb7a0,5.967118116666667,54.03288188333333,9.087487832499999,2.9125121675,324.57019487277773,0.0
b76e292d-737b-4a76-835a-9a8b753b2cb5,0.0,60.0,0.0,12.0,0.0,85.96666666666667
9e12cf37-9ef1-4ae0-8ddb-12260b905af6,0.0,60.0,0.0,24.0,0.0,168.0
31faf575-56c6-4547-a0d0-381ad76a54c3,0.0,60.0,0.0,23.99972222222222,0.0,167.99805555555557
dea3684a-87be-43db-86b1-6f6b72ffdfe3,0.0,60.0,0.0,13.0,0.0,90.0
e2d6ecd1-344c-4447-8618-eeb6cdabac67,0.0,0.0,0.0,0.0,0.0,0.0
84d08052-f8f6-4d77-93b3-99ebb61e849d,0.0,0.0,0.0,0.0,0.0,0.0
a337d6b6-5fe0-443e-936c-60f4ddf4c2a3,0.0,60.0,0.0,11.25,0.0,80.25
7114b5a3-3192-483e-9580-50a624a057bd,26.340482116666667,33.659517883333336,9.428199564722222,2.0718004352777784,326.5545341583333,0.0
55ca721b-2f61-40f1-8222-386988f1f9bf,24.909294983333332,35.09070501666667,12.939855374722221,0.060144625277779494,421.6613773855556,0.0
f5bc404b-d0a6-4e29-b5ce-13cb35493164,0.0,60.0,0.0,12.0,0.0,85.96666666666667
52389027-bfc9-497f-a74e-dc227a782dfd,0.0,0.0,0.0,0.0,0.0,0.0
c4809c05-8c76-4f39-a691-d3b527a58654,0.0,0.0,0.0,0.0,0.0,0.0
ae1ef208-1a3e-4ea7-aaa4-d24047763444,22.27311693333333,37.72688306666667,12.375431376111111,2.374568623888889,410.72020426194433,0.0
0d78c700-8921-4abb-982d-a2c8284d1bec,0.0,0.0,0.0,0.0,0.0,0.0
35dfe96f-da5c-4c75-b119-f120edc170e6,0.0,0.0,0.0,0.0,0.0,0.0
23aafcdd-a5c8-4c2b-a0e3-e0d23e08bfc3,0.0,0.0,0.0,0.0,0.0,0.0
08a80ec8-2f56-4462-aa33-4792249cc456,0.0,60.0,0.0,12.0,0.0,86.99916666666667
e20ad392-e4e1-438c-9db5-d85b03bffdf3,0.0,60.0,0.0,24.0,0.0,1.0
4f3c40e0-74fc-4b9c-82bb-fb58707a2a83,0.0,60.0,0.0,13.0,0.0,90.0
6f06d478-d8a5-4929-b6e3-e330018187e2,0.0,0.0,0.0,0.0,0.0,0.0
4701b4b5-01d7-42b1-b9f9-568db46a8b64,20.82870505,39.17129495,12.806560853333332,0.1934391466666683,421.1934782038889,0.0
034e20db-6a14-485a-810a-f9ca5d80116f,0.0,0.0,0.0,0.0,0.0,0.0
b59ead9c-c15f-4d5f-8dda-cd348ed5bc22,0.0,0.0,0.0,0.0,0.0,0.0
fcf6fd98-7a11-4e9b-92f5-dfdcc6f5cc25,43.53606525,16.46393475,10.521085028611111,0.0,292.2029623183334,0.0
41c438b4-8675-4ab7-bdc4-a64f810163b9,0.0,0.0,0.0,0.0,0.0,0.0
43c02b93-5b01-4116-b976-a5e7f7a2d54f,0.0,0.0,0.0,0.0,0.0,0.0
ae3a009e-b89d-4142-b142-fb99e631c91f,50.33056365,9.669436350000002,14.25639746111111,0.0,391.1816849505555,0.0
fc2b8a01-9291-4b09-a98a-738d2a9f4dca,28.304007033333335,31.695992966666665,11.033729328055555,2.449604005277779,352.82113499250005,0.0
092389b6-ad83-432b-9032-dbbfd9240ddd,0.0,60.0,0.0,13.5,0.0,90.5
98bd1a08-6c3e-4cc2-a808-d3a61b0d82f4,29.503463816666667,30.496536183333333,13.092161560833334,0.0,422.2075182605557,0.0
1b0539dc-9eb8-470f-8ed0-c728f71c778c,0.0,0.0,0.0,0.0,0.0,0.0
39ad4e49-204d-4315-be6e-fb5e5647c64c,20.687533466666665,39.312466533333335,12.797997149166669,0.20200285083333155,421.18149940611113,0.0
5db5ae52-f32b-4388-b3db-a9aa16623db7,0.0,0.0,0.0,0.0,0.0,0.0
f5fda814-fa6d-4627-b852-179b25e78fab,0.0,0.0,0.0,0.0,0.0,0.0
1a50eb14-0836-47ab-a782-a42d44a95999,0.0,60.0,0.0,13.499722222222223,0.0,94.49805555555555
38e291ce-7584-4dd1-aa6e-de43ef97b8b7,33.61083071666666,26.389169283333334,14.227783475555556,0.0,421.7398654994445,0.0
a1b91f50-3cc6-43ad-b803-5d179ea0a124,0.0,60.0,0.0,7.999722222222222,0.0,62.998333333333335
f3577721-412a-4fad-9967-27d50e5862c0,13.072930433333333,46.92706956666667,12.222076353333334,3.777923646666667,412.5369270463889,0.0
f75dcf24-ea4b-41e1-a908-6f8da16b32cd,41.324085350000004,18.675914649999996,16.2003660925,0.0,398.6591258711111,0.0
bcac3b69-f68d-45cf-9208-eb9368456c73,37.2654882,22.734511800000003,10.348869120277778,1.6511308797222228,340.6676614075,0.0
7f1df44f-0a2c-4d7a-914c-94629a8e4eb5,8.117742833333333,51.88225716666667,9.123364623611112,1.3766353763888886,105.68670048416666,0.0
6bda15c8-8226-44d7-a171-1c86e77e7fc6,8.064958166666667,51.93504183333334,13.385305156111112,0.1144170661111093,416.226935256389,0.0
1ae3f7cf-9d66-433f-999b-c723514f88a7,0.0,0.0,0.0,0.0,0.0,0.0
f48594fc-ff52-4f8b-82c4-b380aa50dc38,21.082231316666665,38.91776868333333,12.815190597222221,0.1848094027777794,415.23556274611116,0.0
d207de2b-fbd0-4f5f-bd01-f8702dd39379,0.0,0.0,0.0,0.0,0.0,0.0
e83a139c-9e4c-424a-9780-0c8d5895521f,27.53934275,32.460657250000004,6.446755669999999,4.053244330000001,91.07799871,0.0
3b6e1b4f-22aa-4951-b3c5-34da9374d7fa,0.0,0.0,0.0,0.0,0.0,0.0
c7090c65-0d64-4e18-8ac0-959cdb3dbbcf,0.0,0.0,0.0,0.0,0.0,0.0
63c5ac14-2d67-48d4-a68f-487cd9724e9b,0.0,0.0,0.0,0.0,0.0,0.0
a7b059fe-7bda-4944-8665-19d591464e5d,0.0,0.0,0.0,0.0,0.0,0.0
b3f44990-10d9-4906-97f6-c22b2f77b80a,0.0,0.0,0.0,0.0,0.0,0.0
97dd66d5-660c-48eb-8b5a-792c529ec4dd,0.0,0.0,0.0,0.0,0.0,0.0
d04ac7d4-a8bf-4361-89a7-4eabcce9c0a4,0.0,0.0,0.0,0.0,0.0,0.0
149e4691-a6da-49cd-bb81-97ba17c31cd4,22.411040033333332,37.58895996666667,9.361672161666668,1.1383278383333324,320.1637448472222,0.0
04303893-f2a7-4fc5-b28d-c8479c8cb081,37.36988456666666,22.630115433333337,6.610784501666667,4.389215498333333,247.7028847941667,0.0
0dbad7a9-23c3-4001-99e3-755de308e928,12.157797749999999,47.84220225,13.52165789388889,0.0,425.2284615383334,0.0
6fbb19b0-1bd2-4ccd-8c41-841c611a9d3d,33.0683926,26.9316074,14.209483947222223,0.0,421.67502061111117,0.0
ef80e4f5-6cba-413c-8f18-2b5cb7a17bcf,22.427895166666666,37.572104833333334,12.859082569166668,0.1409174308333321,378.8806904891666,0.0
31875f6c-fb5f-475b-9d97-9bd2d1398ac1,0.0,60.0,0.0,11.5,0.0,80.5
3bf22dfe-ba97-4988-b3d6-89d9effe16e7,10.014187,49.985813,13.444633226388888,0.0550889958333351,393.8802418013888,0.0
c454688d-9bc8-4e52-9d07-b5ae39234a72,0.0,60.0,0.0,12.999722222222223,233.30257543750002,0.0
88b6b82c-62ac-4331-bf5d-72e453a857cf,0.0,0.0,0.0,0.0,0.0,0.0
325d8143-1977-40d3-81d8-857f9c8f20d3,0.0,0.0,0.0,0.0,0.0,0.0
95a12b0a-2692-4558-b1c0-2abe3a8855f7,7.34118635,52.65881365,10.343907054444443,2.6394262788888896,341.45763486777776,0.0
6a2239d1-f29b-4028-bf34-36fb88e7d453,0.0,60.0,0.0,24.0,0.0,64.74916666666667
9cfbc6f0-d438-4796-b3de-a430831e11bf,34.54556538333333,25.45443461666667,10.21837259111111,0.03162740888888948,283.912315401111,0.0
257f6157-e7b4-443f-a6bd-2323da159be5,0.0,0.0,0.0,0.0,0.0,0.0
4dd10208-b7a6-45e0-9cc6-7c503a67a833,0.0,60.0,0.0,8.92186862638889,0.0,60.5
0099a890-b063-452b-a6fe-8bbd4f090be9,0.0,0.0,0.0,0.0,0.0,0.0
cbf5fc7c-3e18-430c-b470-4c5334a2a683,28.2677327,31.7322673,11.032152554444446,2.4511807788888875,352.81371022416664,0.0
6fd9fedf-0382-4bd6-9a2c-8021353b57d8,0.0,60.0,0.0,12.983333333333333,0.0,90.98166666666667
006c9910-9126-4bb9-b5d8-cd37bc14790b,0.0,60.0,0.0,24.0,0.0,168.0
b405971a-773d-4bd7-b0d5-1171b1533631,0.0,0.0,0.0,0.0,0.0,0.0
be31c03d-d136-4685-a759-c7f14ff6ef77,46.256322950000005,13.743677049999997,18.62069217138889,0.0,446.80679427916664,0.0
9461ad33-1fd6-4d31-8c10-1ce2750775a7,46.20621353333333,13.793786466666665,18.618792858055556,0.0,453.66816105805543,0.0
f366cb4c-bc87-47b7-80c9-56018009064a,0.0,60.0,0.0,11.5,0.0,82.48333333333333
b146dc6f-3513-47ab-86d3-dae553a61c01,0.0,0.0,0.0,0.0,0.0,0.0
533cee62-aa2a-4bf8-92cc-4e07fdaa32ac,0.0,0.0,0.0,0.0,0.0,0.0
19907551-d16f-4f59-bbb9-bc6f8e2a1f01,0.0,60.0,0.0,11.5,0.0,80.5
46bd0cf0-9b6c-485a-b355-7b9ec1b5c123,0.0,60.0,0.0,12.999722222222223,0.0,96.99805555555555
c3ce5dd2-f793-4f1c-b33f-81f88cd844b0,0.0,0.0,0.0,0.0,0.0,0.0
f2562eff-1b4c-4c69-a7ae-8b977b1d345f,0.0,0.0,0.0,0.0,0.0,0.0
72a5d033-c529-43bb-9f19-b9d02f5fb5b3,0.0,0.0,0.0,0.0,0.0,0.0
74f9eaa1-9990-422f-9278-4943e1206b24,0.0,0.0,0.0,0.0,0.0,0.0
a585aef6-baff-477d-941b-65a42fc580a0,0.0,0.0,0.0,0.0,0.0,0.0
5f58859f-95f8-43ae-96cb-cf4a88d0c7df,3.9028002833333333,56.097199716666665,12.069251806944445,3.9307481930555555,430.47141066111107,0.0
b0acf5a4-3a18-4967-a894-21d69c2a66c1,0.0,60.0,0.0,23.99972222222222,0.0,167.99805555555557
d8c80705-de1b-419a-8e0d-86bb34d29bff,0.0,60.0,0.0,8.92186862638889,0.0,60.5
d5a7d56d-3532-404a-a2d1-191dc2342426,0.0,0.0,0.0,0.0,0.0,0.0
dc33a5d7-35d2-4be0-bbf6-2ffb568c7df4,0.0,0.0,0.0,0.0,0.0,0.0
9d8f1a12-0ff6-4258-902e-94a3cf5e170b,25.050367533333333,34.949632466666664,9.405647058333333,4.427686275,327.9408742858332,0.0
264d0ce4-ddd4-488c-8939-1f0dd9ce1129,41.69270793333333,18.307292066666665,10.460784246666666,0.0,284.91857430666664,0.0
b8927548-bdef-4988-ad1c-58a1bfdc6556,0.0,0.0,0.0,0.0,0.0,0.0
3bea56d1-eaf1-4bb6-b393-592addccf71c,10.299622099999999,49.7003779,13.460236892222222,0.039485330000000735,376.2947637955555,0.0
ed41034b-f842-469d-8a15-9c6ce983ffa8,0.0,0.0,0.0,0.0,0.0,0.0
e29ad0f5-3ba8-423d-acb2-ac0e96defc90,31.9134046,28.0865954,11.152820055277777,2.3305132780555566,353.23277240527773,0.0
a76a4e96-a655-4110-adbe-393daa1d6532,0.0,60.0,0.0,13.92186862638889,0.0,91.0
4a5970bb-ab3b-4103-8bdd-d8604751d1ff,0.0,60.0,0.0,24.0,0.0,35.5
a388480b-0b36-41fc-8062-6de493c00cf9,0.0,0.0,0.0,0.0,0.0,0.0
58992d49-513c-4c08-bad5-132ec719afe0,7.512001233333334,52.48799876666667,10.212055541666665,0.0,304.7654791772222,0.0
582686e5-7f0b-4f28-ab8e-1febf1ec45b9,34.62539086666666,25.374609133333333,6.564540141388889,4.018793191944444,246.38164610833334,0.0
1b1cf7ec-0e22-4143-8552-76bb3335ff49,0.0,60.0,0.0,23.99972222222222,0.0,167.99805555555557
68d3cb00-f885-4802-880c-d8e0d951a5aa,0.0,60.0,0.0,23.99972222222222,0.0,167.99805555555557
dca3f03e-e836-4238-9ac3-6bedf5aa11df,0.0,0.0,0.0,0.0,0.0,0.0
1103179b-05dc-47e0-a64c-b3879aa096d7,0.0,60.0,0.0,15.999722222222223,0.0,111.99805555555555
3f686aed-e521-4214-afdc-2cc3eb78184c,0.0,60.0,0.0,10.5,0.0,75.5
e2d277e8-f4ec-4646-98de-d83ae816a95e,0.0,0.0,0.0,0.0,0.0,0.0
f3fbb62a-1fa2-4ae7-a67e-fc0e4374e894,0.0,0.0,0.0,0.0,0.0,0.0
7128047b-94d8-4226-8d8b-5259b5fb5383,0.0,60.0,0.0,13.999722222222223,0.0,97.99805555555555
686382fb-aeff-4f20-bbd2-055a251573d9,0.0,0.0,0.0,0.0,0.0,0.0
4306868a-8cfa-41a1-b975-21037cd94442,0.0,0.0,0.0,0.0,0.0,0.0
23d550f6-31df-4676-8c9d-74ca225bbd37,51.56018796666667,8.439812033333336,9.726955696388888,0.0,331.3360587638889,0.0
9d4a3f9e-37a5-4801-aa2c-114a03e7b5cf,0.0,0.0,0.0,0.0,0.0,0.0
b4439c93-5b15-43d0-8854-0b4067e26f67,0.0,60.0,0.0,12.983333333333333,0.0,90.88333333333334
78569346-b40d-45fa-88b1-37a228c592aa,0.0,60.0,0.0,12.0,0.0,84.0
9a2379da-e7ac-40f4-badd-d29d4075e763,4.250298916666667,55.749701083333335,14.056560091666668,0.0,328.9465338452779,0.0
eb55948d-5d54-45e0-ad0e-a5716b98fb37,0.0,60.0,0.0,6.75,0.0,53.25
a1838af4-71d2-40f3-98bd-001573fb7c2a,45.98957085,14.010429149999997,24.981227384444445,0.0,552.0168942361113,0.0
08d0a3e9-6f41-4b80-a014-00c1500397fa,0.0,0.0,0.0,0.0,0.0,0.0
b7792668-18b8-4f43-8b58-dc943e60ac70,0.0,0.0,0.0,0.0,0.0,0.0
bfe94125-700b-425c-9e84-e09d415cc5b7,0.0,55.31211758333333,0.0,7.999722222222222,0.0,55.99805555555555
1e04efda-f775-46f8-a5d5-2700490240a5,0.0,60.0,0.0,12.0,0.0,84.0
2a7cbe72-a537-460d-b421-44cd990895e5,0.0,60.0,0.0,10.5,0.0,75.5
481e1a6c-b045-45aa-a40f-e35b02a2037a,0.0,0.0,0.0,0.0,0.0,0.0
5c75c2b9-a165-4d3c-a58d-b06c6aad5664,0.0,60.0,0.0,23.99972222222222,0.0,167.99805555555557
da6a8a48-cf95-4fef-aef4-c4e7e41da8bc,0.0,60.0,0.0,15.999722222222223,0.0,111.99805555555555
388142ed-37bd-4ebf-8ccb-bc6d69bab5c2,41.05886986666667,18.94113013333333,24.77718807861111,0.0,551.3139870150001,0.0
3293d361-e237-4aaa-ae46-e593f4029891,0.0,0.0,0.0,0.0,0.0,0.0
d7564e8c-0edb-4e6f-aa64-c72b701e3c57,0.0,60.0,0.0,15.999722222222223,0.0,111.99805555555555
95acadc2-7b35-4318-b007-bda00ec5b16f,0.0,60.0,0.0,12.999722222222223,0.0,90.99805555555555
1445362d-45fa-4c3e-8b5e-ec560b5ea57c,0.0,60.0,0.0,8.999722222222223,0.0,74.99805555555555
6ef30445-b002-4c4e-beb2-e60db4d7a84f,0.0,60.0,0.0,8.5,0.0,73.0
c100a5e8-8e70-40d9-aaa4-1fd0a223ed4b,0.0,60.0,0.0,10.333333333333334,0.0,72.0
e5c86a78-02c7-4cc5-9952-344582f102d2,0.0,55.31211758333333,0.0,7.999722222222222,0.0,55.99805555555555
5b6b6ac0-d133-45c8-9bdb-24eaff3ba946,5.96043865,49.35167893333333,17.25780532,0.0,378.36697844027776,0.0
53217044-6958-41f4-ac83-664ec6561826,0.0,0.0,0.0,0.0,0.0,0.0
e1c238bb-c081-4884-998d-87a2e5dc7dcf,0.0,60.0,0.0,7.5,0.0,51.0
31adbc0c-6adb-4418-8b80-a05f27538be4,0.0,60.0,0.0,12.999722222222223,0.0,90.99805555555555
44e08cb7-bc49-43f1-98b2-97dcbffa119f,0.0,60.0,0.0,13.999722222222223,0.0,97.99805555555555
13a15f2a-f366-4061-a6d3-6f04820c7609,0.0,60.0,0.0,12.999722222222223,0.0,90.99805555555555
5d31e336-6014-447c-bd1e-bcc05563ef46,0.0,60.0,0.0,12.0,0.0,84.0
0b737678-e76a-405d-a13a-3715b3240199,0.0,60.0,0.0,13.999722222222223,0.0,97.99805555555555
42b541e7-93e6-48ca-b7df-24fdddba0371,0.0,0.0,0.0,0.0,0.0,0.0
08fbdf80-23c7-45ef-af61-4d96eef55939,0.0,60.0,0.0,13.999722222222223,0.0,97.99805555555555
dca37ba4-0b60-40e2-9b3d-b5bd0165575b,52.07303793333333,7.92696206666667,19.770915456111112,0.0,448.4575689672222,0.0
f85dc857-55e9-46f7-826d-ce70d1cbf074,0.0,0.0,0.0,0.0,0.0,0.0
726af3fc-a917-408d-81f7-a7c073576d8f,0.0,0.0,0.0,0.0,0.0,0.0
2eb86c26-5f80-417d-b63d-d34a98af6fbf,0.0,60.0,0.0,12.983333333333333,0.0,90.88333333333334
410828e6-b8b4-46a0-aabf-8fe03e6f7a90,0.0,60.0,0.0,10.5,0.0,75.5
9d824bcd-b889-4067-ad3a-6fc4122fc754,5.9604937,54.0395063,23.263065485,0.0,546.3142567013888,0.0
a7c0a508-6081-4470-ba1b-0ee011be58c6,52.81945685,7.180543150000002,25.833230541111107,0.0,576.0107676238888,0.0
7b0c2503-0285-4359-9d39-78c9e186f3d3,0.0,0.0,0.0,0.0,0.0,0.0
ab337beb-cdd1-4b4a-9198-2a44e6d17e9d,0.0,60.0,0.0,10.333333333333334,0.0,72.0
2765186a-c911-4fe8-bf02-0023469ccc64,0.0,60.0,0.0,10.75,0.0,80.0
d289d61a-d4f3-4851-82ca-f8ac35d3abb8,50.01127661666667,9.988723383333332,12.843154670833334,0.0,300.57577935666666,0.0
b152506e-910a-49e9-8569-222c292963e9,0.0,0.0,0.0,0.0,0.0,0.0
1e401b39-db71-4b03-a14a-0dd90c1f23d5,0.0,60.0,0.0,13.999722222222223,0.0,97.99805555555555
a5259d44-0e43-450c-b1b5-c4637c5d3ccf,54.34908706666667,5.650912933333332,20.81905565055556,0.0,475.1685122247225,0.0
80f77772-530c-4d2a-aa43-58aa1f75ab15,49.54965833333333,10.450341666666668,9.334771785833333,0.0,314.5477710947222,0.0
c58ad4f9-2e5c-4fd3-9a86-d2795b091a56,2.4457281833333337,52.866389399999996,16.13829474222222,0.0,351.6587711555555,0.0
ab90bdb7-06fc-46a1-bd81-1cbf8843862f,0.0,0.0,0.0,0.0,0.0,0.0
eb20fad2-4856-493a-93a4-ea9935de4a71,0.0,60.0,0.0,11.0,0.0,80.96666666666667
d68adc47-5fad-483f-8b03-2a4458532602,52.98964993333333,7.0103500666666685,9.669236124444446,0.0,291.36433997,0.0
687f013f-0714-4744-9f2d-27a07ecd6df0,0.0,60.0,0.0,12.983333333333333,0.0,90.88333333333334
a5bc44ac-0628-480e-8e02-814b887700f8,0.0,0.0,0.0,0.0,0.0,0.0
a360e916-b282-410f-839b-b281d623aaf6,0.0,0.0,0.0,0.0,0.0,0.0
281f050a-c6b7-4f30-8793-6cff05268ab8,0.0,0.0,0.0,0.0,0.0,0.0
22e91e8a-5c29-4a2f-ae66-488829c0a68f,0.0,60.0,0.0,15.999722222222223,0.0,111.99805555555555
f69571d4-046c-4862-85d2-3dbf3e064b3e,28.391346633333335,31.608653366666665,18.97933859083333,0.0,408.93147616611117,0.0
f5ec1b1e-46f5-42f6-8d97-33e91a01dfad,0.0,0.0,0.0,0.0,0.0,0.0
924e2fde-1156-45ef-92a0-31fefcf5db9c,0.0,60.0,0.0,8.0,0.0,74.0
3c4d7b8b-8356-4181-bb5c-99c666fb40dc,0.0,60.0,0.0,8.999722222222223,0.0,74.99805555555555
ada61de6-ae55-41ac-afca-afe767d44fde,0.0,60.0,0.0,8.0,0.0,68.0
785383d7-20bd-4b8d-a62e-cd69b2c1d380,0.0,60.0,0.0,13.999722222222223,0.0,97.99805555555555
d8e407db-f58c-4de3-b307-339ddc755abf,0.0,60.0,0.0,12.983333333333333,0.0,90.88333333333334
6ae89082-26e3-4fa9-a061-ed7b45646f6f,0.0,60.0,0.0,24.0,0.0,168.0
80be47e4-8ac8-4731-a18a-9127f6b1adbb,0.0,0.0,0.0,0.0,0.0,0.0
53fa921b-4445-40a0-86e7-7765746ed738,0.0,60.0,0.0,12.999722222222223,0.0,90.99805555555555
7638cfd7-2925-4a2e-aaae-0b74bbbfe623,0.0,60.0,0.0,12.983333333333333,0.0,90.88333333333334
a3dbeade-cb4d-4a73-aebb-c886e83b72ca,0.0,60.0,0.0,12.983333333333333,0.0,90.88333333333334
b02e5816-56c6-4bef-9405-98de50839eba,0.0,60.0,0.0,15.999722222222223,0.0,111.99805555555555
6c6a2de8-ed69-46c3-baa8-8d85a723cdc8,47.74014651666666,12.259853483333336,15.032422844166666,0.0,316.83689872027776,0.0
4fa24ac7-06d3-43d5-bf10-8a51db871f5b,0.0,60.0,0.0,8.999722222222223,0.0,74.99805555555555
b09a8e44-8412-47a2-ae7f-8baf2db02df3,0.0,60.0,0.0,10.333333333333334,0.0,72.0
f1b3b89a-6aaf-4080-bf62-85fb00c88492,0.0,60.0,0.0,13.499722222222223,0.0,94.48166666666667
f640024e-93cb-4e71-90ed-3699620cd3d4,0.0,60.0,0.0,8.999722222222223,0.0,74.99805555555555
09dd70d2-72d0-4269-b10b-739420acde31,0.0,60.0,0.0,8.999722222222223,0.0,74.99805555555555
f6df14f4-8942-42cd-8ce2-238682bdaa9b,0.0,60.0,0.0,10.5,0.0,75.5
0ab1cbc7-5cdd-439b-af54-557a14b55b56,0.0,60.0,0.0,8.999722222222223,0.0,74.99805555555555
9ba17e8c-0505-4fa1-8768-4237da32c4a2,0.0,0.0,0.0,0.0,0.0,0.0
7be89d19-e4ca-4c86-91b7-270717fd3aa3,0.0,0.0,0.0,0.0,0.0,0.0
ef06b3df-016f-46ae-bf0e-a4f29de45e26,0.0,60.0,0.0,12.983333333333333,0.0,90.88333333333334
1781bb96-25ae-40ed-b8eb-59d4ab812fd3,0.0,0.0,0.0,0.0,0.0,0.0
47f0a1f9-9b08-46b4-a9c6-17819f73bfa2,0.0,60.0,0.0,12.983333333333333,0.0,90.88333333333334
f5f70424-9832-4f5e-a28f-aa0dd56fa039,1.1493829333333332,58.85061706666667,22.59542319611111,0.0,511.61739990749993,0.0
9bc4ca49-6edb-412b-8b75-ce207dc6e6e0,0.0,0.0,0.0,0.0,0.0,0.0
ed4f7e02-62db-4cf5-8902-cf74fd79e422,0.0,0.0,0.0,0.0,0.0,0.0
00bcec56-84f9-4a91-a3b8-c63ba60c69fe,50.20784195,9.792158049999996,22.104444154166668,0.0,468.6003325950001,0.0
677a8848-b1f3-4ae7-9cb8-d46cb4ce0763,0.0,0.0,0.0,0.0,0.0,0.0
506c5ccb-b03c-4bcd-82a4-1ae57c1dd7a6,0.0,0.0,0.0,0.0,0.0,0.0
1e62e0bc-0737-4eaa-bf07-a58ac2f1ec36,0.0,55.31211758333333,0.0,7.999722222222222,0.0,55.99805555555555
09f658e0-10ee-469c-af5a-e44f74646cc3,0.0,60.0,0.0,12.0,0.0,84.0
3bcbfe52-03d7-41e0-b0b5-3c7d936561ec,0.0,60.0,0.0,13.499722222222223,0.0,94.48166666666667
954d5011-cf52-4c62-938f-a8234747b720,0.0,0.0,0.0,0.0,0.0,0.0
5fb61cba-1b38-428e-902b-2d7c576865e1,0.0,0.0,0.0,0.0,0.0,0.0
5f8b738c-5895-4b6c-bd47-f20cb9fac521,50.40393545,9.596064549999998,22.110459447500002,0.0,468.61418040916675,0.0
e44a419b-34db-462f-98e7-ce4932a74634,0.0,60.0,0.0,8.999722222222223,0.0,74.99805555555555
bf93f0fb-f641-4da9-9a5e-365700f90a7d,0.0,60.0,0.0,13.999722222222223,0.0,97.99805555555555
f773aa22-eac6-48d5-a77d-d004d5834fee,0.0,60.0,0.0,13.999722222222223,0.0,97.99805555555555
07a320ae-e5ee-4a3c-b78e-8e4529026189,0.0,60.0,0.0,8.5,0.0,68.5
3c74fa52-0019-4b1b-acfb-c2fa349b068b,0.0,55.31211758333333,0.0,7.999722222222222,0.0,55.99805555555555
3a603c8f-92ca-499a-a8cd-bd55735671a9,0.0,60.0,0.0,8.25,0.0,69.75
2144894d-3ef2-4722-955a-51bc6bb25578,0.0,0.0,0.0,0.0,0.0,0.0
55c016d5-6321-41b5-a84c-cb9238b3dfa7,50.29412335,9.705876649999997,19.593486784444444,0.0,411.93186879499996,0.0
f4f360c8-b869-4836-aad5-41ef26021c1b,0.0,60.0,0.0,10.333333333333334,0.0,72.0
1fd26682-da5c-44ef-b9b3-e56308f3e770,0.0,60.0,0.0,13.999722222222223,0.0,97.99805555555555
65a128d3-077d-4878-8322-adc407406455,45.215455033333335,14.784544966666665,19.577404766666668,0.0,447.60596941861104,0.0
ee89d5ef-fc34-4daf-a20e-9e8f1322dc05,0.0,60.0,0.0,8.999722222222223,0.0,62.99805555555555
5bcd1869-d419-478f-8b62-29f4e8756690,0.0,0.0,0.0,0.0,0.0,0.0
2811a6b0-ef93-4e4b-a9a5-50fc536756a3,0.0,60.0,0.0,15.999722222222223,0.0,111.99805555555555
a43f034e-bd63-4ea6-815e-6d77a7d284e5,50.977834916666666,9.022165083333334,19.722480841944446,0.0,448.3151583558333,0.0
4a7e1585-1981-4a84-a647-9cb82139558f,0.0,0.0,0.0,0.0,0.0,0.0
0b68a1f6-fe34-4812-b810-37057bb526a5,51.24431455,8.755685450000003,25.780444835555553,0.0,580.8604348230554,0.0
741951a3-7ccd-4234-b5a1-10a13fe84817,0.0,60.0,0.0,11.0,0.0,80.96666666666667
3b4a77fc-aaef-4f3a-86a8-c5293498aa18,0.0,60.0,0.0,12.0,0.0,84.0
8a2cb25f-7409-4a1c-a488-853ab258d13b,55.10640909999999,4.893590900000004,22.24150414777778,0.0,496.21661326555557,0.0
0ea9d2fc-17cf-4d77-9147-b4775864b5e1,0.0,60.0,0.0,24.0,0.0,168.0
899cecb4-bcf5-48a8-8c6f-b74be7837a9f,0.0,0.0,0.0,0.0,0.0,0.0
5e928290-8d31-4d2d-8e3f-81984111e78a,0.0,60.0,0.0,10.333333333333334,0.0,72.0
e47549cc-45e8-493f-884d-d7c7bc40411e,0.0,60.0,0.0,13.499722222222223,0.0,94.49805555555555
ec2e0fde-adae-4b4f-b2fc-7b5ff3a48ced,0.0,60.0,0.0,13.499722222222223,0.0,94.49805555555555
941ce057-1c7b-48b6-bf96-db0bae790ee7,0.0,0.0,0.0,0.0,0.0,0.0
c4bbd343-2202-433f-a428-7ddb9b12aa79,0.0,60.0,0.0,8.999722222222223,0.0,74.99805555555555
72a7653b-cb1b-4b27-96bf-856e080b52c1,0.0,60.0,0.0,10.75,0.0,80.0
789df178-9840-434e-9649-9aa95f85aed9,0.0,60.0,0.0,8.0,0.0,68.0
31c6b22d-d061-44c7-9c64-b20260bd6106,0.0,60.0,0.0,13.999722222222223,0.0,97.99805555555555
0c635edf-84f7-434f-a8bf-40354c2ab23e,50.783066866666665,9.216933133333335,25.26571061722222,0.0,552.743361795,0.0
c8bf5437-1047-4209-a932-15c30c8066a4,0.0,55.31211758333333,0.0,7.999722222222222,0.0,55.99805555555555
622f272f-2b3e-4be0-9494-8fed88268d87,0.0,60.0,0.0,12.0,0.0,84.0
550afe9d-9025-489b-8f46-2a37bcae0aa8,0.0,0.0,0.0,0.0,0.0,0.0
8e2e0717-e61c-40a5-b3cd-28e5a5de701a,0.0,60.0,0.0,12.983333333333333,0.0,90.88333333333334
66add33a-f9d7-45a4-a318-e4e3b1ba6439,0.0,0.0,0.0,0.0,0.0,0.0
a3da50c3-5de5-48c3-8fb7-e63c0881d099,0.0,60.0,0.0,8.999722222222223,0.0,74.99805555555555
9bb308ee-46ad-49ee-a69e-9184e1a63bab,48.14129041666667,11.858709583333333,21.96706618138889,0.0,468.23966431416653,0.0
1e53f864-f13c-4ce9-9a7a-f5c43db01f6d,53.37749476666667,6.62250523333333,25.838820978333334,0.0,581.149431911389,0.0
f8d68797-2323-47b7-919f-47951b6a108f,0.0,60.0,0.0,10.75,0.0,80.0
37227346-a922-4ee9-a2d2-962d293eceb2,0.0,60.0,0.0,10.333333333333334,0.0,72.0
430ba4e6-331e-4b2e-be40-0a264d9c8247,0.0,60.0,0.0,15.999722222222223,0.0,111.99805555555555
7643e697-28d7-45a0-ace7-4094d2a2cbab,0.0,60.0,0.0,12.0,0.0,84.0
5d69c49a-d779-4aa9-b32a-85b1cd070fde,0.0,60.0,0.0,12.983333333333333,0.0,90.88333333333334
132b73ef-0769-40d9-9b7e-b74b4b4a6158,0.0,55.31211758333333,0.0,7.999722222222222,0.0,55.99805555555555
fc43d054-ffa2-4715-a461-cbf250119994,50.0440748,9.955925200000001,15.119870511388887,0.0,317.14945470472213,0.0
8f817373-d50f-48d3-b8be-d250d907bdd5,0.0,60.0,0.0,10.5,0.0,75.5
b91c8987-0d4e-44a4-bb15-3811cdaf9f4b,50.658382350000004,9.341617649999996,15.366887120277775,0.0,357.3623113363888,0.0
2b914d4b-2638-4ba5-8e5d-a09ab82c0ddc,52.46825451666667,7.531745483333331,19.648007104166666,0.0,412.26355980861103,0.0
a0c119ad-b6c1-4488-89b7-bf93c24875e4,0.0,60.0,0.0,8.999722222222223,0.0,74.99805555555555
e021824c-6ab6-4027-b8af-6a0cf6a08f77,51.188871416666665,8.811128583333334,14.116746732777775,0.0,323.37635271916673,0.0
20a11303-5443-4c0d-b72c-7674c15d230c,0.0,60.0,0.0,12.983333333333333,0.0,90.88333333333334
e929ae0f-498d-41bd-9ce4-96bdbab2f562,0.0,60.0,0.0,13.999722222222223,0.0,97.99805555555555
f4a2eb29-4cd8-46bf-b338-c4dc3e31f0f9,6.669564483333334,53.33043551666666,17.283832644166665,0.0,378.1204288763889,0.0
02e9a94c-1f23-48b7-b040-f8a9ceae10b8,0.0,60.0,0.0,8.0,0.0,68.0
b406b00c-a9b9-42d7-99b0-7c42474ebd77,49.6695171,10.3304829,22.017068320277776,0.0,468.4486175008333,0.0
785ba5d7-9aa0-4925-a55c-5a6f9d996e8a,46.84291983333333,13.157080166666667,9.250093984444446,0.0,300.8178182391667,0.0
834ffdac-39f1-4c9d-880a-3d7e548fc895,0.0,0.0,0.0,0.0,0.0,0.0
5ea3d86c-2a41-49ca-b61f-72b345a34090,0.0,60.0,0.0,8.25,0.0,69.75
6c3c23cb-9957-482b-92d4-852de473c1fb,0.0,60.0,0.0,13.999722222222223,0.0,97.99805555555555
e756d3fd-2a9b-4376-a259-cbece75b3d4c,0.0,60.0,0.0,13.999722222222223,0.0,97.99805555555555
b855a988-2700-44a2-a6f2-ebbe44ca9474,0.0,0.0,0.0,0.0,0.0,0.0
4689758e-5f3a-46a7-abc6-da2f8f180865,49.49418453333333,10.505815466666665,9.333052720277777,0.0,319.19167074361104,0.0
5d9b6eab-fa87-4c6d-a814-94393369f126,0.0,60.0,0.0,10.333333333333334,0.0,72.33333333333333
df780386-eba1-45c4-9a33-a6fc44b43c90,0.0,60.0,0.0,10.75,0.0,80.0
2b106e20-c9c3-4a9b-b6a4-0b38a467e0a7,51.687622450000006,8.312377549999997,19.734443509166663,0.0,448.3950440452778,0.0
d3759e9f-abc9-4370-9bea-5af88c708544,0.0,60.0,0.0,10.333333333333334,0.0,72.0
baa60b43-b4ee-472b-93a1-397d5bb86bf2,0.0,60.0,0.0,8.0,0.0,68.0
50378e1c-1117-4ca6-888b-eb4155d9cd2b,2.3765073,52.935610283333325,16.135865038333332,0.0,351.64493173138897,0.0
3fb3d3cf-3fe7-4c7b-8474-26af5e25d756,0.0,60.0,0.0,10.75,0.0,80.0
48efb667-b873-4b86-b6f2-74a272b13cc4,27.436750883333332,32.56324911666667,18.984284862499997,0.0,445.20154675472224,0.0
610e6da3-8f35-4c0a-b40f-b428efc621ae,0.0,60.0,0.0,8.25,0.0,69.75
331c5996-72b9-485f-89cb-83ff27f2f4aa,2.311384,57.688616,19.615915404444443,0.0,433.9021437988888,0.0
898849d3-0e38-4114-995f-f67664fd897d,0.0,0.0,0.0,0.0,0.0,0.0
7325bbc5-19e2-470e-8486-8faeab19467d,0.0,60.0,0.0,15.999722222222223,0.0,111.99805555555555
10246e4f-d8fc-4cc3-bfa6-fe6635d91218,0.0,0.0,0.0,0.0,0.0,0.0
365c2d0d-3d07-4ac1-8fe5-a306142e94be,49.28631058333334,10.713689416666663,9.34790372611111,0.0,333.21973228777773,0.0
6037b035-3249-41c0-9236-218223fb87f4,0.0,60.0,0.0,10.333333333333334,0.0,72.0
79c3b00e-7cc6-4772-a9d8-bf3d35675151,0.0,60.0,0.0,24.0,0.0,168.0
899a56e2-5111-4ad0-9da1-0c96058c026a,0.0,60.0,0.0,12.983333333333333,0.0,90.88333333333334
db4b3efc-0367-47fd-a93a-fc6317a48764,6.55523425,53.44476575,17.280318871111113,0.0,377.9672543519444,0.0
5f5556a0-9f4d-490a-85a9-9f9d7c1c20f6,29.361457233333333,30.638542766666667,25.063012836944445,0.0,577.8569808669444,0.0
967a59af-e725-4c7e-bbe5-300de5203005,0.0,0.0,0.0,0.0,0.0,0.0
1274a4f9-fd6f-4eaa-99b9-a1e67a01e19b,0.0,60.0,0.0,8.0,0.0,62.0
a3742906-f8d1-462b-a185-952f6bf3a399,0.0,60.0,0.0,12.983333333333333,0.0,90.88333333333334
619d9edc-f7c7-4dfa-bf8a-9c11750b60ef,0.0,0.0,0.0,0.0,0.0,0.0
330d54f4-4428-4308-9d22-eb4b6dfcdd74,44.97194845,15.028051550000002,21.935523468055557,0.0,467.9029833497222,0.0
50e2ab2c-6c0f-42b9-923c-457987719de1,0.0,60.0,0.0,12.983333333333333,0.0,90.88333333333334
22b73d5b-62d6-42ef-8a0f-bbd06d3d1b17,0.0,60.0,0.0,8.0,0.0,74.0
31a05915-fa93-4cf2-875c-1d61f72fbbd8,0.0,60.0,0.0,8.25,0.0,69.75
117d42d1-5c27-47cf-a514-cd97b3b7b824,0.0,0.0,0.0,0.0,0.0,0.0
f49b56ef-d21f-4ea3-8227-cc6167a7988d,0.0,0.0,0.0,0.0,0.0,0.0
99fc81c0-e352-40df-a007-5e275777a610,0.0,0.0,0.0,0.0,0.0,0.0
4315436c-a97a-4dd4-87fe-121692326bf3,0.0,60.0,0.0,8.0,0.0,74.0
cd47ed30-3c57-4d84-a526-7ee41622b660,0.0,0.0,0.0,0.0,0.0,0.0
beb56757-9c5f-4cd5-abe4-ce9656c45368,0.0,60.0,0.0,10.333333333333334,0.0,72.0
a2e233e7-989a-4191-a73f-943a56916d3e,0.0,60.0,0.0,8.0,0.0,68.0
e1fc8173-3aca-43fc-b58e-ea41e4680ccd,0.0,60.0,0.0,8.0,0.0,68.0
8d5a6e17-ab15-4f70-b7bb-4219e859a92d,0.0,55.31211758333333,0.0,7.999722222222222,0.0,55.99805555555555
797563ed-b4bc-44fc-9fa9-4929b95ca0c5,47.638303316666665,12.361696683333337,15.3070133775,0.0,356.9777521394446,0.0
13b4c99f-e70c-43e8-95a4-ee242688c8f5,5.357034616666667,54.64296538333333,17.240022251944445,0.0,413.9225672930555,0.0
b69fd6f9-1ea9-4772-aadb-47f2318c4a7d,0.0,0.0,0.0,0.0,0.0,0.0
282c1b7a-52c9-4f26-9ace-f6bcc2cf7027,0.0,0.0,0.0,0.0,0.0,0.0
850c3070-bd8d-44e9-938b-da8a95233be1,49.029538816666665,10.970461183333335,25.713802341388888,0.0,580.2538987141666,0.0
4f0178f4-019a-477b-9cd4-eedba50fce36,0.0,60.0,0.0,8.0,0.0,74.0
5110dd88-077b-4af6-8690-8ad8fdba1641,0.0,60.0,0.0,10.75,0.0,80.0
c3678b52-7755-4384-8be8-468fb6698ab0,0.0,60.0,0.0,8.0,0.0,68.0
954a07b2-61de-4dea-8814-f70f45c05402,22.512811216666666,37.48718878333333,9.363359223611111,1.8866407763888897,326.6738037855556,0.0
52dde658-c5db-4676-9572-30a5fac56727,0.0,0.0,0.0,0.0,0.0,0.0
34c02ec3-5e35-4673-9744-3c9021f7fbe9,9.710820183333334,50.28917981666667,12.440233716111113,0.5597662838888876,414.43057554833337,0.0
f7878002-4f12-4a13-8d11-02f3430bbb3c,42.183765683333334,17.81623431666667,11.492283072222223,1.9910502611111103,346.2433026363889,0.0
70a6a6a6-eceb-4c7e-8f03-3cabdde2c831,32.32216705,27.67783295,11.166769126666667,2.3165642066666665,353.2737015605556,0.0
55653fa5-825c-4071-9add-0e71d8891e89,9.11809975,50.881900249999994,9.139979916944444,2.1100200830555553,323.4118455180556,0.0
41364aa0-3a50-4ce3-ade8-d96941810f10,39.559567666666666,20.440432333333334,11.410963636111111,2.0723696972222228,354.1010811311111,0.0
f2c3ff35-4650-4f3c-a96d-89c1855b9170,8.740001133333333,51.25999886666667,13.391493959444444,0.5918393738888881,419.25946788972226,0.0
77616672-6251-4142-b7fb-0475cd66d2f0,33.82955325,26.17044675,11.216955386666667,2.266377946666667,353.43929946388886,0.0
57cbcbe1-dc80-4584-87bc-d103f0741b06,10.9128019,49.0871981,13.463630240833332,0.019703092500001528,403.24365872583337,0.0
7d432a43-fc24-4f14-ba90-28c0da6aa7c0,32.87264738333333,27.127352616666666,9.536392825555556,2.2136071744444434,329.6708240675,0.0
20a3148f-f21d-49a1-8778-1c304ace404f,32.560630833333335,27.439369166666665,9.531031691111112,1.7189683088888887,327.63976071972223,0.0
0ba0bc0f-a65e-409e-b6e7-838021fc85d1,13.307230883333334,46.69276911666667,9.209709176666667,4.040290823333334,345.89092187472227,0.0
7c339aa3-ba90-456a-8bd0-ea24dd3f71ce,21.267450283333336,38.73254971666667,13.80420835611111,0.0,426.67926229583344,0.0
f70fcc46-8a01-44a3-a64e-a1086393f0ce,11.043546899999999,48.9564531,12.188478550833333,3.3115214491666665,409.2873493716666,0.0
20e2951f-bcf6-4bd8-b8ba-205549e62088,22.745675300000002,37.2543247,13.8529511325,0.0,426.8076623141667,0.0
bf878dd8-ab16-43eb-8c50-b90b5111b80c,33.22058915,26.779410849999998,14.19758161,0.0,422.04943662750003,0.0
03edf5ed-e502-47f3-8a4a-2fe6cd05a712,14.676348766666667,45.32365123333333,13.588951385,0.394381948333333,419.9417943455556,0.0
8949af6b-69ea-487e-888d-70ec104321d9,33.69562763333333,26.304372366666666,10.188717992499999,0.0,283.8188241291666,0.0
cc89b056-8433-4ec5-8d72-ed69f1150a5a,23.951140683333332,36.04885931666667,10.891123731111113,2.0922096022222205,343.74224564027776,0.0
684055a8-8cc8-4b07-8731-8feca7e39599,20.270256566666667,39.72974343333333,13.772119596944444,0.21121373638888852,420.5759515630555,0.0
b3d368f7-432c-4f80-877d-0c14d056a809,20.489590533333335,39.51040946666667,9.329785411666668,1.1702145883333328,319.98144533388887,0.0
2c8caeab-3275-4e5e-baea-2ba2b06a4efb,14.173884433333335,45.826115566666665,13.571974376111113,0.0,425.84399181333333,0.0
997cd76a-0619-45ad-98f1-f7be34906958,5.596088683333333,54.40391131666667,13.286161226944445,0.197172106388888,424.81441062000005,0.0
167129f3-0402-455e-9e15-a3f89e761cfb,12.327003966666666,47.672996033333334,12.526996483333335,0.47300351666666557,414.73396706333347,0.0
45546d9b-74d5-4418-9a08-0a8bb5f00be4,30.519814699999998,29.480185300000002,10.089428984444446,0.0,290.3586865016667,0.0
ec843efc-1a2a-497b-a3a2-b0e5a6b83dd6,5.038884416666666,54.96111558333334,9.071912993055555,2.1780870069444447,322.95595589611116,0.0
b61be1c1-8b71-404a-85c9-092869002590,14.5733847,45.4266153,9.231069867777776,0.7689301322222228,323.1084946377778,0.0
57e81c49-4a44-47c8-92e1-557ef5515004,38.76963021666666,21.230369783333337,9.635480157222222,1.6145198427777783,325.3201717591667,0.0
2b0a66e0-bbb2-4e33-8ad9-c0de32dd21cd,26.659187499999998,33.3408125,9.432686255555556,1.5673137444444445,325.58658090805557,0.0
1d96958a-5d5c-486b-9ebc-1930ab2a29ad,6.1398583166666665,53.86014168333334,9.090276600000001,1.1597233999999996,325.0890979058333,0.0
33827bf2-5513-4ba1-88d2-05d474b6d14c,8.945531149999999,51.05446885,9.137129064166666,0.0,315.88532966972224,0.0
74f360eb-3d3b-472d-ae35-1a148cc188de,8.199401483333334,51.80059851666667,9.124782269166667,3.1252177308333335,330.3073400430556,0.0
2665d6c3-7f9f-434b-9aa9-d36a2dd97366,38.691367050000004,21.30863295,11.37864121972222,2.1046921136111125,353.9854190580556,0.0
0625bc76-e197-47be-a81e-07f920acfed1,8.696891916666667,51.303108083333335,13.39015162638889,0.09318170694444335,425.21075958194444,0.0
4cbb1172-2e3c-4e3b-af41-1fcd95faf6df,11.2806196,48.7193804,9.176141509444443,2.073858490555556,323.6252342583333,0.0
99022b7d-c1ce-4cc6-8a66-e375d25973e7,6.037590316666667,53.962409683333334,9.088594191666667,2.9114058083333334,327.57920957472214,0.0
2312fd5a-a221-4eb2-8144-80597f8a1cdb,16.149755850000002,43.850244149999995,13.637309228333335,0.3460241049999988,420.1023605944444,0.0
70c75f98-9fce-442b-b712-ae443bddf2e0,0.0,60.0,4.612327370555556,2.387672629444445,155.34263603444444,0.0
4298071a-62fc-42fe-ad77-9fa8d35307e3,35.83021668333333,24.169783316666667,9.58559947888889,1.9144005211111108,327.4496962522222,0.0
5de1aabd-0a6a-4e7d-88ec-3e7528933a19,24.77620101666667,35.22379898333334,12.93622851277778,0.06377148722222045,416.144051311389,0.0
dda0bf4a-29ca-499e-9246-c52e989e4ae1,0.0,34.68788241666667,8.667861931944444,0.8321380680555558,249.29434889361107,0.0
909a5879-4a0e-452d-afac-174fe93c6f3c,13.238448683333333,46.76155131666667,13.540508781388889,0.0,425.7430165072222,0.0
3e47f93f-d560-40d5-a353-1250d738482c,23.15125941666667,36.84874058333333,9.374071732777777,1.6259282672222233,325.24234971055546,0.0
8dd4e9cf-5e1b-4b1d-b0c8-4e00be02d6e6,0.0,60.0,0.0,11.0,0.0,77.0
